  [rfly_replan t=0.0 big=1] gbest=334.6 | EKR=1.57 EKV=1.75 EBANK=1.04 ADEC=0.54 TLD=0.45 KDIV=0.55 KVN=1.10 IGN=1.27 TGL=0.13 KV=0.54
  [rfly_replan t=10.0 big=0] gbest=334.6 | EKR=1.57 EKV=1.75 EBANK=1.04 ADEC=0.54 TLD=0.45 KDIV=0.55 KVN=1.10 IGN=1.27 TGL=0.13 KV=0.54
  [rfly_replan t=12.7 big=0] gbest=735.5 | EKR=1.71 EKV=1.96 EBANK=0.89 ADEC=0.76 TLD=0.45 KDIV=0.42 KVN=1.19 IGN=0.86 TGL=0.28 KV=0.82
  [rfly_replan t=22.7 big=0] gbest=735.5 | EKR=1.71 EKV=1.96 EBANK=0.89 ADEC=0.76 TLD=0.45 KDIV=0.42 KVN=1.19 IGN=0.86 TGL=0.28 KV=0.82
  [rfly_replan t=31.6 big=0] gbest=735.5 | EKR=1.71 EKV=1.96 EBANK=0.89 ADEC=0.76 TLD=0.45 KDIV=0.42 KVN=1.19 IGN=0.86 TGL=0.28 KV=0.82
  [rfly_replan t=41.6 big=0] gbest=735.5 | EKR=1.71 EKV=1.96 EBANK=0.89 ADEC=0.76 TLD=0.45 KDIV=0.42 KVN=1.19 IGN=0.86 TGL=0.28 KV=0.82
  [rfly_replan t=51.6 big=0] gbest=735.5 | EKR=1.71 EKV=1.96 EBANK=0.89 ADEC=0.76 TLD=0.45 KDIV=0.42 KVN=1.19 IGN=0.86 TGL=0.28 KV=0.82
  [rfly_replan t=61.6 big=0] gbest=735.5 | EKR=1.71 EKV=1.96 EBANK=0.89 ADEC=0.76 TLD=0.45 KDIV=0.42 KVN=1.19 IGN=0.86 TGL=0.28 KV=0.82
  [rfly_replan t=71.6 big=0] gbest=735.5 | EKR=1.71 EKV=1.96 EBANK=0.89 ADEC=0.76 TLD=0.45 KDIV=0.42 KVN=1.19 IGN=0.86 TGL=0.28 KV=0.82
  [rfly_replan t=81.6 big=0] gbest=735.5 | EKR=1.71 EKV=1.96 EBANK=0.89 ADEC=0.76 TLD=0.45 KDIV=0.42 KVN=1.19 IGN=0.86 TGL=0.28 KV=0.82
  [rfly_replan t=91.6 big=0] gbest=735.5 | EKR=1.71 EKV=1.96 EBANK=0.89 ADEC=0.76 TLD=0.45 KDIV=0.42 KVN=1.19 IGN=0.86 TGL=0.28 KV=0.82
  [rfly_replan t=101.7 big=0] gbest=735.5 | EKR=1.71 EKV=1.96 EBANK=0.89 ADEC=0.76 TLD=0.45 KDIV=0.42 KVN=1.19 IGN=0.86 TGL=0.28 KV=0.82
  [rfly_replan t=111.7 big=0] gbest=704.3 | EKR=1.64 EKV=1.96 EBANK=0.92 ADEC=0.76 TLD=0.48 KDIV=0.43 KVN=1.01 IGN=0.51 TGL=0.04 KV=0.89
  [rfly_replan t=121.7 big=0] gbest=704.3 | EKR=1.64 EKV=1.96 EBANK=0.92 ADEC=0.76 TLD=0.48 KDIV=0.43 KVN=1.01 IGN=0.51 TGL=0.04 KV=0.89
  [rfly_replan t=0.0 big=1] gbest=476.8 | EKR=1.57 EKV=1.75 EBANK=1.04 ADEC=0.54 TLD=0.45 KDIV=0.55 KVN=1.10 IGN=1.27 TGL=0.13 KV=0.54
  [rfly_replan t=7.3 big=0] gbest=873.3 | EKR=1.34 EKV=1.93 EBANK=1.19 ADEC=0.50 TLD=0.28 KDIV=0.40 KVN=0.97 IGN=1.08 TGL=0.00 KV=0.50
  [rfly_replan t=17.3 big=0] gbest=830.9 | EKR=0.97 EKV=1.73 EBANK=1.29 ADEC=0.63 TLD=0.44 KDIV=0.40 KVN=0.94 IGN=1.15 TGL=0.00 KV=0.65
  [rfly_replan t=27.3 big=0] gbest=823.1 | EKR=0.98 EKV=1.65 EBANK=1.58 ADEC=0.56 TLD=0.43 KDIV=0.40 KVN=1.01 IGN=1.01 TGL=0.14 KV=0.54
  [rfly_replan t=32.6 big=0] gbest=754.2 | EKR=1.26 EKV=1.62 EBANK=1.49 ADEC=0.63 TLD=0.50 KDIV=0.41 KVN=0.95 IGN=0.96 TGL=0.03 KV=0.56
  [rfly_replan t=42.6 big=0] gbest=750.1 | EKR=1.38 EKV=1.58 EBANK=1.32 ADEC=0.61 TLD=0.55 KDIV=0.40 KVN=0.78 IGN=1.27 TGL=0.21 KV=0.58
  [rfly_replan t=52.6 big=0] gbest=608.0 | EKR=1.13 EKV=1.67 EBANK=1.18 ADEC=0.76 TLD=0.59 KDIV=0.40 KVN=0.85 IGN=1.30 TGL=0.10 KV=0.62
  [rfly_replan t=62.6 big=0] gbest=608.0 | EKR=1.13 EKV=1.67 EBANK=1.18 ADEC=0.76 TLD=0.59 KDIV=0.40 KVN=0.85 IGN=1.30 TGL=0.10 KV=0.62
  [rfly_replan t=72.6 big=0] gbest=608.0 | EKR=1.13 EKV=1.67 EBANK=1.18 ADEC=0.76 TLD=0.59 KDIV=0.40 KVN=0.85 IGN=1.30 TGL=0.10 KV=0.62
  [rfly_replan t=82.6 big=0] gbest=603.6 | EKR=1.16 EKV=1.31 EBANK=1.04 ADEC=0.77 TLD=0.53 KDIV=0.41 KVN=1.03 IGN=1.33 TGL=0.08 KV=0.63
  [rfly_replan t=92.7 big=0] gbest=577.8 | EKR=1.17 EKV=1.41 EBANK=0.93 ADEC=0.89 TLD=0.55 KDIV=0.40 KVN=1.08 IGN=1.24 TGL=0.10 KV=0.51
  [rfly_replan t=102.7 big=0] gbest=562.5 | EKR=1.38 EKV=1.50 EBANK=0.75 ADEC=0.74 TLD=0.39 KDIV=0.45 KVN=1.09 IGN=1.37 TGL=0.19 KV=0.66
  [rfly_replan t=112.7 big=0] gbest=562.5 | EKR=1.38 EKV=1.50 EBANK=0.75 ADEC=0.74 TLD=0.39 KDIV=0.45 KVN=1.09 IGN=1.37 TGL=0.19 KV=0.66
  [rfly_replan t=0.0 big=1] gbest=490.2 | EKR=1.50 EKV=1.03 EBANK=1.36 ADEC=0.48 TLD=0.39 KDIV=0.40 KVN=1.07 IGN=1.65 TGL=0.00 KV=0.50
  [rfly_replan t=10.0 big=0] gbest=490.2 | EKR=1.50 EKV=1.03 EBANK=1.36 ADEC=0.48 TLD=0.39 KDIV=0.40 KVN=1.07 IGN=1.65 TGL=0.00 KV=0.50
  [rfly_replan t=16.0 big=0] gbest=1198.1 | EKR=1.53 EKV=0.70 EBANK=1.39 ADEC=0.55 TLD=0.61 KDIV=0.41 KVN=0.93 IGN=1.59 TGL=0.21 KV=0.63
  [rfly_replan t=26.0 big=0] gbest=884.1 | EKR=1.66 EKV=0.85 EBANK=1.49 ADEC=0.56 TLD=0.82 KDIV=0.40 KVN=0.76 IGN=1.77 TGL=0.09 KV=0.59
  [rfly_replan t=30.6 big=0] gbest=504.7 | EKR=1.72 EKV=0.52 EBANK=1.55 ADEC=0.52 TLD=0.89 KDIV=0.40 KVN=0.74 IGN=1.82 TGL=0.29 KV=0.63
  [rfly_replan t=40.6 big=0] gbest=489.3 | EKR=1.79 EKV=0.30 EBANK=1.62 ADEC=0.55 TLD=1.05 KDIV=0.41 KVN=0.78 IGN=1.80 TGL=0.32 KV=0.79
  [rfly_replan t=50.6 big=0] gbest=455.6 | EKR=2.11 EKV=0.30 EBANK=1.39 ADEC=0.53 TLD=1.00 KDIV=0.42 KVN=0.55 IGN=1.87 TGL=0.59 KV=0.84
  [rfly_replan t=60.6 big=0] gbest=455.6 | EKR=2.11 EKV=0.30 EBANK=1.39 ADEC=0.53 TLD=1.00 KDIV=0.42 KVN=0.55 IGN=1.87 TGL=0.59 KV=0.84
  [rfly_replan t=70.7 big=0] gbest=455.6 | EKR=2.11 EKV=0.30 EBANK=1.39 ADEC=0.53 TLD=1.00 KDIV=0.42 KVN=0.55 IGN=1.87 TGL=0.59 KV=0.84
  [rfly_replan t=80.7 big=0] gbest=451.8 | EKR=2.14 EKV=0.30 EBANK=1.38 ADEC=0.52 TLD=0.95 KDIV=0.42 KVN=0.64 IGN=1.84 TGL=0.61 KV=0.79
  [rfly_replan t=90.7 big=0] gbest=432.6 | EKR=2.14 EKV=0.33 EBANK=1.38 ADEC=0.54 TLD=1.05 KDIV=0.40 KVN=0.73 IGN=1.83 TGL=0.54 KV=1.01
  [rfly_replan t=100.7 big=0] gbest=432.6 | EKR=2.14 EKV=0.33 EBANK=1.38 ADEC=0.54 TLD=1.05 KDIV=0.40 KVN=0.73 IGN=1.83 TGL=0.54 KV=1.01
  [imu] reference LOST t=110.08 float=x gimbal rates o/m/i = -45/3/2 deg/s (limit 45) MGA=6.1
  [rfly_replan t=110.7 big=0] gbest=432.6 | EKR=2.14 EKV=0.33 EBANK=1.38 ADEC=0.54 TLD=1.05 KDIV=0.40 KVN=0.73 IGN=1.83 TGL=0.54 KV=1.01
  [rfly_replan t=120.8 big=0] gbest=427.7 | EKR=2.09 EKV=0.67 EBANK=1.57 ADEC=0.50 TLD=1.13 KDIV=0.40 KVN=0.74 IGN=1.86 TGL=0.53 KV=0.92
  [rfly_replan t=130.8 big=0] gbest=427.7 | EKR=2.09 EKV=0.67 EBANK=1.57 ADEC=0.50 TLD=1.13 KDIV=0.40 KVN=0.74 IGN=1.86 TGL=0.53 KV=0.92
  [rfly_replan t=0.0 big=1] gbest=332.6 | EKR=1.68 EKV=1.66 EBANK=1.25 ADEC=0.40 TLD=0.30 KDIV=1.05 KVN=0.50 IGN=1.19 TGL=0.00 KV=1.41
  [rfly_replan t=10.0 big=0] gbest=332.6 | EKR=1.68 EKV=1.66 EBANK=1.25 ADEC=0.40 TLD=0.30 KDIV=1.05 KVN=0.50 IGN=1.19 TGL=0.00 KV=1.41
  [rfly_replan t=10.6 big=0] gbest=1366.7 | EKR=1.44 EKV=2.01 EBANK=1.14 ADEC=0.40 TLD=0.52 KDIV=0.91 KVN=0.50 IGN=0.97 TGL=0.00 KV=1.54
  [rfly_replan t=20.6 big=0] gbest=1132.5 | EKR=1.39 EKV=1.77 EBANK=1.12 ADEC=0.55 TLD=0.63 KDIV=0.89 KVN=0.50 IGN=1.47 TGL=0.01 KV=1.75
  [rfly_replan t=30.4 big=0] gbest=921.1 | EKR=1.43 EKV=1.29 EBANK=1.10 ADEC=0.60 TLD=0.70 KDIV=0.73 KVN=0.50 IGN=1.36 TGL=0.00 KV=1.57
  [rfly_replan t=40.4 big=0] gbest=913.7 | EKR=1.65 EKV=1.26 EBANK=1.31 ADEC=0.62 TLD=0.71 KDIV=0.68 KVN=0.51 IGN=1.29 TGL=0.00 KV=1.62
  [rfly_replan t=50.4 big=0] gbest=913.7 | EKR=1.65 EKV=1.26 EBANK=1.31 ADEC=0.62 TLD=0.71 KDIV=0.68 KVN=0.51 IGN=1.29 TGL=0.00 KV=1.62
  [rfly_replan t=60.4 big=0] gbest=913.7 | EKR=1.65 EKV=1.26 EBANK=1.31 ADEC=0.62 TLD=0.71 KDIV=0.68 KVN=0.51 IGN=1.29 TGL=0.00 KV=1.62
  [rfly_replan t=70.5 big=0] gbest=913.7 | EKR=1.65 EKV=1.26 EBANK=1.31 ADEC=0.62 TLD=0.71 KDIV=0.68 KVN=0.51 IGN=1.29 TGL=0.00 KV=1.62
  [rfly_replan t=80.5 big=0] gbest=913.7 | EKR=1.65 EKV=1.26 EBANK=1.31 ADEC=0.62 TLD=0.71 KDIV=0.68 KVN=0.51 IGN=1.29 TGL=0.00 KV=1.62
  [rfly_replan t=90.5 big=0] gbest=934.4 | EKR=1.65 EKV=1.26 EBANK=1.31 ADEC=0.62 TLD=0.71 KDIV=0.68 KVN=0.51 IGN=1.29 TGL=0.00 KV=1.62
  [rfly_replan t=100.5 big=0] gbest=815.7 | EKR=1.43 EKV=0.79 EBANK=1.36 ADEC=0.60 TLD=0.48 KDIV=0.71 KVN=0.50 IGN=1.26 TGL=0.17 KV=1.72
  [rfly_replan t=110.5 big=0] gbest=797.4 | EKR=1.18 EKV=1.13 EBANK=1.22 ADEC=0.40 TLD=0.32 KDIV=0.69 KVN=0.66 IGN=1.15 TGL=0.39 KV=1.66
  [rfly_replan t=0.0 big=1] gbest=621.9 | EKR=1.32 EKV=1.41 EBANK=0.73 ADEC=1.47 TLD=1.39 KDIV=0.69 KVN=0.50 IGN=1.35 TGL=0.18 KV=1.43
  [rfly_replan t=5.3 big=0] gbest=6568.4 | EKR=1.13 EKV=1.34 EBANK=0.68 ADEC=1.31 TLD=1.79 KDIV=0.83 KVN=0.72 IGN=1.46 TGL=0.34 KV=1.29
  [rfly_replan t=15.3 big=0] gbest=6568.4 | EKR=1.13 EKV=1.34 EBANK=0.68 ADEC=1.31 TLD=1.79 KDIV=0.83 KVN=0.72 IGN=1.46 TGL=0.34 KV=1.29
  [rfly_replan t=25.3 big=0] gbest=883.1 | EKR=1.36 EKV=1.34 EBANK=0.71 ADEC=1.29 TLD=1.82 KDIV=0.85 KVN=0.75 IGN=1.46 TGL=0.30 KV=1.32
  [rfly_replan t=35.3 big=0] gbest=883.1 | EKR=1.36 EKV=1.34 EBANK=0.71 ADEC=1.29 TLD=1.82 KDIV=0.85 KVN=0.75 IGN=1.46 TGL=0.30 KV=1.32
  [rfly_replan t=35.8 big=0] gbest=883.1 | EKR=1.36 EKV=1.34 EBANK=0.71 ADEC=1.29 TLD=1.82 KDIV=0.85 KVN=0.75 IGN=1.46 TGL=0.30 KV=1.32
  [rfly_replan t=45.8 big=0] gbest=883.1 | EKR=1.36 EKV=1.34 EBANK=0.71 ADEC=1.29 TLD=1.82 KDIV=0.85 KVN=0.75 IGN=1.46 TGL=0.30 KV=1.32
  [rfly_replan t=55.8 big=0] gbest=883.1 | EKR=1.36 EKV=1.34 EBANK=0.71 ADEC=1.29 TLD=1.82 KDIV=0.85 KVN=0.75 IGN=1.46 TGL=0.30 KV=1.32
  [rfly_replan t=65.8 big=0] gbest=883.1 | EKR=1.36 EKV=1.34 EBANK=0.71 ADEC=1.29 TLD=1.82 KDIV=0.85 KVN=0.75 IGN=1.46 TGL=0.30 KV=1.32
  [rfly_replan t=75.8 big=0] gbest=883.1 | EKR=1.36 EKV=1.34 EBANK=0.71 ADEC=1.29 TLD=1.82 KDIV=0.85 KVN=0.75 IGN=1.46 TGL=0.30 KV=1.32
  [rfly_replan t=85.8 big=0] gbest=883.1 | EKR=1.36 EKV=1.34 EBANK=0.71 ADEC=1.29 TLD=1.82 KDIV=0.85 KVN=0.75 IGN=1.46 TGL=0.30 KV=1.32
  [rfly_replan t=95.8 big=0] gbest=883.1 | EKR=1.36 EKV=1.34 EBANK=0.71 ADEC=1.29 TLD=1.82 KDIV=0.85 KVN=0.75 IGN=1.46 TGL=0.30 KV=1.32
  [rfly_replan t=105.9 big=0] gbest=883.1 | EKR=1.36 EKV=1.34 EBANK=0.71 ADEC=1.29 TLD=1.82 KDIV=0.85 KVN=0.75 IGN=1.46 TGL=0.30 KV=1.32
  [imu] reference LOST t=111.72 float=x gimbal rates o/m/i = 45/4/-5 deg/s (limit 45) MGA=-10.3
  [rfly_replan t=115.9 big=0] gbest=767.8 | EKR=1.41 EKV=0.97 EBANK=0.72 ADEC=0.85 TLD=1.78 KDIV=0.70 KVN=0.73 IGN=1.20 TGL=0.45 KV=1.01
  [rfly_replan t=125.9 big=0] gbest=767.8 | EKR=1.41 EKV=0.97 EBANK=0.72 ADEC=0.85 TLD=1.78 KDIV=0.70 KVN=0.73 IGN=1.20 TGL=0.45 KV=1.01
  [rfly_replan t=0.0 big=1] gbest=474.9 | EKR=1.27 EKV=1.41 EBANK=1.38 ADEC=1.75 TLD=1.52 KDIV=0.40 KVN=0.63 IGN=1.48 TGL=0.38 KV=1.17
  [rfly_replan t=10.0 big=0] gbest=388.9 | EKR=1.20 EKV=1.36 EBANK=1.50 ADEC=1.60 TLD=1.45 KDIV=0.41 KVN=0.64 IGN=1.48 TGL=0.36 KV=1.19
  [rfly_replan t=13.9 big=0] gbest=2007.7 | EKR=1.49 EKV=1.39 EBANK=1.27 ADEC=1.85 TLD=1.50 KDIV=0.40 KVN=0.53 IGN=1.43 TGL=0.44 KV=1.00
  [rfly_replan t=23.9 big=0] gbest=1864.3 | EKR=1.38 EKV=1.11 EBANK=1.40 ADEC=1.89 TLD=1.84 KDIV=0.40 KVN=0.76 IGN=1.28 TGL=0.37 KV=0.85
  [rfly_replan t=29.8 big=0] gbest=1325.6 | EKR=1.23 EKV=1.29 EBANK=1.44 ADEC=1.72 TLD=2.13 KDIV=0.40 KVN=0.62 IGN=1.00 TGL=0.50 KV=0.89
  [rfly_replan t=39.8 big=0] gbest=714.0 | EKR=1.20 EKV=1.88 EBANK=1.45 ADEC=1.73 TLD=2.16 KDIV=0.40 KVN=0.51 IGN=0.91 TGL=0.70 KV=0.95
  [rfly_replan t=49.8 big=0] gbest=463.7 | EKR=1.26 EKV=2.01 EBANK=1.24 ADEC=1.71 TLD=2.07 KDIV=0.41 KVN=0.51 IGN=0.84 TGL=0.62 KV=0.89
  [rfly_replan t=59.8 big=0] gbest=463.7 | EKR=1.26 EKV=2.01 EBANK=1.24 ADEC=1.71 TLD=2.07 KDIV=0.41 KVN=0.51 IGN=0.84 TGL=0.62 KV=0.89
  [rfly_replan t=69.8 big=0] gbest=463.7 | EKR=1.26 EKV=2.01 EBANK=1.24 ADEC=1.71 TLD=2.07 KDIV=0.41 KVN=0.51 IGN=0.84 TGL=0.62 KV=0.89
  [rfly_replan t=79.9 big=0] gbest=463.7 | EKR=1.26 EKV=2.01 EBANK=1.24 ADEC=1.71 TLD=2.07 KDIV=0.41 KVN=0.51 IGN=0.84 TGL=0.62 KV=0.89
  [rfly_replan t=89.9 big=0] gbest=463.7 | EKR=1.26 EKV=2.01 EBANK=1.24 ADEC=1.71 TLD=2.07 KDIV=0.41 KVN=0.51 IGN=0.84 TGL=0.62 KV=0.89
  [rfly_replan t=99.9 big=0] gbest=463.7 | EKR=1.26 EKV=2.01 EBANK=1.24 ADEC=1.71 TLD=2.07 KDIV=0.41 KVN=0.51 IGN=0.84 TGL=0.62 KV=0.89
  [rfly_replan t=109.9 big=0] gbest=463.7 | EKR=1.26 EKV=2.01 EBANK=1.24 ADEC=1.71 TLD=2.07 KDIV=0.41 KVN=0.51 IGN=0.84 TGL=0.62 KV=0.89
  [imu] reference LOST t=111.34 float=x gimbal rates o/m/i = -45/-1/-11 deg/s (limit 45) MGA=-5.0
  [rfly_replan t=119.9 big=0] gbest=431.1 | EKR=1.34 EKV=1.79 EBANK=1.09 ADEC=1.69 TLD=1.77 KDIV=0.73 KVN=0.50 IGN=0.59 TGL=0.51 KV=1.10
  [rfly_replan t=130.0 big=0] gbest=431.1 | EKR=1.34 EKV=1.79 EBANK=1.09 ADEC=1.69 TLD=1.77 KDIV=0.73 KVN=0.50 IGN=0.59 TGL=0.51 KV=1.10
  [rfly_replan t=0.0 big=1] gbest=560.6 | EKR=1.83 EKV=1.29 EBANK=2.10 ADEC=1.25 TLD=1.19 KDIV=0.65 KVN=1.16 IGN=1.46 TGL=0.10 KV=1.56
  [rfly_replan t=8.6 big=0] gbest=18675.7 | EKR=1.78 EKV=1.32 EBANK=1.96 ADEC=1.19 TLD=1.02 KDIV=0.78 KVN=1.30 IGN=1.07 TGL=0.05 KV=1.71
  [rfly_replan t=18.6 big=0] gbest=16155.4 | EKR=1.56 EKV=1.52 EBANK=2.04 ADEC=1.12 TLD=1.22 KDIV=0.96 KVN=1.14 IGN=1.00 TGL=0.20 KV=1.85
  [rfly_replan t=28.6 big=0] gbest=10891.7 | EKR=1.80 EKV=1.74 EBANK=2.14 ADEC=1.08 TLD=1.29 KDIV=1.04 KVN=1.28 IGN=0.83 TGL=0.06 KV=1.71
  [rfly_replan t=33.8 big=0] gbest=9681.0 | EKR=1.66 EKV=1.98 EBANK=2.02 ADEC=1.14 TLD=1.73 KDIV=1.13 KVN=1.32 IGN=0.87 TGL=0.29 KV=1.81
  [rfly_replan t=43.8 big=0] gbest=9150.2 | EKR=1.63 EKV=1.95 EBANK=2.16 ADEC=1.12 TLD=2.07 KDIV=1.07 KVN=1.12 IGN=0.91 TGL=0.33 KV=1.76
  [rfly_replan t=53.8 big=0] gbest=9089.5 | EKR=1.70 EKV=1.55 EBANK=1.90 ADEC=1.20 TLD=2.04 KDIV=1.19 KVN=1.01 IGN=0.93 TGL=0.31 KV=1.72
  [rfly_replan t=63.8 big=0] gbest=9089.5 | EKR=1.70 EKV=1.55 EBANK=1.90 ADEC=1.20 TLD=2.04 KDIV=1.19 KVN=1.01 IGN=0.93 TGL=0.31 KV=1.72
  [rfly_replan t=73.9 big=0] gbest=9089.5 | EKR=1.70 EKV=1.55 EBANK=1.90 ADEC=1.20 TLD=2.04 KDIV=1.19 KVN=1.01 IGN=0.93 TGL=0.31 KV=1.72
  [rfly_replan t=83.9 big=0] gbest=9089.5 | EKR=1.70 EKV=1.55 EBANK=1.90 ADEC=1.20 TLD=2.04 KDIV=1.19 KVN=1.01 IGN=0.93 TGL=0.31 KV=1.72
  [rfly_replan t=93.9 big=0] gbest=9089.5 | EKR=1.70 EKV=1.55 EBANK=1.90 ADEC=1.20 TLD=2.04 KDIV=1.19 KVN=1.01 IGN=0.93 TGL=0.31 KV=1.72
  [rfly_replan t=103.9 big=0] gbest=8790.6 | EKR=1.56 EKV=1.28 EBANK=1.94 ADEC=1.27 TLD=2.36 KDIV=1.19 KVN=1.15 IGN=1.27 TGL=0.47 KV=1.83
  [imu] reference LOST t=107.47 float=x gimbal rates o/m/i = -45/-4/5 deg/s (limit 45) MGA=-10.2
  [rfly_replan t=113.9 big=0] gbest=8767.3 | EKR=1.31 EKV=0.91 EBANK=2.08 ADEC=1.36 TLD=2.13 KDIV=1.48 KVN=0.83 IGN=0.72 TGL=0.63 KV=1.74
  [rfly_replan t=0.0 big=1] gbest=423.8 | EKR=0.90 EKV=0.48 EBANK=0.62 ADEC=0.93 TLD=0.37 KDIV=0.40 KVN=0.87 IGN=0.40 TGL=0.05 KV=1.27
  [rfly_replan t=10.0 big=0] gbest=423.8 | EKR=0.90 EKV=0.48 EBANK=0.62 ADEC=0.93 TLD=0.37 KDIV=0.40 KVN=0.87 IGN=0.40 TGL=0.05 KV=1.27
  [rfly_replan t=17.2 big=0] gbest=812.9 | EKR=1.06 EKV=0.30 EBANK=0.61 ADEC=1.09 TLD=0.25 KDIV=0.51 KVN=0.87 IGN=0.40 TGL=0.15 KV=1.44
  [rfly_replan t=27.2 big=0] gbest=641.1 | EKR=1.36 EKV=0.30 EBANK=0.60 ADEC=1.25 TLD=0.43 KDIV=0.48 KVN=0.85 IGN=0.40 TGL=0.29 KV=1.60
  [rfly_replan t=28.2 big=0] gbest=641.1 | EKR=1.36 EKV=0.30 EBANK=0.60 ADEC=1.25 TLD=0.43 KDIV=0.48 KVN=0.85 IGN=0.40 TGL=0.29 KV=1.60
  [rfly_replan t=38.2 big=0] gbest=641.1 | EKR=1.36 EKV=0.30 EBANK=0.60 ADEC=1.25 TLD=0.43 KDIV=0.48 KVN=0.85 IGN=0.40 TGL=0.29 KV=1.60
  [rfly_replan t=48.2 big=0] gbest=641.1 | EKR=1.36 EKV=0.30 EBANK=0.60 ADEC=1.25 TLD=0.43 KDIV=0.48 KVN=0.85 IGN=0.40 TGL=0.29 KV=1.60
  [rfly_replan t=58.2 big=0] gbest=641.1 | EKR=1.36 EKV=0.30 EBANK=0.60 ADEC=1.25 TLD=0.43 KDIV=0.48 KVN=0.85 IGN=0.40 TGL=0.29 KV=1.60
  [rfly_replan t=68.2 big=0] gbest=641.1 | EKR=1.36 EKV=0.30 EBANK=0.60 ADEC=1.25 TLD=0.43 KDIV=0.48 KVN=0.85 IGN=0.40 TGL=0.29 KV=1.60
  [rfly_replan t=78.2 big=0] gbest=641.1 | EKR=1.36 EKV=0.30 EBANK=0.60 ADEC=1.25 TLD=0.43 KDIV=0.48 KVN=0.85 IGN=0.40 TGL=0.29 KV=1.60
  [rfly_replan t=88.2 big=0] gbest=641.1 | EKR=1.36 EKV=0.30 EBANK=0.60 ADEC=1.25 TLD=0.43 KDIV=0.48 KVN=0.85 IGN=0.40 TGL=0.29 KV=1.60
  [rfly_replan t=98.2 big=0] gbest=477.6 | EKR=1.64 EKV=0.72 EBANK=0.60 ADEC=1.33 TLD=0.36 KDIV=0.56 KVN=0.92 IGN=0.84 TGL=0.42 KV=1.33
  [rfly_replan t=108.3 big=0] gbest=314.7 | EKR=1.68 EKV=0.76 EBANK=0.82 ADEC=1.45 TLD=0.38 KDIV=0.71 KVN=0.89 IGN=0.77 TGL=0.36 KV=1.45
  [rfly_replan t=118.3 big=0] gbest=314.7 | EKR=1.68 EKV=0.76 EBANK=0.82 ADEC=1.45 TLD=0.38 KDIV=0.71 KVN=0.89 IGN=0.77 TGL=0.36 KV=1.45
  [rfly_replan t=0.0 big=1] gbest=239.8 | EKR=1.02 EKV=2.11 EBANK=1.04 ADEC=1.01 TLD=0.73 KDIV=1.30 KVN=0.73 IGN=0.74 TGL=0.00 KV=1.54
  [rfly_replan t=10.0 big=0] gbest=239.8 | EKR=1.02 EKV=2.11 EBANK=1.04 ADEC=1.01 TLD=0.73 KDIV=1.30 KVN=0.73 IGN=0.74 TGL=0.00 KV=1.54
  [rfly_replan t=11.9 big=0] gbest=10930.0 | EKR=1.46 EKV=2.16 EBANK=1.15 ADEC=1.01 TLD=0.75 KDIV=1.30 KVN=0.86 IGN=0.48 TGL=0.00 KV=1.54
  [rfly_replan t=21.9 big=0] gbest=1312.2 | EKR=1.47 EKV=1.77 EBANK=1.25 ADEC=1.11 TLD=0.86 KDIV=1.28 KVN=0.98 IGN=0.43 TGL=0.00 KV=1.55
  [rfly_replan t=31.3 big=0] gbest=1213.6 | EKR=1.47 EKV=1.81 EBANK=1.07 ADEC=1.08 TLD=0.78 KDIV=1.30 KVN=1.03 IGN=0.68 TGL=0.01 KV=1.70
  [rfly_replan t=41.3 big=0] gbest=821.7 | EKR=1.34 EKV=1.60 EBANK=1.14 ADEC=1.11 TLD=0.54 KDIV=1.50 KVN=0.96 IGN=0.97 TGL=0.01 KV=1.54
  [rfly_replan t=51.3 big=0] gbest=821.7 | EKR=1.34 EKV=1.60 EBANK=1.14 ADEC=1.11 TLD=0.54 KDIV=1.50 KVN=0.96 IGN=0.97 TGL=0.01 KV=1.54
  [rfly_replan t=61.3 big=0] gbest=773.4 | EKR=1.07 EKV=1.57 EBANK=1.17 ADEC=1.14 TLD=0.49 KDIV=1.61 KVN=0.93 IGN=1.08 TGL=0.00 KV=1.50
  [rfly_replan t=71.4 big=0] gbest=747.5 | EKR=1.29 EKV=1.87 EBANK=0.91 ADEC=0.97 TLD=0.57 KDIV=1.61 KVN=0.73 IGN=1.28 TGL=0.00 KV=1.35
  [rfly_replan t=81.4 big=0] gbest=593.1 | EKR=1.68 EKV=2.27 EBANK=1.08 ADEC=0.99 TLD=0.68 KDIV=1.76 KVN=0.57 IGN=1.33 TGL=0.02 KV=1.25
  [rfly_replan t=91.4 big=0] gbest=583.6 | EKR=1.79 EKV=2.51 EBANK=1.35 ADEC=0.85 TLD=0.56 KDIV=1.93 KVN=0.58 IGN=1.38 TGL=0.09 KV=1.33
  [rfly_replan t=101.4 big=0] gbest=525.7 | EKR=1.77 EKV=2.50 EBANK=1.45 ADEC=0.87 TLD=0.60 KDIV=2.04 KVN=0.56 IGN=1.49 TGL=0.04 KV=1.48
  [rfly_replan t=111.4 big=0] gbest=480.2 | EKR=2.00 EKV=2.77 EBANK=1.28 ADEC=1.29 TLD=0.75 KDIV=2.18 KVN=0.52 IGN=1.79 TGL=0.02 KV=1.53
  [imu] reference LOST t=116.86 float=x gimbal rates o/m/i = -45/-1/4 deg/s (limit 45) MGA=6.1
  [rfly_replan t=121.5 big=0] gbest=480.2 | EKR=2.00 EKV=2.77 EBANK=1.28 ADEC=1.29 TLD=0.75 KDIV=2.18 KVN=0.52 IGN=1.79 TGL=0.02 KV=1.53
  [rfly_replan t=131.5 big=0] gbest=480.2 | EKR=2.00 EKV=2.77 EBANK=1.28 ADEC=1.29 TLD=0.75 KDIV=2.18 KVN=0.52 IGN=1.79 TGL=0.02 KV=1.53
  [rfly_replan t=0.0 big=1] gbest=358.8 | EKR=0.90 EKV=0.48 EBANK=0.62 ADEC=0.93 TLD=0.37 KDIV=0.40 KVN=0.87 IGN=0.40 TGL=0.05 KV=1.27
  [rfly_replan t=6.5 big=0] gbest=12396.5 | EKR=0.43 EKV=0.80 EBANK=0.60 ADEC=0.75 TLD=0.32 KDIV=0.46 KVN=0.80 IGN=0.79 TGL=0.01 KV=1.47
  [rfly_replan t=16.5 big=0] gbest=1178.0 | EKR=0.49 EKV=0.69 EBANK=0.60 ADEC=0.82 TLD=0.40 KDIV=0.40 KVN=0.70 IGN=0.91 TGL=0.23 KV=1.47
  [rfly_replan t=26.6 big=0] gbest=800.8 | EKR=0.30 EKV=0.68 EBANK=0.63 ADEC=0.92 TLD=0.50 KDIV=0.41 KVN=0.50 IGN=0.83 TGL=0.01 KV=1.73
  [rfly_replan t=31.3 big=0] gbest=774.0 | EKR=0.31 EKV=0.70 EBANK=0.60 ADEC=0.98 TLD=0.45 KDIV=0.40 KVN=0.67 IGN=0.88 TGL=0.00 KV=1.64
  [rfly_replan t=41.3 big=0] gbest=701.7 | EKR=0.30 EKV=0.84 EBANK=0.70 ADEC=1.06 TLD=0.48 KDIV=0.40 KVN=0.71 IGN=0.89 TGL=0.00 KV=1.78
  [rfly_replan t=51.3 big=0] gbest=701.7 | EKR=0.30 EKV=0.84 EBANK=0.70 ADEC=1.06 TLD=0.48 KDIV=0.40 KVN=0.71 IGN=0.89 TGL=0.00 KV=1.78
  [rfly_replan t=61.3 big=0] gbest=701.7 | EKR=0.30 EKV=0.84 EBANK=0.70 ADEC=1.06 TLD=0.48 KDIV=0.40 KVN=0.71 IGN=0.89 TGL=0.00 KV=1.78
  [rfly_replan t=71.3 big=0] gbest=680.8 | EKR=0.73 EKV=0.85 EBANK=0.60 ADEC=1.07 TLD=0.46 KDIV=0.41 KVN=0.81 IGN=0.90 TGL=0.01 KV=1.90
  [rfly_replan t=81.3 big=0] gbest=661.0 | EKR=1.00 EKV=0.86 EBANK=0.61 ADEC=1.02 TLD=0.42 KDIV=0.42 KVN=0.84 IGN=0.81 TGL=0.00 KV=1.93
  [rfly_replan t=91.3 big=0] gbest=639.5 | EKR=0.86 EKV=0.31 EBANK=0.62 ADEC=0.84 TLD=0.42 KDIV=0.43 KVN=0.69 IGN=0.70 TGL=0.00 KV=1.95
  [rfly_replan t=101.4 big=0] gbest=637.6 | EKR=0.94 EKV=0.30 EBANK=1.00 ADEC=0.77 TLD=0.56 KDIV=0.48 KVN=0.91 IGN=0.76 TGL=0.17 KV=2.07
  [rfly_replan t=0.0 big=1] gbest=389.8 | EKR=1.45 EKV=0.79 EBANK=1.09 ADEC=0.72 TLD=0.25 KDIV=1.12 KVN=1.21 IGN=1.44 TGL=0.22 KV=1.48
  [rfly_replan t=10.0 big=0] gbest=389.8 | EKR=1.45 EKV=0.79 EBANK=1.09 ADEC=0.72 TLD=0.25 KDIV=1.12 KVN=1.21 IGN=1.44 TGL=0.22 KV=1.48
  [rfly_replan t=15.2 big=0] gbest=7078.8 | EKR=1.50 EKV=0.75 EBANK=1.11 ADEC=0.86 TLD=0.55 KDIV=1.15 KVN=0.98 IGN=1.35 TGL=0.11 KV=1.48
  [rfly_replan t=25.2 big=0] gbest=7078.8 | EKR=1.50 EKV=0.75 EBANK=1.11 ADEC=0.86 TLD=0.55 KDIV=1.15 KVN=0.98 IGN=1.35 TGL=0.11 KV=1.48
  [rfly_replan t=30.0 big=0] gbest=7078.8 | EKR=1.50 EKV=0.75 EBANK=1.11 ADEC=0.86 TLD=0.55 KDIV=1.15 KVN=0.98 IGN=1.35 TGL=0.11 KV=1.48
  [rfly_replan t=40.0 big=0] gbest=5592.9 | EKR=1.18 EKV=0.93 EBANK=1.35 ADEC=0.93 TLD=0.70 KDIV=0.98 KVN=1.12 IGN=0.93 TGL=0.21 KV=1.40
  [rfly_replan t=50.0 big=0] gbest=5592.9 | EKR=1.18 EKV=0.93 EBANK=1.35 ADEC=0.93 TLD=0.70 KDIV=0.98 KVN=1.12 IGN=0.93 TGL=0.21 KV=1.40
  [rfly_replan t=60.0 big=0] gbest=5592.9 | EKR=1.18 EKV=0.93 EBANK=1.35 ADEC=0.93 TLD=0.70 KDIV=0.98 KVN=1.12 IGN=0.93 TGL=0.21 KV=1.40
  [rfly_replan t=70.0 big=0] gbest=5592.9 | EKR=1.18 EKV=0.93 EBANK=1.35 ADEC=0.93 TLD=0.70 KDIV=0.98 KVN=1.12 IGN=0.93 TGL=0.21 KV=1.40
  [rfly_replan t=80.0 big=0] gbest=5592.9 | EKR=1.18 EKV=0.93 EBANK=1.35 ADEC=0.93 TLD=0.70 KDIV=0.98 KVN=1.12 IGN=0.93 TGL=0.21 KV=1.40
  [rfly_replan t=90.0 big=0] gbest=5592.9 | EKR=1.18 EKV=0.93 EBANK=1.35 ADEC=0.93 TLD=0.70 KDIV=0.98 KVN=1.12 IGN=0.93 TGL=0.21 KV=1.40
  [rfly_replan t=100.1 big=0] gbest=1597.8 | EKR=1.29 EKV=1.33 EBANK=1.19 ADEC=0.96 TLD=0.65 KDIV=0.99 KVN=1.05 IGN=0.66 TGL=0.26 KV=1.40
  [rfly_replan t=110.1 big=0] gbest=1538.5 | EKR=1.13 EKV=1.48 EBANK=1.25 ADEC=0.82 TLD=0.52 KDIV=0.99 KVN=1.08 IGN=0.76 TGL=0.47 KV=1.24
  [rfly_replan t=120.1 big=0] gbest=1538.5 | EKR=1.13 EKV=1.48 EBANK=1.25 ADEC=0.82 TLD=0.52 KDIV=0.99 KVN=1.08 IGN=0.76 TGL=0.47 KV=1.24
  [rfly_replan t=0.0 big=1] gbest=678.2 | EKR=1.31 EKV=1.55 EBANK=0.60 ADEC=0.61 TLD=1.05 KDIV=0.47 KVN=1.10 IGN=0.42 TGL=0.24 KV=1.35
  [rfly_replan t=9.8 big=0] gbest=5421.8 | EKR=1.31 EKV=1.55 EBANK=0.60 ADEC=0.61 TLD=1.05 KDIV=0.47 KVN=1.10 IGN=0.42 TGL=0.24 KV=1.35
  [rfly_replan t=19.9 big=0] gbest=1250.8 | EKR=1.26 EKV=1.47 EBANK=0.60 ADEC=0.43 TLD=1.00 KDIV=0.52 KVN=1.05 IGN=0.40 TGL=0.27 KV=1.28
  [rfly_replan t=29.9 big=0] gbest=982.9 | EKR=1.30 EKV=1.47 EBANK=0.60 ADEC=0.40 TLD=1.02 KDIV=0.67 KVN=0.99 IGN=0.95 TGL=0.27 KV=1.43
  [rfly_replan t=32.5 big=0] gbest=960.5 | EKR=1.44 EKV=1.70 EBANK=0.60 ADEC=0.55 TLD=0.87 KDIV=0.61 KVN=0.86 IGN=0.95 TGL=0.13 KV=1.66
  [rfly_replan t=42.5 big=0] gbest=960.5 | EKR=1.44 EKV=1.70 EBANK=0.60 ADEC=0.55 TLD=0.87 KDIV=0.61 KVN=0.86 IGN=0.95 TGL=0.13 KV=1.66
  [rfly_replan t=52.5 big=0] gbest=960.5 | EKR=1.44 EKV=1.70 EBANK=0.60 ADEC=0.55 TLD=0.87 KDIV=0.61 KVN=0.86 IGN=0.95 TGL=0.13 KV=1.66
  [rfly_replan t=62.5 big=0] gbest=960.5 | EKR=1.44 EKV=1.70 EBANK=0.60 ADEC=0.55 TLD=0.87 KDIV=0.61 KVN=0.86 IGN=0.95 TGL=0.13 KV=1.66
  [rfly_replan t=72.5 big=0] gbest=663.5 | EKR=1.10 EKV=1.78 EBANK=0.61 ADEC=0.57 TLD=0.91 KDIV=0.40 KVN=0.74 IGN=1.23 TGL=0.30 KV=1.73
  [rfly_replan t=82.6 big=0] gbest=573.6 | EKR=0.76 EKV=1.98 EBANK=0.68 ADEC=0.56 TLD=0.89 KDIV=0.40 KVN=0.62 IGN=1.26 TGL=0.34 KV=1.74
  [rfly_replan t=92.6 big=0] gbest=577.6 | EKR=0.76 EKV=1.98 EBANK=0.68 ADEC=0.56 TLD=0.89 KDIV=0.40 KVN=0.62 IGN=1.26 TGL=0.34 KV=1.74
  [imu] reference LOST t=98.58 float=x gimbal rates o/m/i = -45/-2/-0 deg/s (limit 45) MGA=-9.5
  [rfly_replan t=102.6 big=0] gbest=573.6 | EKR=0.76 EKV=1.98 EBANK=0.68 ADEC=0.56 TLD=0.89 KDIV=0.40 KVN=0.62 IGN=1.26 TGL=0.34 KV=1.74
  [rfly_replan t=112.6 big=0] gbest=572.1 | EKR=0.34 EKV=1.86 EBANK=0.77 ADEC=0.60 TLD=1.03 KDIV=0.58 KVN=0.53 IGN=1.39 TGL=0.51 KV=1.56
  [rfly_replan t=122.6 big=0] gbest=572.1 | EKR=0.34 EKV=1.86 EBANK=0.77 ADEC=0.60 TLD=1.03 KDIV=0.58 KVN=0.53 IGN=1.39 TGL=0.51 KV=1.56
  [rfly_replan t=0.0 big=1] gbest=438.8 | EKR=1.30 EKV=1.06 EBANK=0.62 ADEC=1.27 TLD=0.25 KDIV=1.47 KVN=1.59 IGN=0.40 TGL=0.03 KV=1.40
  [rfly_replan t=4.5 big=0] gbest=9391.4 | EKR=1.66 EKV=1.29 EBANK=0.65 ADEC=1.19 TLD=0.53 KDIV=1.20 KVN=1.38 IGN=0.40 TGL=0.02 KV=1.55
  [rfly_replan t=14.5 big=0] gbest=1269.9 | EKR=1.72 EKV=1.50 EBANK=0.60 ADEC=1.39 TLD=0.26 KDIV=1.27 KVN=1.31 IGN=0.40 TGL=0.00 KV=1.34
  [rfly_replan t=24.5 big=0] gbest=1269.9 | EKR=1.72 EKV=1.50 EBANK=0.60 ADEC=1.39 TLD=0.26 KDIV=1.27 KVN=1.31 IGN=0.40 TGL=0.00 KV=1.34
  [rfly_replan t=31.5 big=0] gbest=1089.1 | EKR=1.74 EKV=1.39 EBANK=0.60 ADEC=1.54 TLD=0.25 KDIV=1.29 KVN=1.40 IGN=0.41 TGL=0.00 KV=1.33
  [rfly_replan t=41.5 big=0] gbest=1006.0 | EKR=1.55 EKV=1.07 EBANK=0.61 ADEC=1.51 TLD=0.26 KDIV=1.32 KVN=1.37 IGN=0.40 TGL=0.00 KV=1.46
  [rfly_replan t=51.5 big=0] gbest=958.1 | EKR=1.20 EKV=1.26 EBANK=0.60 ADEC=1.41 TLD=0.27 KDIV=1.35 KVN=1.25 IGN=0.40 TGL=0.00 KV=1.65
  [rfly_replan t=61.5 big=0] gbest=747.0 | EKR=0.79 EKV=1.07 EBANK=0.61 ADEC=1.47 TLD=0.30 KDIV=1.39 KVN=1.13 IGN=0.42 TGL=0.00 KV=1.87
  [rfly_replan t=71.5 big=0] gbest=572.5 | EKR=1.02 EKV=0.82 EBANK=0.61 ADEC=1.36 TLD=0.35 KDIV=1.45 KVN=1.29 IGN=0.40 TGL=0.00 KV=1.71
  [rfly_replan t=81.6 big=0] gbest=528.8 | EKR=1.03 EKV=1.14 EBANK=0.61 ADEC=1.36 TLD=0.60 KDIV=1.40 KVN=1.45 IGN=0.40 TGL=0.13 KV=1.61
  [rfly_replan t=91.6 big=0] gbest=528.8 | EKR=1.03 EKV=1.14 EBANK=0.61 ADEC=1.36 TLD=0.60 KDIV=1.40 KVN=1.45 IGN=0.40 TGL=0.13 KV=1.61
  [rfly_replan t=0.0 big=1] gbest=710.9 | EKR=0.65 EKV=1.15 EBANK=0.69 ADEC=1.07 TLD=1.04 KDIV=0.93 KVN=1.33 IGN=0.79 TGL=0.00 KV=1.52
  [rfly_replan t=10.0 big=0] gbest=683.1 | EKR=0.69 EKV=1.19 EBANK=0.60 ADEC=1.08 TLD=1.39 KDIV=1.06 KVN=1.31 IGN=0.81 TGL=0.08 KV=1.49
  [rfly_replan t=13.1 big=0] gbest=50633.4 | EKR=0.74 EKV=1.37 EBANK=0.79 ADEC=1.24 TLD=1.65 KDIV=0.87 KVN=1.29 IGN=0.68 TGL=0.07 KV=1.56
  [rfly_replan t=23.2 big=0] gbest=13295.9 | EKR=1.68 EKV=1.15 EBANK=0.74 ADEC=1.09 TLD=1.56 KDIV=1.07 KVN=1.28 IGN=0.98 TGL=0.00 KV=1.66
  [rfly_replan t=30.6 big=0] gbest=13295.9 | EKR=1.68 EKV=1.15 EBANK=0.74 ADEC=1.09 TLD=1.56 KDIV=1.07 KVN=1.28 IGN=0.98 TGL=0.00 KV=1.66
  [rfly_replan t=40.6 big=0] gbest=6128.0 | EKR=1.73 EKV=1.13 EBANK=0.75 ADEC=1.15 TLD=1.47 KDIV=1.16 KVN=1.30 IGN=0.69 TGL=0.00 KV=1.46
  [rfly_replan t=50.6 big=0] gbest=6128.0 | EKR=1.73 EKV=1.13 EBANK=0.75 ADEC=1.15 TLD=1.47 KDIV=1.16 KVN=1.30 IGN=0.69 TGL=0.00 KV=1.46
  [rfly_replan t=60.6 big=0] gbest=2076.1 | EKR=2.04 EKV=0.93 EBANK=0.63 ADEC=1.36 TLD=1.69 KDIV=1.29 KVN=1.12 IGN=0.42 TGL=0.18 KV=1.55
  [rfly_replan t=70.6 big=0] gbest=1942.5 | EKR=2.35 EKV=0.65 EBANK=0.61 ADEC=1.47 TLD=1.66 KDIV=1.24 KVN=0.92 IGN=0.47 TGL=0.16 KV=1.40
  [rfly_replan t=80.6 big=0] gbest=1847.7 | EKR=2.64 EKV=0.52 EBANK=0.60 ADEC=1.61 TLD=1.49 KDIV=1.34 KVN=0.79 IGN=0.40 TGL=0.00 KV=1.41
  [rfly_replan t=90.6 big=0] gbest=1847.7 | EKR=2.64 EKV=0.52 EBANK=0.60 ADEC=1.61 TLD=1.49 KDIV=1.34 KVN=0.79 IGN=0.40 TGL=0.00 KV=1.41
  [rfly_replan t=100.7 big=0] gbest=1847.7 | EKR=2.64 EKV=0.52 EBANK=0.60 ADEC=1.61 TLD=1.49 KDIV=1.34 KVN=0.79 IGN=0.40 TGL=0.00 KV=1.41
  [rfly_replan t=110.7 big=0] gbest=1847.7 | EKR=2.64 EKV=0.52 EBANK=0.60 ADEC=1.61 TLD=1.49 KDIV=1.34 KVN=0.79 IGN=0.40 TGL=0.00 KV=1.41
  [rfly_replan t=120.7 big=0] gbest=1805.8 | EKR=2.71 EKV=0.54 EBANK=0.60 ADEC=1.68 TLD=1.49 KDIV=1.39 KVN=0.65 IGN=0.40 TGL=0.04 KV=1.43
  [rfly_replan t=130.7 big=0] gbest=1802.0 | EKR=2.26 EKV=0.96 EBANK=0.60 ADEC=1.58 TLD=1.31 KDIV=1.40 KVN=0.89 IGN=0.48 TGL=0.20 KV=1.57
  [rfly_replan t=0.0 big=1] gbest=346.1 | EKR=1.34 EKV=1.49 EBANK=1.47 ADEC=1.44 TLD=1.48 KDIV=0.40 KVN=0.88 IGN=1.53 TGL=0.32 KV=0.88
  [rfly_replan t=7.8 big=0] gbest=6492.4 | EKR=1.40 EKV=1.77 EBANK=1.68 ADEC=1.49 TLD=1.55 KDIV=0.40 KVN=0.87 IGN=1.86 TGL=0.35 KV=0.90
  [rfly_replan t=17.8 big=0] gbest=5559.6 | EKR=1.77 EKV=1.81 EBANK=1.58 ADEC=1.37 TLD=1.71 KDIV=0.40 KVN=0.96 IGN=2.10 TGL=0.23 KV=1.06
  [rfly_replan t=27.8 big=0] gbest=1439.0 | EKR=1.87 EKV=2.14 EBANK=1.75 ADEC=1.16 TLD=1.77 KDIV=0.40 KVN=0.93 IGN=1.99 TGL=0.23 KV=0.98
  [rfly_replan t=33.1 big=0] gbest=1275.1 | EKR=2.29 EKV=2.01 EBANK=1.70 ADEC=1.07 TLD=1.85 KDIV=0.40 KVN=0.98 IGN=2.07 TGL=0.26 KV=0.91
  [rfly_replan t=43.1 big=0] gbest=462.7 | EKR=2.57 EKV=2.50 EBANK=1.74 ADEC=1.07 TLD=1.43 KDIV=0.41 KVN=1.19 IGN=2.03 TGL=0.11 KV=0.62
  [rfly_replan t=53.1 big=0] gbest=227.6 | EKR=2.88 EKV=2.65 EBANK=1.94 ADEC=0.86 TLD=1.28 KDIV=0.40 KVN=1.37 IGN=2.18 TGL=0.46 KV=0.61
  [rfly_replan t=63.1 big=0] gbest=227.6 | EKR=2.88 EKV=2.65 EBANK=1.94 ADEC=0.86 TLD=1.28 KDIV=0.40 KVN=1.37 IGN=2.18 TGL=0.46 KV=0.61
  [rfly_replan t=73.1 big=0] gbest=227.6 | EKR=2.88 EKV=2.65 EBANK=1.94 ADEC=0.86 TLD=1.28 KDIV=0.40 KVN=1.37 IGN=2.18 TGL=0.46 KV=0.61
  [rfly_replan t=83.1 big=0] gbest=154.2 | EKR=2.89 EKV=2.61 EBANK=1.93 ADEC=0.79 TLD=1.29 KDIV=0.40 KVN=1.39 IGN=2.06 TGL=0.55 KV=0.85
  [rfly_replan t=93.1 big=0] gbest=154.2 | EKR=2.89 EKV=2.61 EBANK=1.93 ADEC=0.79 TLD=1.29 KDIV=0.40 KVN=1.39 IGN=2.06 TGL=0.55 KV=0.85
  [rfly_replan t=103.2 big=0] gbest=154.2 | EKR=2.89 EKV=2.61 EBANK=1.93 ADEC=0.79 TLD=1.29 KDIV=0.40 KVN=1.39 IGN=2.06 TGL=0.55 KV=0.85
  [rfly_replan t=113.2 big=0] gbest=153.0 | EKR=2.96 EKV=2.97 EBANK=2.00 ADEC=0.59 TLD=1.29 KDIV=0.42 KVN=1.33 IGN=1.94 TGL=0.58 KV=0.77
  [rfly_replan t=0.0 big=1] gbest=423.9 | EKR=0.73 EKV=0.52 EBANK=1.09 ADEC=0.51 TLD=0.66 KDIV=0.40 KVN=1.37 IGN=0.91 TGL=0.52 KV=0.80
  [rfly_replan t=10.0 big=0] gbest=423.9 | EKR=0.73 EKV=0.52 EBANK=1.09 ADEC=0.51 TLD=0.66 KDIV=0.40 KVN=1.37 IGN=0.91 TGL=0.52 KV=0.80
  [rfly_replan t=16.4 big=0] gbest=1267.2 | EKR=0.96 EKV=0.39 EBANK=0.95 ADEC=0.48 TLD=0.97 KDIV=0.40 KVN=1.56 IGN=1.50 TGL=0.49 KV=0.68
  [rfly_replan t=26.5 big=0] gbest=1131.3 | EKR=0.94 EKV=0.34 EBANK=1.07 ADEC=0.45 TLD=0.94 KDIV=0.41 KVN=1.50 IGN=1.99 TGL=0.46 KV=0.52
  [rfly_replan t=29.0 big=0] gbest=1023.0 | EKR=0.98 EKV=0.43 EBANK=1.28 ADEC=0.51 TLD=0.97 KDIV=0.42 KVN=1.47 IGN=2.02 TGL=0.47 KV=0.50
  [rfly_replan t=39.0 big=0] gbest=946.9 | EKR=0.81 EKV=1.12 EBANK=1.30 ADEC=0.47 TLD=0.99 KDIV=0.45 KVN=1.47 IGN=1.95 TGL=0.50 KV=0.51
  [rfly_replan t=49.0 big=0] gbest=896.4 | EKR=1.11 EKV=0.85 EBANK=1.30 ADEC=0.49 TLD=1.06 KDIV=0.45 KVN=1.46 IGN=1.94 TGL=0.45 KV=0.50
  [rfly_replan t=59.0 big=0] gbest=784.4 | EKR=1.21 EKV=0.81 EBANK=1.27 ADEC=0.48 TLD=1.01 KDIV=0.45 KVN=1.53 IGN=1.84 TGL=0.55 KV=0.51
  [rfly_replan t=69.0 big=0] gbest=784.4 | EKR=1.21 EKV=0.81 EBANK=1.27 ADEC=0.48 TLD=1.01 KDIV=0.45 KVN=1.53 IGN=1.84 TGL=0.55 KV=0.51
  [rfly_replan t=79.1 big=0] gbest=784.4 | EKR=1.21 EKV=0.81 EBANK=1.27 ADEC=0.48 TLD=1.01 KDIV=0.45 KVN=1.53 IGN=1.84 TGL=0.55 KV=0.51
  [rfly_replan t=89.1 big=0] gbest=780.7 | EKR=1.48 EKV=0.74 EBANK=1.45 ADEC=0.49 TLD=0.91 KDIV=0.42 KVN=1.55 IGN=1.83 TGL=0.59 KV=0.52
  [imu] reference LOST t=97.29 float=x gimbal rates o/m/i = -45/2/1 deg/s (limit 45) MGA=9.0
  [rfly_replan t=99.1 big=0] gbest=764.6 | EKR=1.54 EKV=0.83 EBANK=1.37 ADEC=0.48 TLD=0.86 KDIV=0.41 KVN=1.51 IGN=1.64 TGL=0.59 KV=0.50
  [rfly_replan t=109.1 big=0] gbest=695.2 | EKR=1.39 EKV=0.32 EBANK=1.23 ADEC=0.63 TLD=0.55 KDIV=0.58 KVN=1.40 IGN=1.51 TGL=0.60 KV=0.64
  [rfly_replan t=119.1 big=0] gbest=695.2 | EKR=1.39 EKV=0.32 EBANK=1.23 ADEC=0.63 TLD=0.55 KDIV=0.58 KVN=1.40 IGN=1.51 TGL=0.60 KV=0.64
  [rfly_replan t=0.0 big=1] gbest=491.7 | EKR=2.35 EKV=1.99 EBANK=0.93 ADEC=0.83 TLD=0.71 KDIV=0.43 KVN=0.69 IGN=0.74 TGL=0.00 KV=1.17
  [rfly_replan t=10.0 big=0] gbest=491.7 | EKR=2.35 EKV=1.99 EBANK=0.93 ADEC=0.83 TLD=0.71 KDIV=0.43 KVN=0.69 IGN=0.74 TGL=0.00 KV=1.17
  [rfly_replan t=11.1 big=0] gbest=1230.3 | EKR=2.23 EKV=2.24 EBANK=1.11 ADEC=1.02 TLD=1.06 KDIV=0.52 KVN=0.57 IGN=0.83 TGL=0.15 KV=1.25
  [rfly_replan t=21.1 big=0] gbest=1230.3 | EKR=2.23 EKV=2.24 EBANK=1.11 ADEC=1.02 TLD=1.06 KDIV=0.52 KVN=0.57 IGN=0.83 TGL=0.15 KV=1.25
  [rfly_replan t=31.1 big=0] gbest=1021.6 | EKR=2.03 EKV=2.36 EBANK=1.08 ADEC=1.23 TLD=0.89 KDIV=0.48 KVN=0.60 IGN=0.62 TGL=0.33 KV=1.35
  [rfly_replan t=33.1 big=0] gbest=1021.6 | EKR=2.03 EKV=2.36 EBANK=1.08 ADEC=1.23 TLD=0.89 KDIV=0.48 KVN=0.60 IGN=0.62 TGL=0.33 KV=1.35
  [rfly_replan t=43.1 big=0] gbest=944.6 | EKR=1.68 EKV=2.13 EBANK=1.08 ADEC=1.25 TLD=0.92 KDIV=0.46 KVN=0.50 IGN=0.50 TGL=0.36 KV=1.32
  [rfly_replan t=53.1 big=0] gbest=944.6 | EKR=1.68 EKV=2.13 EBANK=1.08 ADEC=1.25 TLD=0.92 KDIV=0.46 KVN=0.50 IGN=0.50 TGL=0.36 KV=1.32
  [rfly_replan t=63.1 big=0] gbest=844.5 | EKR=1.47 EKV=1.98 EBANK=1.03 ADEC=1.41 TLD=0.97 KDIV=0.47 KVN=0.50 IGN=0.73 TGL=0.26 KV=1.41
  [rfly_replan t=73.1 big=0] gbest=844.5 | EKR=1.47 EKV=1.98 EBANK=1.03 ADEC=1.41 TLD=0.97 KDIV=0.47 KVN=0.50 IGN=0.73 TGL=0.26 KV=1.41
  [rfly_replan t=83.1 big=0] gbest=823.5 | EKR=1.37 EKV=1.73 EBANK=1.08 ADEC=1.45 TLD=0.95 KDIV=0.47 KVN=0.50 IGN=0.79 TGL=0.25 KV=1.33
  [rfly_replan t=93.1 big=0] gbest=823.5 | EKR=1.37 EKV=1.73 EBANK=1.08 ADEC=1.45 TLD=0.95 KDIV=0.47 KVN=0.50 IGN=0.79 TGL=0.25 KV=1.33
  [rfly_replan t=103.2 big=0] gbest=645.0 | EKR=1.42 EKV=1.02 EBANK=1.08 ADEC=1.51 TLD=0.69 KDIV=0.47 KVN=0.51 IGN=0.94 TGL=0.27 KV=1.40
  [rfly_replan t=113.2 big=0] gbest=614.4 | EKR=1.47 EKV=1.14 EBANK=1.46 ADEC=1.57 TLD=0.73 KDIV=0.53 KVN=0.61 IGN=1.22 TGL=0.12 KV=1.51
  [rfly_replan t=123.2 big=0] gbest=611.5 | EKR=1.54 EKV=1.03 EBANK=1.41 ADEC=1.43 TLD=0.92 KDIV=0.40 KVN=0.78 IGN=0.95 TGL=0.00 KV=1.38
  [rfly_replan t=133.2 big=0] gbest=611.5 | EKR=1.54 EKV=1.03 EBANK=1.41 ADEC=1.43 TLD=0.92 KDIV=0.40 KVN=0.78 IGN=0.95 TGL=0.00 KV=1.38
  [rfly_replan t=0.0 big=1] gbest=605.4 | EKR=1.50 EKV=1.03 EBANK=1.35 ADEC=0.54 TLD=0.72 KDIV=0.40 KVN=0.96 IGN=1.65 TGL=0.00 KV=0.74
  [rfly_replan t=5.8 big=0] gbest=1846.9 | EKR=1.52 EKV=1.18 EBANK=1.35 ADEC=0.59 TLD=0.62 KDIV=0.41 KVN=0.86 IGN=1.78 TGL=0.00 KV=1.02
  [rfly_replan t=15.8 big=0] gbest=1319.0 | EKR=1.62 EKV=1.10 EBANK=1.43 ADEC=0.58 TLD=0.72 KDIV=0.51 KVN=0.83 IGN=1.92 TGL=0.00 KV=1.05
  [rfly_replan t=25.8 big=0] gbest=1245.4 | EKR=2.06 EKV=1.73 EBANK=1.29 ADEC=0.59 TLD=0.71 KDIV=0.52 KVN=0.73 IGN=1.94 TGL=0.01 KV=0.92
  [rfly_replan t=33.5 big=0] gbest=1140.6 | EKR=1.92 EKV=1.84 EBANK=1.36 ADEC=0.60 TLD=0.71 KDIV=0.55 KVN=0.66 IGN=1.98 TGL=0.00 KV=0.85
  [rfly_replan t=43.5 big=0] gbest=1109.3 | EKR=2.24 EKV=1.98 EBANK=1.36 ADEC=0.61 TLD=0.72 KDIV=0.55 KVN=0.64 IGN=1.93 TGL=0.17 KV=0.68
  [rfly_replan t=53.5 big=0] gbest=1063.7 | EKR=2.06 EKV=2.22 EBANK=1.39 ADEC=0.79 TLD=0.79 KDIV=0.65 KVN=0.60 IGN=1.83 TGL=0.31 KV=0.83
  [rfly_replan t=63.5 big=0] gbest=784.0 | EKR=2.17 EKV=2.25 EBANK=1.67 ADEC=0.90 TLD=1.03 KDIV=0.62 KVN=0.71 IGN=1.79 TGL=0.44 KV=0.85
  [rfly_replan t=73.5 big=0] gbest=784.0 | EKR=2.17 EKV=2.25 EBANK=1.67 ADEC=0.90 TLD=1.03 KDIV=0.62 KVN=0.71 IGN=1.79 TGL=0.44 KV=0.85
  [rfly_replan t=83.5 big=0] gbest=784.0 | EKR=2.17 EKV=2.25 EBANK=1.67 ADEC=0.90 TLD=1.03 KDIV=0.62 KVN=0.71 IGN=1.79 TGL=0.44 KV=0.85
  [rfly_replan t=93.6 big=0] gbest=769.8 | EKR=1.90 EKV=2.23 EBANK=2.14 ADEC=0.98 TLD=0.67 KDIV=0.48 KVN=0.73 IGN=1.71 TGL=0.58 KV=0.98
  [rfly_replan t=103.6 big=0] gbest=733.7 | EKR=1.99 EKV=2.37 EBANK=1.99 ADEC=1.31 TLD=0.60 KDIV=0.42 KVN=0.68 IGN=1.73 TGL=0.64 KV=0.91
  [rfly_replan t=113.6 big=0] gbest=733.7 | EKR=1.99 EKV=2.37 EBANK=1.99 ADEC=1.31 TLD=0.60 KDIV=0.42 KVN=0.68 IGN=1.73 TGL=0.64 KV=0.91
  [rfly_replan t=0.0 big=1] gbest=565.7 | EKR=2.90 EKV=1.76 EBANK=1.18 ADEC=1.40 TLD=1.49 KDIV=0.40 KVN=0.86 IGN=0.72 TGL=0.00 KV=1.25
  [rfly_replan t=10.0 big=0] gbest=401.3 | EKR=2.50 EKV=1.56 EBANK=1.35 ADEC=1.25 TLD=1.68 KDIV=0.40 KVN=1.01 IGN=0.68 TGL=0.00 KV=1.12
  [rfly_replan t=14.4 big=0] gbest=8575.0 | EKR=2.23 EKV=1.57 EBANK=1.49 ADEC=1.19 TLD=1.80 KDIV=0.55 KVN=0.95 IGN=0.46 TGL=0.01 KV=1.18
  [rfly_replan t=24.4 big=0] gbest=6875.2 | EKR=2.56 EKV=1.66 EBANK=1.60 ADEC=1.21 TLD=1.80 KDIV=0.55 KVN=1.27 IGN=0.87 TGL=0.00 KV=1.14
  [rfly_replan t=32.0 big=0] gbest=5521.5 | EKR=2.50 EKV=1.67 EBANK=1.71 ADEC=1.21 TLD=1.72 KDIV=0.53 KVN=1.41 IGN=0.60 TGL=0.02 KV=1.13
  [rfly_replan t=42.0 big=0] gbest=4595.3 | EKR=2.43 EKV=1.42 EBANK=1.75 ADEC=1.07 TLD=1.57 KDIV=0.53 KVN=1.39 IGN=0.40 TGL=0.08 KV=1.25
  [rfly_replan t=52.0 big=0] gbest=4595.3 | EKR=2.43 EKV=1.42 EBANK=1.75 ADEC=1.07 TLD=1.57 KDIV=0.53 KVN=1.39 IGN=0.40 TGL=0.08 KV=1.25
  [rfly_replan t=62.0 big=0] gbest=1806.9 | EKR=2.40 EKV=1.66 EBANK=1.94 ADEC=1.23 TLD=1.79 KDIV=0.51 KVN=1.52 IGN=0.40 TGL=0.12 KV=1.31
  [rfly_replan t=72.0 big=0] gbest=1806.9 | EKR=2.40 EKV=1.66 EBANK=1.94 ADEC=1.23 TLD=1.79 KDIV=0.51 KVN=1.52 IGN=0.40 TGL=0.12 KV=1.31
  [rfly_replan t=82.0 big=0] gbest=1806.9 | EKR=2.40 EKV=1.66 EBANK=1.94 ADEC=1.23 TLD=1.79 KDIV=0.51 KVN=1.52 IGN=0.40 TGL=0.12 KV=1.31
  [rfly_replan t=92.1 big=0] gbest=1806.9 | EKR=2.40 EKV=1.66 EBANK=1.94 ADEC=1.23 TLD=1.79 KDIV=0.51 KVN=1.52 IGN=0.40 TGL=0.12 KV=1.31
  [rfly_replan t=102.1 big=0] gbest=1806.9 | EKR=2.40 EKV=1.66 EBANK=1.94 ADEC=1.23 TLD=1.79 KDIV=0.51 KVN=1.52 IGN=0.40 TGL=0.12 KV=1.31
  [rfly_replan t=112.1 big=0] gbest=1806.9 | EKR=2.40 EKV=1.66 EBANK=1.94 ADEC=1.23 TLD=1.79 KDIV=0.51 KVN=1.52 IGN=0.40 TGL=0.12 KV=1.31
  [imu] reference LOST t=116.47 float=x gimbal rates o/m/i = -45/3/-9 deg/s (limit 45) MGA=7.6
  [rfly_replan t=122.1 big=0] gbest=1773.2 | EKR=2.61 EKV=1.57 EBANK=2.04 ADEC=1.22 TLD=2.17 KDIV=0.45 KVN=1.51 IGN=0.40 TGL=0.26 KV=1.27
  [rfly_replan t=132.1 big=0] gbest=1773.2 | EKR=2.61 EKV=1.57 EBANK=2.04 ADEC=1.22 TLD=2.17 KDIV=0.45 KVN=1.51 IGN=0.40 TGL=0.26 KV=1.27
  [rfly_replan t=0.0 big=1] gbest=438.1 | EKR=1.53 EKV=1.85 EBANK=0.97 ADEC=1.07 TLD=0.65 KDIV=0.45 KVN=0.56 IGN=1.08 TGL=0.00 KV=0.93
  [rfly_replan t=9.1 big=0] gbest=1101.9 | EKR=1.55 EKV=1.82 EBANK=0.95 ADEC=0.98 TLD=0.65 KDIV=0.40 KVN=0.53 IGN=1.21 TGL=0.02 KV=1.03
  [rfly_replan t=19.1 big=0] gbest=1099.3 | EKR=1.84 EKV=1.80 EBANK=0.93 ADEC=0.97 TLD=0.73 KDIV=0.40 KVN=0.50 IGN=1.23 TGL=0.02 KV=0.98
  [rfly_replan t=29.1 big=0] gbest=1032.4 | EKR=1.91 EKV=1.93 EBANK=0.93 ADEC=1.15 TLD=0.59 KDIV=0.40 KVN=0.50 IGN=1.57 TGL=0.14 KV=1.12
  [rfly_replan t=31.4 big=0] gbest=891.5 | EKR=1.99 EKV=1.64 EBANK=0.82 ADEC=1.07 TLD=0.43 KDIV=0.41 KVN=0.50 IGN=1.47 TGL=0.00 KV=1.16
  [rfly_replan t=41.4 big=0] gbest=891.5 | EKR=1.99 EKV=1.64 EBANK=0.82 ADEC=1.07 TLD=0.43 KDIV=0.41 KVN=0.50 IGN=1.47 TGL=0.00 KV=1.16
  [rfly_replan t=51.4 big=0] gbest=891.5 | EKR=1.99 EKV=1.64 EBANK=0.82 ADEC=1.07 TLD=0.43 KDIV=0.41 KVN=0.50 IGN=1.47 TGL=0.00 KV=1.16
  [rfly_replan t=61.4 big=0] gbest=891.5 | EKR=1.99 EKV=1.64 EBANK=0.82 ADEC=1.07 TLD=0.43 KDIV=0.41 KVN=0.50 IGN=1.47 TGL=0.00 KV=1.16
  [rfly_replan t=71.4 big=0] gbest=890.0 | EKR=1.98 EKV=1.65 EBANK=0.79 ADEC=1.09 TLD=0.48 KDIV=0.40 KVN=0.50 IGN=1.47 TGL=0.00 KV=1.32
  [rfly_replan t=81.4 big=0] gbest=806.9 | EKR=2.16 EKV=1.66 EBANK=0.77 ADEC=1.05 TLD=0.43 KDIV=0.40 KVN=0.50 IGN=1.54 TGL=0.01 KV=1.30
  [rfly_replan t=91.4 big=0] gbest=786.8 | EKR=2.00 EKV=1.65 EBANK=0.70 ADEC=1.03 TLD=0.29 KDIV=0.42 KVN=0.50 IGN=1.51 TGL=0.02 KV=1.18
  [rfly_replan t=101.5 big=0] gbest=775.2 | EKR=2.01 EKV=1.61 EBANK=0.60 ADEC=0.94 TLD=0.31 KDIV=0.42 KVN=0.51 IGN=1.48 TGL=0.13 KV=1.07
  [rfly_replan t=111.5 big=0] gbest=775.2 | EKR=2.01 EKV=1.61 EBANK=0.60 ADEC=0.94 TLD=0.31 KDIV=0.42 KVN=0.51 IGN=1.48 TGL=0.13 KV=1.07
  [rfly_replan t=0.0 big=1] gbest=975.6 | EKR=1.73 EKV=1.22 EBANK=1.13 ADEC=0.78 TLD=0.97 KDIV=1.24 KVN=0.50 IGN=0.40 TGL=0.00 KV=1.52
  [rfly_replan t=10.0 big=0] gbest=919.2 | EKR=1.59 EKV=1.38 EBANK=1.14 ADEC=0.78 TLD=0.92 KDIV=1.30 KVN=0.65 IGN=0.40 TGL=0.00 KV=1.52
  [rfly_replan t=17.7 big=0] gbest=2203.4 | EKR=1.56 EKV=0.87 EBANK=1.28 ADEC=0.70 TLD=0.79 KDIV=1.07 KVN=0.81 IGN=0.40 TGL=0.03 KV=1.59
  [rfly_replan t=27.7 big=0] gbest=2203.4 | EKR=1.56 EKV=0.87 EBANK=1.28 ADEC=0.70 TLD=0.79 KDIV=1.07 KVN=0.81 IGN=0.40 TGL=0.03 KV=1.59
  [rfly_replan t=31.6 big=0] gbest=2203.4 | EKR=1.56 EKV=0.87 EBANK=1.28 ADEC=0.70 TLD=0.79 KDIV=1.07 KVN=0.81 IGN=0.40 TGL=0.03 KV=1.59
  [rfly_replan t=41.6 big=0] gbest=1918.9 | EKR=1.64 EKV=0.66 EBANK=1.44 ADEC=0.63 TLD=0.71 KDIV=0.81 KVN=0.91 IGN=0.40 TGL=0.00 KV=1.58
  [rfly_replan t=51.6 big=0] gbest=1918.9 | EKR=1.64 EKV=0.66 EBANK=1.44 ADEC=0.63 TLD=0.71 KDIV=0.81 KVN=0.91 IGN=0.40 TGL=0.00 KV=1.58
  [rfly_replan t=61.6 big=0] gbest=1918.9 | EKR=1.64 EKV=0.66 EBANK=1.44 ADEC=0.63 TLD=0.71 KDIV=0.81 KVN=0.91 IGN=0.40 TGL=0.00 KV=1.58
  [rfly_replan t=71.6 big=0] gbest=1918.9 | EKR=1.64 EKV=0.66 EBANK=1.44 ADEC=0.63 TLD=0.71 KDIV=0.81 KVN=0.91 IGN=0.40 TGL=0.00 KV=1.58
  [rfly_replan t=81.7 big=0] gbest=1918.9 | EKR=1.64 EKV=0.66 EBANK=1.44 ADEC=0.63 TLD=0.71 KDIV=0.81 KVN=0.91 IGN=0.40 TGL=0.00 KV=1.58
  [rfly_replan t=91.7 big=0] gbest=1918.9 | EKR=1.64 EKV=0.66 EBANK=1.44 ADEC=0.63 TLD=0.71 KDIV=0.81 KVN=0.91 IGN=0.40 TGL=0.00 KV=1.58
  [rfly_replan t=101.7 big=0] gbest=1918.9 | EKR=1.64 EKV=0.66 EBANK=1.44 ADEC=0.63 TLD=0.71 KDIV=0.81 KVN=0.91 IGN=0.40 TGL=0.00 KV=1.58
  [rfly_replan t=111.7 big=0] gbest=1493.8 | EKR=1.39 EKV=0.76 EBANK=1.46 ADEC=0.49 TLD=0.74 KDIV=0.77 KVN=0.72 IGN=0.41 TGL=0.00 KV=1.75
  [rfly_replan t=121.7 big=0] gbest=1294.0 | EKR=1.19 EKV=0.58 EBANK=1.28 ADEC=0.40 TLD=0.77 KDIV=0.88 KVN=0.62 IGN=0.69 TGL=0.00 KV=1.86
  [rfly_replan t=131.7 big=0] gbest=1233.5 | EKR=1.22 EKV=0.79 EBANK=1.42 ADEC=0.40 TLD=0.54 KDIV=1.06 KVN=0.70 IGN=0.40 TGL=0.00 KV=1.81
  [rfly_replan t=141.7 big=0] gbest=1233.5 | EKR=1.22 EKV=0.79 EBANK=1.42 ADEC=0.40 TLD=0.54 KDIV=1.06 KVN=0.70 IGN=0.40 TGL=0.00 KV=1.81
  [rfly_replan t=0.0 big=1] gbest=632.2 | EKR=0.82 EKV=1.54 EBANK=0.63 ADEC=0.85 TLD=0.86 KDIV=0.58 KVN=1.00 IGN=0.40 TGL=0.13 KV=1.19
  [rfly_replan t=10.0 big=0] gbest=632.2 | EKR=0.82 EKV=1.54 EBANK=0.63 ADEC=0.85 TLD=0.86 KDIV=0.58 KVN=1.00 IGN=0.40 TGL=0.13 KV=1.19
  [rfly_replan t=12.4 big=0] gbest=19149.2 | EKR=1.11 EKV=1.63 EBANK=0.73 ADEC=0.85 TLD=0.50 KDIV=0.62 KVN=1.18 IGN=0.41 TGL=0.25 KV=1.38
  [rfly_replan t=22.4 big=0] gbest=10281.5 | EKR=1.23 EKV=1.81 EBANK=0.71 ADEC=0.85 TLD=0.59 KDIV=0.58 KVN=1.08 IGN=0.44 TGL=0.27 KV=1.37
  [rfly_replan t=32.4 big=0] gbest=10000.2 | EKR=1.28 EKV=1.79 EBANK=0.70 ADEC=0.85 TLD=0.65 KDIV=0.57 KVN=1.05 IGN=0.46 TGL=0.26 KV=1.51
  [rfly_replan t=33.7 big=0] gbest=10000.2 | EKR=1.28 EKV=1.79 EBANK=0.70 ADEC=0.85 TLD=0.65 KDIV=0.57 KVN=1.05 IGN=0.46 TGL=0.26 KV=1.51
  [rfly_replan t=43.7 big=0] gbest=9832.6 | EKR=1.08 EKV=1.83 EBANK=0.81 ADEC=0.88 TLD=0.63 KDIV=0.57 KVN=1.05 IGN=0.63 TGL=0.15 KV=1.58
  [rfly_replan t=53.7 big=0] gbest=9832.6 | EKR=1.08 EKV=1.83 EBANK=0.81 ADEC=0.88 TLD=0.63 KDIV=0.57 KVN=1.05 IGN=0.63 TGL=0.15 KV=1.58
  [rfly_replan t=63.7 big=0] gbest=9832.6 | EKR=1.08 EKV=1.83 EBANK=0.81 ADEC=0.88 TLD=0.63 KDIV=0.57 KVN=1.05 IGN=0.63 TGL=0.15 KV=1.58
  [rfly_replan t=73.8 big=0] gbest=9832.6 | EKR=1.08 EKV=1.83 EBANK=0.81 ADEC=0.88 TLD=0.63 KDIV=0.57 KVN=1.05 IGN=0.63 TGL=0.15 KV=1.58
  [rfly_replan t=83.8 big=0] gbest=9483.2 | EKR=1.03 EKV=1.84 EBANK=0.67 ADEC=0.83 TLD=0.65 KDIV=0.57 KVN=0.95 IGN=0.61 TGL=0.15 KV=1.67
  [rfly_replan t=93.8 big=0] gbest=8889.1 | EKR=0.99 EKV=1.88 EBANK=0.71 ADEC=0.81 TLD=0.68 KDIV=0.54 KVN=0.98 IGN=0.62 TGL=0.29 KV=1.71
  [rfly_replan t=103.8 big=0] gbest=8889.1 | EKR=0.99 EKV=1.88 EBANK=0.71 ADEC=0.81 TLD=0.68 KDIV=0.54 KVN=0.98 IGN=0.62 TGL=0.29 KV=1.71
  [rfly_replan t=113.8 big=0] gbest=8889.1 | EKR=0.99 EKV=1.88 EBANK=0.71 ADEC=0.81 TLD=0.68 KDIV=0.54 KVN=0.98 IGN=0.62 TGL=0.29 KV=1.71
  [imu] reference LOST t=120.22 float=x gimbal rates o/m/i = -45/7/4 deg/s (limit 45) MGA=-2.6
  [rfly_replan t=123.9 big=0] gbest=8832.2 | EKR=0.72 EKV=2.23 EBANK=0.60 ADEC=0.84 TLD=0.82 KDIV=0.52 KVN=0.82 IGN=0.61 TGL=0.32 KV=1.54
  [rfly_replan t=133.9 big=0] gbest=8831.6 | EKR=0.99 EKV=2.40 EBANK=0.75 ADEC=0.91 TLD=0.72 KDIV=0.48 KVN=0.91 IGN=0.91 TGL=0.29 KV=1.52
  [rfly_replan t=0.0 big=1] gbest=553.0 | EKR=1.57 EKV=1.75 EBANK=1.04 ADEC=0.54 TLD=0.45 KDIV=0.55 KVN=1.10 IGN=1.27 TGL=0.13 KV=0.54
  [rfly_replan t=7.0 big=0] gbest=1888.8 | EKR=1.31 EKV=1.76 EBANK=1.09 ADEC=0.54 TLD=0.45 KDIV=0.46 KVN=1.11 IGN=1.13 TGL=0.16 KV=0.80
  [rfly_replan t=17.0 big=0] gbest=1225.4 | EKR=1.73 EKV=2.14 EBANK=1.12 ADEC=0.53 TLD=0.32 KDIV=0.48 KVN=1.25 IGN=0.71 TGL=0.14 KV=0.83
  [rfly_replan t=27.0 big=0] gbest=1225.4 | EKR=1.73 EKV=2.14 EBANK=1.12 ADEC=0.53 TLD=0.32 KDIV=0.48 KVN=1.25 IGN=0.71 TGL=0.14 KV=0.83
  [rfly_replan t=33.3 big=0] gbest=1063.6 | EKR=1.91 EKV=2.14 EBANK=1.28 ADEC=0.53 TLD=0.30 KDIV=0.40 KVN=1.26 IGN=0.52 TGL=0.10 KV=0.94
  [rfly_replan t=43.3 big=0] gbest=771.3 | EKR=1.87 EKV=2.13 EBANK=1.16 ADEC=0.53 TLD=0.31 KDIV=0.41 KVN=1.55 IGN=0.40 TGL=0.07 KV=0.80
  [rfly_replan t=53.3 big=0] gbest=771.3 | EKR=1.87 EKV=2.13 EBANK=1.16 ADEC=0.53 TLD=0.31 KDIV=0.41 KVN=1.55 IGN=0.40 TGL=0.07 KV=0.80
  [rfly_replan t=63.3 big=0] gbest=649.7 | EKR=1.90 EKV=1.91 EBANK=1.16 ADEC=0.68 TLD=0.25 KDIV=0.40 KVN=1.66 IGN=0.62 TGL=0.15 KV=0.86
  [rfly_replan t=73.3 big=0] gbest=506.1 | EKR=1.99 EKV=1.88 EBANK=1.08 ADEC=0.67 TLD=0.26 KDIV=0.40 KVN=1.53 IGN=0.58 TGL=0.29 KV=0.90
  [rfly_replan t=83.3 big=0] gbest=506.1 | EKR=1.99 EKV=1.88 EBANK=1.08 ADEC=0.67 TLD=0.26 KDIV=0.40 KVN=1.53 IGN=0.58 TGL=0.29 KV=0.90
  [rfly_replan t=93.3 big=0] gbest=507.6 | EKR=1.99 EKV=1.88 EBANK=1.08 ADEC=0.67 TLD=0.26 KDIV=0.40 KVN=1.53 IGN=0.58 TGL=0.29 KV=0.90
  [imu] reference LOST t=101.99 float=x gimbal rates o/m/i = -45/3/5 deg/s (limit 45) MGA=1.3
  [rfly_replan t=103.4 big=0] gbest=488.1 | EKR=1.70 EKV=1.87 EBANK=1.05 ADEC=0.72 TLD=0.25 KDIV=0.40 KVN=1.39 IGN=0.47 TGL=0.28 KV=0.86
  [rfly_replan t=113.4 big=0] gbest=480.2 | EKR=1.32 EKV=1.69 EBANK=0.92 ADEC=1.01 TLD=0.30 KDIV=0.51 KVN=1.72 IGN=0.66 TGL=0.17 KV=0.58
  [rfly_replan t=0.0 big=1] gbest=350.5 | EKR=1.57 EKV=1.75 EBANK=1.04 ADEC=0.54 TLD=0.45 KDIV=0.55 KVN=1.10 IGN=1.27 TGL=0.13 KV=0.54
  [rfly_replan t=10.0 big=0] gbest=350.5 | EKR=1.57 EKV=1.75 EBANK=1.04 ADEC=0.54 TLD=0.45 KDIV=0.55 KVN=1.10 IGN=1.27 TGL=0.13 KV=0.54
  [rfly_replan t=15.7 big=0] gbest=23726.1 | EKR=1.69 EKV=1.45 EBANK=0.94 ADEC=0.41 TLD=0.50 KDIV=0.63 KVN=1.03 IGN=1.68 TGL=0.04 KV=0.62
  [rfly_replan t=25.7 big=0] gbest=6005.2 | EKR=1.88 EKV=1.28 EBANK=1.14 ADEC=0.41 TLD=0.25 KDIV=0.48 KVN=1.17 IGN=1.79 TGL=0.38 KV=0.99
  [rfly_replan t=31.3 big=0] gbest=1195.7 | EKR=2.17 EKV=1.35 EBANK=1.10 ADEC=0.49 TLD=0.67 KDIV=0.48 KVN=1.00 IGN=1.53 TGL=0.36 KV=0.82
  [rfly_replan t=41.3 big=0] gbest=981.6 | EKR=2.19 EKV=1.15 EBANK=1.00 ADEC=0.50 TLD=0.61 KDIV=0.40 KVN=1.00 IGN=1.26 TGL=0.28 KV=0.82
  [rfly_replan t=51.3 big=0] gbest=981.6 | EKR=2.19 EKV=1.15 EBANK=1.00 ADEC=0.50 TLD=0.61 KDIV=0.40 KVN=1.00 IGN=1.26 TGL=0.28 KV=0.82
  [rfly_replan t=61.3 big=0] gbest=981.6 | EKR=2.19 EKV=1.15 EBANK=1.00 ADEC=0.50 TLD=0.61 KDIV=0.40 KVN=1.00 IGN=1.26 TGL=0.28 KV=0.82
  [rfly_replan t=71.3 big=0] gbest=981.6 | EKR=2.19 EKV=1.15 EBANK=1.00 ADEC=0.50 TLD=0.61 KDIV=0.40 KVN=1.00 IGN=1.26 TGL=0.28 KV=0.82
  [rfly_replan t=81.3 big=0] gbest=981.6 | EKR=2.19 EKV=1.15 EBANK=1.00 ADEC=0.50 TLD=0.61 KDIV=0.40 KVN=1.00 IGN=1.26 TGL=0.28 KV=0.82
  [rfly_replan t=91.4 big=0] gbest=969.3 | EKR=1.84 EKV=1.03 EBANK=1.04 ADEC=0.47 TLD=0.61 KDIV=0.40 KVN=0.98 IGN=1.30 TGL=0.26 KV=0.62
  [rfly_replan t=101.4 big=0] gbest=969.3 | EKR=1.84 EKV=1.03 EBANK=1.04 ADEC=0.47 TLD=0.61 KDIV=0.40 KVN=0.98 IGN=1.30 TGL=0.26 KV=0.62
  [imu] reference LOST t=107.76 float=x gimbal rates o/m/i = -45/3/2 deg/s (limit 45) MGA=4.7
  [rfly_replan t=111.4 big=0] gbest=969.3 | EKR=1.84 EKV=1.03 EBANK=1.04 ADEC=0.47 TLD=0.61 KDIV=0.40 KVN=0.98 IGN=1.30 TGL=0.26 KV=0.62
  [rfly_replan t=121.4 big=0] gbest=966.6 | EKR=1.85 EKV=0.96 EBANK=1.00 ADEC=0.64 TLD=0.44 KDIV=0.40 KVN=0.86 IGN=1.31 TGL=0.17 KV=0.63
  [rfly_replan t=131.4 big=0] gbest=966.6 | EKR=1.85 EKV=0.96 EBANK=1.00 ADEC=0.64 TLD=0.44 KDIV=0.40 KVN=0.86 IGN=1.31 TGL=0.17 KV=0.63
  [rfly_replan t=0.0 big=1] gbest=380.7 | EKR=1.56 EKV=1.78 EBANK=0.88 ADEC=1.59 TLD=0.70 KDIV=0.40 KVN=0.50 IGN=1.21 TGL=0.00 KV=1.06
  [rfly_replan t=10.0 big=0] gbest=265.7 | EKR=1.61 EKV=1.82 EBANK=0.73 ADEC=1.62 TLD=0.89 KDIV=0.41 KVN=0.50 IGN=1.21 TGL=0.01 KV=1.02
  [rfly_replan t=10.3 big=0] gbest=903.2 | EKR=1.56 EKV=1.80 EBANK=0.78 ADEC=1.73 TLD=0.99 KDIV=0.40 KVN=0.55 IGN=1.18 TGL=0.00 KV=1.25
  [rfly_replan t=20.3 big=0] gbest=903.2 | EKR=1.56 EKV=1.80 EBANK=0.78 ADEC=1.73 TLD=0.99 KDIV=0.40 KVN=0.55 IGN=1.18 TGL=0.00 KV=1.25
  [rfly_replan t=30.1 big=0] gbest=903.2 | EKR=1.56 EKV=1.80 EBANK=0.78 ADEC=1.73 TLD=0.99 KDIV=0.40 KVN=0.55 IGN=1.18 TGL=0.00 KV=1.25
  [rfly_replan t=40.1 big=0] gbest=800.8 | EKR=1.37 EKV=1.70 EBANK=0.77 ADEC=1.74 TLD=1.03 KDIV=0.40 KVN=0.51 IGN=1.18 TGL=0.03 KV=1.27
  [rfly_replan t=50.1 big=0] gbest=800.8 | EKR=1.37 EKV=1.70 EBANK=0.77 ADEC=1.74 TLD=1.03 KDIV=0.40 KVN=0.51 IGN=1.18 TGL=0.03 KV=1.27
  [rfly_replan t=60.1 big=0] gbest=800.8 | EKR=1.37 EKV=1.70 EBANK=0.77 ADEC=1.74 TLD=1.03 KDIV=0.40 KVN=0.51 IGN=1.18 TGL=0.03 KV=1.27
  [rfly_replan t=70.1 big=0] gbest=800.8 | EKR=1.37 EKV=1.70 EBANK=0.77 ADEC=1.74 TLD=1.03 KDIV=0.40 KVN=0.51 IGN=1.18 TGL=0.03 KV=1.27
  [rfly_replan t=80.1 big=0] gbest=800.8 | EKR=1.37 EKV=1.70 EBANK=0.77 ADEC=1.74 TLD=1.03 KDIV=0.40 KVN=0.51 IGN=1.18 TGL=0.03 KV=1.27
  [rfly_replan t=90.1 big=0] gbest=800.8 | EKR=1.37 EKV=1.70 EBANK=0.77 ADEC=1.74 TLD=1.03 KDIV=0.40 KVN=0.51 IGN=1.18 TGL=0.03 KV=1.27
  [rfly_replan t=100.2 big=0] gbest=771.0 | EKR=1.36 EKV=2.20 EBANK=0.78 ADEC=1.68 TLD=0.85 KDIV=0.41 KVN=0.52 IGN=1.14 TGL=0.05 KV=1.45
  [rfly_replan t=110.2 big=0] gbest=767.7 | EKR=1.63 EKV=2.19 EBANK=0.68 ADEC=1.73 TLD=1.18 KDIV=0.55 KVN=0.53 IGN=0.95 TGL=0.00 KV=1.34
  [rfly_replan t=120.2 big=0] gbest=767.7 | EKR=1.63 EKV=2.19 EBANK=0.68 ADEC=1.73 TLD=1.18 KDIV=0.55 KVN=0.53 IGN=0.95 TGL=0.00 KV=1.34
  [rfly_replan t=0.0 big=1] gbest=446.0 | EKR=0.96 EKV=0.68 EBANK=1.44 ADEC=1.44 TLD=1.33 KDIV=0.40 KVN=0.67 IGN=1.22 TGL=0.41 KV=1.33
  [rfly_replan t=5.0 big=0] gbest=1354.4 | EKR=1.00 EKV=0.69 EBANK=1.72 ADEC=1.20 TLD=1.29 KDIV=0.40 KVN=0.57 IGN=0.87 TGL=0.27 KV=1.57
  [rfly_replan t=15.0 big=0] gbest=711.0 | EKR=0.81 EKV=0.56 EBANK=1.40 ADEC=1.10 TLD=1.16 KDIV=0.40 KVN=0.55 IGN=0.77 TGL=0.39 KV=1.58
  [rfly_replan t=25.0 big=0] gbest=711.0 | EKR=0.81 EKV=0.56 EBANK=1.40 ADEC=1.10 TLD=1.16 KDIV=0.40 KVN=0.55 IGN=0.77 TGL=0.39 KV=1.58
  [rfly_replan t=33.7 big=0] gbest=420.1 | EKR=0.79 EKV=0.40 EBANK=1.43 ADEC=1.08 TLD=1.09 KDIV=0.40 KVN=0.55 IGN=0.76 TGL=0.06 KV=1.54
  [rfly_replan t=43.7 big=0] gbest=420.1 | EKR=0.79 EKV=0.40 EBANK=1.43 ADEC=1.08 TLD=1.09 KDIV=0.40 KVN=0.55 IGN=0.76 TGL=0.06 KV=1.54
  [rfly_replan t=53.7 big=0] gbest=420.1 | EKR=0.79 EKV=0.40 EBANK=1.43 ADEC=1.08 TLD=1.09 KDIV=0.40 KVN=0.55 IGN=0.76 TGL=0.06 KV=1.54
  [rfly_replan t=63.7 big=0] gbest=420.1 | EKR=0.79 EKV=0.40 EBANK=1.43 ADEC=1.08 TLD=1.09 KDIV=0.40 KVN=0.55 IGN=0.76 TGL=0.06 KV=1.54
  [rfly_replan t=73.7 big=0] gbest=420.1 | EKR=0.79 EKV=0.40 EBANK=1.43 ADEC=1.08 TLD=1.09 KDIV=0.40 KVN=0.55 IGN=0.76 TGL=0.06 KV=1.54
  [rfly_replan t=83.8 big=0] gbest=348.5 | EKR=0.87 EKV=0.49 EBANK=1.44 ADEC=1.06 TLD=1.24 KDIV=0.40 KVN=0.53 IGN=0.72 TGL=0.06 KV=1.60
  [rfly_replan t=93.8 big=0] gbest=319.8 | EKR=0.71 EKV=0.96 EBANK=1.57 ADEC=1.06 TLD=1.20 KDIV=0.40 KVN=0.56 IGN=0.73 TGL=0.00 KV=1.82
  [rfly_replan t=103.8 big=0] gbest=296.9 | EKR=0.30 EKV=1.00 EBANK=1.49 ADEC=1.12 TLD=1.13 KDIV=0.41 KVN=0.80 IGN=0.47 TGL=0.23 KV=1.85
  [rfly_replan t=0.0 big=1] gbest=450.9 | EKR=1.39 EKV=1.07 EBANK=1.44 ADEC=0.59 TLD=1.16 KDIV=0.60 KVN=1.34 IGN=1.30 TGL=0.13 KV=1.07
  [rfly_replan t=10.0 big=0] gbest=450.9 | EKR=1.39 EKV=1.07 EBANK=1.44 ADEC=0.59 TLD=1.16 KDIV=0.60 KVN=1.34 IGN=1.30 TGL=0.13 KV=1.07
  [rfly_replan t=13.6 big=0] gbest=1422.6 | EKR=1.23 EKV=0.75 EBANK=1.29 ADEC=0.52 TLD=0.96 KDIV=0.51 KVN=1.41 IGN=1.17 TGL=0.17 KV=0.89
  [rfly_replan t=23.6 big=0] gbest=1422.6 | EKR=1.23 EKV=0.75 EBANK=1.29 ADEC=0.52 TLD=0.96 KDIV=0.51 KVN=1.41 IGN=1.17 TGL=0.17 KV=0.89
  [rfly_replan t=30.2 big=0] gbest=1193.3 | EKR=1.14 EKV=0.75 EBANK=1.33 ADEC=0.57 TLD=1.01 KDIV=0.45 KVN=1.16 IGN=1.18 TGL=0.33 KV=0.88
  [rfly_replan t=40.2 big=0] gbest=813.4 | EKR=1.20 EKV=0.99 EBANK=1.43 ADEC=0.56 TLD=0.99 KDIV=0.43 KVN=1.07 IGN=0.99 TGL=0.27 KV=0.77
  [rfly_replan t=50.2 big=0] gbest=776.8 | EKR=0.77 EKV=0.77 EBANK=1.50 ADEC=0.58 TLD=0.91 KDIV=0.40 KVN=1.15 IGN=1.16 TGL=0.41 KV=0.71
  [rfly_replan t=60.2 big=0] gbest=359.1 | EKR=0.90 EKV=0.95 EBANK=1.47 ADEC=0.50 TLD=0.98 KDIV=0.40 KVN=1.14 IGN=1.12 TGL=0.62 KV=0.58
  [rfly_replan t=70.3 big=0] gbest=359.1 | EKR=0.90 EKV=0.95 EBANK=1.47 ADEC=0.50 TLD=0.98 KDIV=0.40 KVN=1.14 IGN=1.12 TGL=0.62 KV=0.58
  [rfly_replan t=80.3 big=0] gbest=359.1 | EKR=0.90 EKV=0.95 EBANK=1.47 ADEC=0.50 TLD=0.98 KDIV=0.40 KVN=1.14 IGN=1.12 TGL=0.62 KV=0.58
  [rfly_replan t=90.3 big=0] gbest=359.1 | EKR=0.90 EKV=0.95 EBANK=1.47 ADEC=0.50 TLD=0.98 KDIV=0.40 KVN=1.14 IGN=1.12 TGL=0.62 KV=0.58
  [rfly_replan t=100.3 big=0] gbest=270.2 | EKR=0.84 EKV=0.86 EBANK=1.71 ADEC=0.54 TLD=0.66 KDIV=0.60 KVN=1.01 IGN=1.61 TGL=0.48 KV=0.98
  [rfly_replan t=110.3 big=0] gbest=270.2 | EKR=0.84 EKV=0.86 EBANK=1.71 ADEC=0.54 TLD=0.66 KDIV=0.60 KVN=1.01 IGN=1.61 TGL=0.48 KV=0.98
  [rfly_replan t=0.0 big=1] gbest=479.3 | EKR=1.34 EKV=1.49 EBANK=1.47 ADEC=1.44 TLD=1.48 KDIV=0.40 KVN=0.88 IGN=1.53 TGL=0.32 KV=0.88
  [rfly_replan t=8.3 big=0] gbest=1753.7 | EKR=1.16 EKV=1.79 EBANK=1.36 ADEC=1.56 TLD=1.58 KDIV=0.40 KVN=0.99 IGN=1.88 TGL=0.44 KV=0.90
  [rfly_replan t=18.3 big=0] gbest=1533.9 | EKR=0.99 EKV=1.84 EBANK=1.27 ADEC=1.56 TLD=1.35 KDIV=0.41 KVN=1.30 IGN=1.97 TGL=0.20 KV=0.77
  [rfly_replan t=28.3 big=0] gbest=1533.9 | EKR=0.99 EKV=1.84 EBANK=1.27 ADEC=1.56 TLD=1.35 KDIV=0.41 KVN=1.30 IGN=1.97 TGL=0.20 KV=0.77
  [rfly_replan t=33.1 big=0] gbest=1533.9 | EKR=0.99 EKV=1.84 EBANK=1.27 ADEC=1.56 TLD=1.35 KDIV=0.41 KVN=1.30 IGN=1.97 TGL=0.20 KV=0.77
  [rfly_replan t=43.1 big=0] gbest=1412.6 | EKR=0.98 EKV=1.72 EBANK=1.30 ADEC=1.58 TLD=1.37 KDIV=0.40 KVN=1.18 IGN=1.93 TGL=0.27 KV=0.58
  [rfly_replan t=53.1 big=0] gbest=1238.0 | EKR=1.16 EKV=1.38 EBANK=1.54 ADEC=1.36 TLD=1.12 KDIV=0.40 KVN=1.22 IGN=2.08 TGL=0.27 KV=0.59
  [rfly_replan t=63.1 big=0] gbest=1238.0 | EKR=1.16 EKV=1.38 EBANK=1.54 ADEC=1.36 TLD=1.12 KDIV=0.40 KVN=1.22 IGN=2.08 TGL=0.27 KV=0.59
  [rfly_replan t=73.1 big=0] gbest=1105.3 | EKR=0.93 EKV=1.52 EBANK=1.54 ADEC=1.40 TLD=1.00 KDIV=0.40 KVN=1.24 IGN=2.41 TGL=0.21 KV=0.57
  [rfly_replan t=83.1 big=0] gbest=1032.4 | EKR=0.90 EKV=1.47 EBANK=1.54 ADEC=1.50 TLD=1.00 KDIV=0.40 KVN=1.14 IGN=2.34 TGL=0.18 KV=0.60
  [rfly_replan t=93.1 big=0] gbest=1011.9 | EKR=1.14 EKV=1.59 EBANK=1.45 ADEC=1.54 TLD=1.05 KDIV=0.40 KVN=0.97 IGN=2.32 TGL=0.15 KV=0.50
  [rfly_replan t=103.2 big=0] gbest=1011.9 | EKR=1.14 EKV=1.59 EBANK=1.45 ADEC=1.54 TLD=1.05 KDIV=0.40 KVN=0.97 IGN=2.32 TGL=0.15 KV=0.50
  [imu] reference LOST t=105.76 float=x gimbal rates o/m/i = -45/-2/-2 deg/s (limit 45) MGA=-5.1
  [rfly_replan t=113.2 big=0] gbest=854.5 | EKR=1.12 EKV=1.29 EBANK=1.68 ADEC=1.66 TLD=1.43 KDIV=0.52 KVN=1.28 IGN=2.53 TGL=0.00 KV=0.72
  [rfly_replan t=123.2 big=0] gbest=854.5 | EKR=1.12 EKV=1.29 EBANK=1.68 ADEC=1.66 TLD=1.43 KDIV=0.52 KVN=1.28 IGN=2.53 TGL=0.00 KV=0.72
  [rfly_replan t=0.0 big=1] gbest=483.6 | EKR=2.16 EKV=1.26 EBANK=2.01 ADEC=1.01 TLD=0.91 KDIV=0.44 KVN=0.76 IGN=0.40 TGL=0.00 KV=1.15
  [rfly_replan t=10.0 big=0] gbest=283.6 | EKR=2.36 EKV=1.04 EBANK=1.98 ADEC=1.13 TLD=0.91 KDIV=0.51 KVN=0.61 IGN=0.49 TGL=0.17 KV=1.17
  [rfly_replan t=16.9 big=0] gbest=4279.5 | EKR=2.19 EKV=0.83 EBANK=1.93 ADEC=1.04 TLD=1.01 KDIV=0.60 KVN=0.66 IGN=0.40 TGL=0.32 KV=1.00
  [rfly_replan t=27.0 big=0] gbest=1610.8 | EKR=2.61 EKV=1.03 EBANK=1.97 ADEC=0.85 TLD=1.08 KDIV=0.58 KVN=0.76 IGN=0.65 TGL=0.22 KV=1.00
  [rfly_replan t=30.0 big=0] gbest=1610.8 | EKR=2.61 EKV=1.03 EBANK=1.97 ADEC=0.85 TLD=1.08 KDIV=0.58 KVN=0.76 IGN=0.65 TGL=0.22 KV=1.00
  [rfly_replan t=40.0 big=0] gbest=1610.8 | EKR=2.61 EKV=1.03 EBANK=1.97 ADEC=0.85 TLD=1.08 KDIV=0.58 KVN=0.76 IGN=0.65 TGL=0.22 KV=1.00
  [rfly_replan t=50.0 big=0] gbest=1610.8 | EKR=2.61 EKV=1.03 EBANK=1.97 ADEC=0.85 TLD=1.08 KDIV=0.58 KVN=0.76 IGN=0.65 TGL=0.22 KV=1.00
  [rfly_replan t=60.0 big=0] gbest=1610.8 | EKR=2.61 EKV=1.03 EBANK=1.97 ADEC=0.85 TLD=1.08 KDIV=0.58 KVN=0.76 IGN=0.65 TGL=0.22 KV=1.00
  [rfly_replan t=70.1 big=0] gbest=1610.8 | EKR=2.61 EKV=1.03 EBANK=1.97 ADEC=0.85 TLD=1.08 KDIV=0.58 KVN=0.76 IGN=0.65 TGL=0.22 KV=1.00
  [rfly_replan t=80.1 big=0] gbest=1610.8 | EKR=2.61 EKV=1.03 EBANK=1.97 ADEC=0.85 TLD=1.08 KDIV=0.58 KVN=0.76 IGN=0.65 TGL=0.22 KV=1.00
  [rfly_replan t=90.1 big=0] gbest=1441.3 | EKR=2.75 EKV=1.21 EBANK=1.95 ADEC=0.91 TLD=0.78 KDIV=0.49 KVN=0.53 IGN=0.77 TGL=0.43 KV=0.94
  [rfly_replan t=100.1 big=0] gbest=1441.3 | EKR=2.75 EKV=1.21 EBANK=1.95 ADEC=0.91 TLD=0.78 KDIV=0.49 KVN=0.53 IGN=0.77 TGL=0.43 KV=0.94
  [rfly_replan t=110.1 big=0] gbest=1441.3 | EKR=2.75 EKV=1.21 EBANK=1.95 ADEC=0.91 TLD=0.78 KDIV=0.49 KVN=0.53 IGN=0.77 TGL=0.43 KV=0.94
  [rfly_replan t=120.2 big=0] gbest=1420.9 | EKR=2.56 EKV=1.05 EBANK=2.10 ADEC=0.94 TLD=0.59 KDIV=0.40 KVN=0.50 IGN=0.81 TGL=0.59 KV=0.79
  [rfly_replan t=0.0 big=1] gbest=505.5 | EKR=1.32 EKV=1.41 EBANK=0.73 ADEC=1.47 TLD=1.39 KDIV=0.69 KVN=0.50 IGN=1.35 TGL=0.18 KV=1.43
  [rfly_replan t=10.0 big=0] gbest=505.5 | EKR=1.32 EKV=1.41 EBANK=0.73 ADEC=1.47 TLD=1.39 KDIV=0.69 KVN=0.50 IGN=1.35 TGL=0.18 KV=1.43
  [rfly_replan t=11.6 big=0] gbest=4625.5 | EKR=1.59 EKV=1.29 EBANK=0.92 ADEC=1.33 TLD=1.14 KDIV=0.64 KVN=0.60 IGN=1.10 TGL=0.44 KV=1.20
  [rfly_replan t=21.6 big=0] gbest=1616.1 | EKR=1.57 EKV=1.62 EBANK=0.78 ADEC=1.42 TLD=1.07 KDIV=0.63 KVN=0.50 IGN=1.11 TGL=0.50 KV=1.35
  [rfly_replan t=29.6 big=0] gbest=1387.2 | EKR=1.75 EKV=1.55 EBANK=0.76 ADEC=1.24 TLD=1.07 KDIV=0.65 KVN=0.58 IGN=1.15 TGL=0.40 KV=1.23
  [rfly_replan t=39.6 big=0] gbest=1387.2 | EKR=1.75 EKV=1.55 EBANK=0.76 ADEC=1.24 TLD=1.07 KDIV=0.65 KVN=0.58 IGN=1.15 TGL=0.40 KV=1.23
  [rfly_replan t=49.6 big=0] gbest=1387.2 | EKR=1.75 EKV=1.55 EBANK=0.76 ADEC=1.24 TLD=1.07 KDIV=0.65 KVN=0.58 IGN=1.15 TGL=0.40 KV=1.23
  [rfly_replan t=59.6 big=0] gbest=1387.2 | EKR=1.75 EKV=1.55 EBANK=0.76 ADEC=1.24 TLD=1.07 KDIV=0.65 KVN=0.58 IGN=1.15 TGL=0.40 KV=1.23
  [rfly_replan t=69.6 big=0] gbest=1387.2 | EKR=1.75 EKV=1.55 EBANK=0.76 ADEC=1.24 TLD=1.07 KDIV=0.65 KVN=0.58 IGN=1.15 TGL=0.40 KV=1.23
  [rfly_replan t=79.6 big=0] gbest=1387.2 | EKR=1.75 EKV=1.55 EBANK=0.76 ADEC=1.24 TLD=1.07 KDIV=0.65 KVN=0.58 IGN=1.15 TGL=0.40 KV=1.23
  [rfly_replan t=89.7 big=0] gbest=1345.9 | EKR=1.22 EKV=1.77 EBANK=0.88 ADEC=1.27 TLD=1.15 KDIV=0.50 KVN=0.54 IGN=0.98 TGL=0.33 KV=1.23
  [rfly_replan t=99.7 big=0] gbest=949.0 | EKR=1.02 EKV=1.33 EBANK=1.01 ADEC=1.28 TLD=0.97 KDIV=0.58 KVN=0.50 IGN=1.01 TGL=0.11 KV=1.00
  [rfly_replan t=109.7 big=0] gbest=949.0 | EKR=1.02 EKV=1.33 EBANK=1.01 ADEC=1.28 TLD=0.97 KDIV=0.58 KVN=0.50 IGN=1.01 TGL=0.11 KV=1.00
  [rfly_replan t=0.0 big=1] gbest=401.2 | EKR=2.21 EKV=0.98 EBANK=1.36 ADEC=0.40 TLD=0.25 KDIV=0.58 KVN=0.72 IGN=1.48 TGL=0.00 KV=1.27
  [rfly_replan t=6.2 big=0] gbest=898.6 | EKR=1.96 EKV=1.32 EBANK=0.95 ADEC=0.40 TLD=0.25 KDIV=0.56 KVN=0.73 IGN=1.12 TGL=0.25 KV=1.16
  [rfly_replan t=16.2 big=0] gbest=734.0 | EKR=2.17 EKV=1.07 EBANK=0.86 ADEC=0.40 TLD=0.47 KDIV=0.43 KVN=0.62 IGN=0.95 TGL=0.42 KV=1.07
  [rfly_replan t=26.3 big=0] gbest=734.0 | EKR=2.17 EKV=1.07 EBANK=0.86 ADEC=0.40 TLD=0.47 KDIV=0.43 KVN=0.62 IGN=0.95 TGL=0.42 KV=1.07
  [rfly_replan t=32.2 big=0] gbest=734.0 | EKR=2.17 EKV=1.07 EBANK=0.86 ADEC=0.40 TLD=0.47 KDIV=0.43 KVN=0.62 IGN=0.95 TGL=0.42 KV=1.07
  [rfly_replan t=42.2 big=0] gbest=734.0 | EKR=2.17 EKV=1.07 EBANK=0.86 ADEC=0.40 TLD=0.47 KDIV=0.43 KVN=0.62 IGN=0.95 TGL=0.42 KV=1.07
  [rfly_replan t=52.2 big=0] gbest=640.6 | EKR=2.27 EKV=1.05 EBANK=1.16 ADEC=0.41 TLD=0.42 KDIV=0.40 KVN=0.78 IGN=0.89 TGL=0.42 KV=0.90
  [rfly_replan t=62.2 big=0] gbest=640.6 | EKR=2.27 EKV=1.05 EBANK=1.16 ADEC=0.41 TLD=0.42 KDIV=0.40 KVN=0.78 IGN=0.89 TGL=0.42 KV=0.90
  [rfly_replan t=72.2 big=0] gbest=640.6 | EKR=2.27 EKV=1.05 EBANK=1.16 ADEC=0.41 TLD=0.42 KDIV=0.40 KVN=0.78 IGN=0.89 TGL=0.42 KV=0.90
  [rfly_replan t=82.2 big=0] gbest=640.6 | EKR=2.27 EKV=1.05 EBANK=1.16 ADEC=0.41 TLD=0.42 KDIV=0.40 KVN=0.78 IGN=0.89 TGL=0.42 KV=0.90
  [imu] reference LOST t=89.17 float=x gimbal rates o/m/i = -45/-2/-3 deg/s (limit 45) MGA=1.7
  [rfly_replan t=92.2 big=0] gbest=640.6 | EKR=2.27 EKV=1.05 EBANK=1.16 ADEC=0.41 TLD=0.42 KDIV=0.40 KVN=0.78 IGN=0.89 TGL=0.42 KV=0.90
  [rfly_replan t=102.2 big=0] gbest=620.6 | EKR=2.51 EKV=0.73 EBANK=1.14 ADEC=0.40 TLD=0.25 KDIV=0.40 KVN=0.54 IGN=0.94 TGL=0.48 KV=0.69
  [rfly_replan t=112.3 big=0] gbest=620.6 | EKR=2.51 EKV=0.73 EBANK=1.14 ADEC=0.40 TLD=0.25 KDIV=0.40 KVN=0.54 IGN=0.94 TGL=0.48 KV=0.69
  [rfly_replan t=0.0 big=1] gbest=820.9 | EKR=1.04 EKV=1.07 EBANK=1.16 ADEC=1.47 TLD=1.29 KDIV=0.64 KVN=0.53 IGN=1.24 TGL=0.24 KV=1.40
  [rfly_replan t=10.0 big=0] gbest=820.9 | EKR=1.04 EKV=1.07 EBANK=1.16 ADEC=1.47 TLD=1.29 KDIV=0.64 KVN=0.53 IGN=1.24 TGL=0.24 KV=1.40
  [rfly_replan t=14.9 big=0] gbest=6609.0 | EKR=1.36 EKV=0.82 EBANK=1.26 ADEC=1.45 TLD=1.47 KDIV=0.70 KVN=0.54 IGN=1.44 TGL=0.25 KV=1.67
  [rfly_replan t=24.9 big=0] gbest=6609.0 | EKR=1.36 EKV=0.82 EBANK=1.26 ADEC=1.45 TLD=1.47 KDIV=0.70 KVN=0.54 IGN=1.44 TGL=0.25 KV=1.67
  [rfly_replan t=33.0 big=0] gbest=5871.8 | EKR=1.32 EKV=0.31 EBANK=1.14 ADEC=1.42 TLD=1.41 KDIV=0.70 KVN=0.53 IGN=1.60 TGL=0.00 KV=1.90
  [rfly_replan t=43.0 big=0] gbest=5871.8 | EKR=1.32 EKV=0.31 EBANK=1.14 ADEC=1.42 TLD=1.41 KDIV=0.70 KVN=0.53 IGN=1.60 TGL=0.00 KV=1.90
  [rfly_replan t=53.0 big=0] gbest=5871.8 | EKR=1.32 EKV=0.31 EBANK=1.14 ADEC=1.42 TLD=1.41 KDIV=0.70 KVN=0.53 IGN=1.60 TGL=0.00 KV=1.90
  [rfly_replan t=63.0 big=0] gbest=5465.7 | EKR=1.30 EKV=0.67 EBANK=1.11 ADEC=1.53 TLD=1.41 KDIV=0.71 KVN=0.50 IGN=1.55 TGL=0.01 KV=1.90
  [rfly_replan t=73.0 big=0] gbest=5195.0 | EKR=1.42 EKV=0.63 EBANK=1.64 ADEC=1.53 TLD=1.49 KDIV=0.73 KVN=0.67 IGN=1.67 TGL=0.00 KV=1.86
  [rfly_replan t=83.0 big=0] gbest=5195.0 | EKR=1.42 EKV=0.63 EBANK=1.64 ADEC=1.53 TLD=1.49 KDIV=0.73 KVN=0.67 IGN=1.67 TGL=0.00 KV=1.86
  [rfly_replan t=93.0 big=0] gbest=5195.0 | EKR=1.42 EKV=0.63 EBANK=1.64 ADEC=1.53 TLD=1.49 KDIV=0.73 KVN=0.67 IGN=1.67 TGL=0.00 KV=1.86
  [rfly_replan t=103.1 big=0] gbest=5138.8 | EKR=1.62 EKV=0.65 EBANK=1.68 ADEC=1.62 TLD=1.57 KDIV=0.75 KVN=0.70 IGN=1.73 TGL=0.00 KV=1.74
  [rfly_replan t=113.1 big=0] gbest=2075.3 | EKR=1.61 EKV=0.69 EBANK=1.87 ADEC=1.39 TLD=1.66 KDIV=0.65 KVN=0.50 IGN=1.58 TGL=0.02 KV=1.80
  [rfly_replan t=123.1 big=0] gbest=1970.0 | EKR=1.81 EKV=0.87 EBANK=1.88 ADEC=1.51 TLD=1.84 KDIV=0.69 KVN=0.50 IGN=1.61 TGL=0.18 KV=1.89
  [imu] reference LOST t=126.57 float=x gimbal rates o/m/i = -45/4/3 deg/s (limit 45) MGA=0.4
  [rfly_replan t=133.1 big=0] gbest=1867.7 | EKR=1.92 EKV=0.82 EBANK=1.87 ADEC=1.50 TLD=2.00 KDIV=0.73 KVN=0.50 IGN=1.59 TGL=0.18 KV=1.88
  [rfly_replan t=143.1 big=0] gbest=1867.7 | EKR=1.92 EKV=0.82 EBANK=1.87 ADEC=1.50 TLD=2.00 KDIV=0.73 KVN=0.50 IGN=1.59 TGL=0.18 KV=1.88
  [rfly_replan t=0.0 big=1] gbest=571.6 | EKR=1.72 EKV=1.37 EBANK=1.53 ADEC=0.40 TLD=0.38 KDIV=1.01 KVN=1.28 IGN=1.53 TGL=0.20 KV=0.97
  [rfly_replan t=9.5 big=0] gbest=15819.9 | EKR=1.39 EKV=1.69 EBANK=1.36 ADEC=0.72 TLD=0.36 KDIV=1.06 KVN=1.07 IGN=1.32 TGL=0.09 KV=1.21
  [rfly_replan t=19.5 big=0] gbest=12634.5 | EKR=1.78 EKV=1.89 EBANK=1.52 ADEC=0.76 TLD=0.35 KDIV=1.17 KVN=0.92 IGN=1.15 TGL=0.00 KV=0.93
  [rfly_replan t=29.6 big=0] gbest=12634.5 | EKR=1.78 EKV=1.89 EBANK=1.52 ADEC=0.76 TLD=0.35 KDIV=1.17 KVN=0.92 IGN=1.15 TGL=0.00 KV=0.93
  [rfly_replan t=34.0 big=0] gbest=1808.2 | EKR=1.83 EKV=2.01 EBANK=1.38 ADEC=0.88 TLD=0.32 KDIV=1.05 KVN=1.03 IGN=1.46 TGL=0.00 KV=1.00
  [rfly_replan t=44.0 big=0] gbest=1808.2 | EKR=1.83 EKV=2.01 EBANK=1.38 ADEC=0.88 TLD=0.32 KDIV=1.05 KVN=1.03 IGN=1.46 TGL=0.00 KV=1.00
  [rfly_replan t=54.0 big=0] gbest=1808.2 | EKR=1.83 EKV=2.01 EBANK=1.38 ADEC=0.88 TLD=0.32 KDIV=1.05 KVN=1.03 IGN=1.46 TGL=0.00 KV=1.00
  [rfly_replan t=64.0 big=0] gbest=1808.2 | EKR=1.83 EKV=2.01 EBANK=1.38 ADEC=0.88 TLD=0.32 KDIV=1.05 KVN=1.03 IGN=1.46 TGL=0.00 KV=1.00
  [rfly_replan t=74.0 big=0] gbest=1808.2 | EKR=1.83 EKV=2.01 EBANK=1.38 ADEC=0.88 TLD=0.32 KDIV=1.05 KVN=1.03 IGN=1.46 TGL=0.00 KV=1.00
  [rfly_replan t=84.0 big=0] gbest=1808.2 | EKR=1.83 EKV=2.01 EBANK=1.38 ADEC=0.88 TLD=0.32 KDIV=1.05 KVN=1.03 IGN=1.46 TGL=0.00 KV=1.00
  [rfly_replan t=94.0 big=0] gbest=1808.2 | EKR=1.83 EKV=2.01 EBANK=1.38 ADEC=0.88 TLD=0.32 KDIV=1.05 KVN=1.03 IGN=1.46 TGL=0.00 KV=1.00
  [rfly_replan t=104.1 big=0] gbest=1277.6 | EKR=2.18 EKV=2.20 EBANK=1.85 ADEC=0.79 TLD=0.26 KDIV=1.02 KVN=1.09 IGN=2.20 TGL=0.01 KV=1.15
  [rfly_replan t=114.1 big=0] gbest=1092.0 | EKR=2.20 EKV=1.88 EBANK=1.94 ADEC=0.68 TLD=0.30 KDIV=0.94 KVN=1.04 IGN=2.30 TGL=0.01 KV=1.04
  [rfly_replan t=124.1 big=0] gbest=1092.0 | EKR=2.20 EKV=1.88 EBANK=1.94 ADEC=0.68 TLD=0.30 KDIV=0.94 KVN=1.04 IGN=2.30 TGL=0.01 KV=1.04
  [rfly_replan t=0.0 big=1] gbest=198.4 | EKR=0.90 EKV=0.48 EBANK=0.62 ADEC=0.93 TLD=0.37 KDIV=0.40 KVN=0.87 IGN=0.40 TGL=0.05 KV=1.27
  [rfly_replan t=4.2 big=0] gbest=1301.3 | EKR=0.77 EKV=0.50 EBANK=0.71 ADEC=1.01 TLD=0.25 KDIV=0.52 KVN=1.02 IGN=0.41 TGL=0.05 KV=1.09
  [rfly_replan t=14.2 big=0] gbest=1301.3 | EKR=0.77 EKV=0.50 EBANK=0.71 ADEC=1.01 TLD=0.25 KDIV=0.52 KVN=1.02 IGN=0.41 TGL=0.05 KV=1.09
  [rfly_replan t=24.2 big=0] gbest=1207.7 | EKR=0.77 EKV=0.67 EBANK=0.87 ADEC=1.03 TLD=0.25 KDIV=0.51 KVN=0.77 IGN=0.40 TGL=0.00 KV=1.05
  [rfly_replan t=31.3 big=0] gbest=1098.7 | EKR=0.56 EKV=0.62 EBANK=0.86 ADEC=1.03 TLD=0.25 KDIV=0.54 KVN=0.79 IGN=0.55 TGL=0.00 KV=0.99
  [rfly_replan t=41.3 big=0] gbest=1098.7 | EKR=0.56 EKV=0.62 EBANK=0.86 ADEC=1.03 TLD=0.25 KDIV=0.54 KVN=0.79 IGN=0.55 TGL=0.00 KV=0.99
  [rfly_replan t=51.3 big=0] gbest=1095.2 | EKR=0.63 EKV=0.55 EBANK=0.87 ADEC=1.01 TLD=0.26 KDIV=0.55 KVN=0.78 IGN=0.72 TGL=0.00 KV=1.05
  [rfly_replan t=61.3 big=0] gbest=783.2 | EKR=0.50 EKV=0.55 EBANK=0.70 ADEC=1.14 TLD=0.33 KDIV=0.70 KVN=0.76 IGN=0.89 TGL=0.11 KV=0.91
  [rfly_replan t=71.3 big=0] gbest=783.2 | EKR=0.50 EKV=0.55 EBANK=0.70 ADEC=1.14 TLD=0.33 KDIV=0.70 KVN=0.76 IGN=0.89 TGL=0.11 KV=0.91
  [rfly_replan t=81.3 big=0] gbest=783.2 | EKR=0.50 EKV=0.55 EBANK=0.70 ADEC=1.14 TLD=0.33 KDIV=0.70 KVN=0.76 IGN=0.89 TGL=0.11 KV=0.91
  [rfly_replan t=91.3 big=0] gbest=676.3 | EKR=0.47 EKV=0.84 EBANK=1.03 ADEC=1.26 TLD=0.38 KDIV=0.78 KVN=0.67 IGN=1.06 TGL=0.00 KV=0.90
  [rfly_replan t=101.3 big=0] gbest=676.3 | EKR=0.47 EKV=0.84 EBANK=1.03 ADEC=1.26 TLD=0.38 KDIV=0.78 KVN=0.67 IGN=1.06 TGL=0.00 KV=0.90
  [rfly_replan t=0.0 big=1] gbest=410.5 | EKR=1.63 EKV=1.54 EBANK=1.13 ADEC=1.19 TLD=0.83 KDIV=0.40 KVN=0.98 IGN=1.28 TGL=0.14 KV=2.20
  [rfly_replan t=10.0 big=0] gbest=410.5 | EKR=1.63 EKV=1.54 EBANK=1.13 ADEC=1.19 TLD=0.83 KDIV=0.40 KVN=0.98 IGN=1.28 TGL=0.14 KV=2.20
  [rfly_replan t=12.8 big=0] gbest=5829.3 | EKR=1.71 EKV=1.72 EBANK=0.98 ADEC=1.01 TLD=1.09 KDIV=0.59 KVN=0.95 IGN=1.49 TGL=0.19 KV=2.36
  [rfly_replan t=22.9 big=0] gbest=4891.1 | EKR=1.95 EKV=1.88 EBANK=0.95 ADEC=0.80 TLD=1.25 KDIV=0.45 KVN=0.88 IGN=1.15 TGL=0.02 KV=2.19
  [rfly_replan t=29.8 big=0] gbest=1917.0 | EKR=1.92 EKV=1.94 EBANK=0.91 ADEC=0.78 TLD=1.44 KDIV=0.45 KVN=0.50 IGN=1.08 TGL=0.00 KV=2.09
  [rfly_replan t=39.8 big=0] gbest=1653.4 | EKR=2.34 EKV=1.96 EBANK=0.85 ADEC=0.56 TLD=1.39 KDIV=0.58 KVN=0.50 IGN=0.96 TGL=0.00 KV=2.10
  [rfly_replan t=49.8 big=0] gbest=1579.8 | EKR=2.39 EKV=2.02 EBANK=0.90 ADEC=0.60 TLD=1.37 KDIV=0.54 KVN=0.64 IGN=0.70 TGL=0.05 KV=2.10
  [rfly_replan t=59.8 big=0] gbest=1412.1 | EKR=2.55 EKV=2.27 EBANK=0.93 ADEC=0.56 TLD=1.32 KDIV=0.55 KVN=0.54 IGN=0.66 TGL=0.06 KV=2.21
  [rfly_replan t=69.9 big=0] gbest=903.9 | EKR=2.06 EKV=2.27 EBANK=0.88 ADEC=0.51 TLD=1.32 KDIV=0.40 KVN=0.72 IGN=0.53 TGL=0.05 KV=2.16
  [rfly_replan t=79.9 big=0] gbest=820.7 | EKR=1.96 EKV=2.12 EBANK=0.64 ADEC=0.49 TLD=1.27 KDIV=0.41 KVN=0.56 IGN=0.48 TGL=0.14 KV=2.18
  [rfly_replan t=89.9 big=0] gbest=749.4 | EKR=1.87 EKV=2.15 EBANK=0.78 ADEC=0.50 TLD=1.36 KDIV=0.40 KVN=0.68 IGN=0.40 TGL=0.25 KV=2.21
  [rfly_replan t=99.9 big=0] gbest=551.3 | EKR=1.57 EKV=2.06 EBANK=1.04 ADEC=0.40 TLD=1.54 KDIV=0.49 KVN=0.81 IGN=0.62 TGL=0.20 KV=2.32
  [rfly_replan t=109.9 big=0] gbest=551.3 | EKR=1.57 EKV=2.06 EBANK=1.04 ADEC=0.40 TLD=1.54 KDIV=0.49 KVN=0.81 IGN=0.62 TGL=0.20 KV=2.32
  [rfly_replan t=0.0 big=1] gbest=740.2 | EKR=1.47 EKV=1.30 EBANK=1.18 ADEC=0.93 TLD=0.94 KDIV=1.00 KVN=0.59 IGN=0.40 TGL=0.00 KV=1.42
  [rfly_replan t=7.5 big=0] gbest=1386.6 | EKR=1.24 EKV=1.42 EBANK=1.03 ADEC=1.06 TLD=0.86 KDIV=0.84 KVN=0.50 IGN=0.47 TGL=0.00 KV=1.31
  [rfly_replan t=17.5 big=0] gbest=1386.6 | EKR=1.24 EKV=1.42 EBANK=1.03 ADEC=1.06 TLD=0.86 KDIV=0.84 KVN=0.50 IGN=0.47 TGL=0.00 KV=1.31
  [rfly_replan t=27.5 big=0] gbest=1191.0 | EKR=0.88 EKV=1.67 EBANK=1.28 ADEC=1.27 TLD=0.80 KDIV=0.70 KVN=0.51 IGN=0.40 TGL=0.00 KV=1.50
  [rfly_replan t=32.7 big=0] gbest=1191.0 | EKR=0.88 EKV=1.67 EBANK=1.28 ADEC=1.27 TLD=0.80 KDIV=0.70 KVN=0.51 IGN=0.40 TGL=0.00 KV=1.50
  [rfly_replan t=42.7 big=0] gbest=1129.3 | EKR=0.86 EKV=1.58 EBANK=1.37 ADEC=1.25 TLD=0.80 KDIV=0.71 KVN=0.55 IGN=0.41 TGL=0.03 KV=1.55
  [rfly_replan t=52.7 big=0] gbest=1129.3 | EKR=0.86 EKV=1.58 EBANK=1.37 ADEC=1.25 TLD=0.80 KDIV=0.71 KVN=0.55 IGN=0.41 TGL=0.03 KV=1.55
  [rfly_replan t=62.7 big=0] gbest=1129.3 | EKR=0.86 EKV=1.58 EBANK=1.37 ADEC=1.25 TLD=0.80 KDIV=0.71 KVN=0.55 IGN=0.41 TGL=0.03 KV=1.55
  [rfly_replan t=72.8 big=0] gbest=1067.8 | EKR=0.68 EKV=1.54 EBANK=1.44 ADEC=1.25 TLD=0.80 KDIV=0.70 KVN=0.53 IGN=0.43 TGL=0.00 KV=1.55
  [rfly_replan t=82.8 big=0] gbest=991.6 | EKR=0.57 EKV=1.32 EBANK=1.17 ADEC=1.20 TLD=0.64 KDIV=0.66 KVN=0.53 IGN=0.40 TGL=0.00 KV=1.60
  [rfly_replan t=92.8 big=0] gbest=976.8 | EKR=1.09 EKV=1.19 EBANK=1.32 ADEC=1.15 TLD=0.69 KDIV=0.68 KVN=0.54 IGN=0.60 TGL=0.00 KV=1.42
  [rfly_replan t=102.8 big=0] gbest=973.0 | EKR=0.76 EKV=1.25 EBANK=1.55 ADEC=1.53 TLD=0.54 KDIV=0.80 KVN=0.50 IGN=0.80 TGL=0.01 KV=1.39
  [rfly_replan t=112.8 big=0] gbest=973.0 | EKR=0.76 EKV=1.25 EBANK=1.55 ADEC=1.53 TLD=0.54 KDIV=0.80 KVN=0.50 IGN=0.80 TGL=0.01 KV=1.39
  [rfly_replan t=0.0 big=1] gbest=675.3 | EKR=0.40 EKV=0.50 EBANK=1.21 ADEC=1.52 TLD=1.48 KDIV=0.55 KVN=0.68 IGN=1.42 TGL=0.94 KV=1.23
  [rfly_replan t=10.0 big=0] gbest=552.6 | EKR=0.41 EKV=0.30 EBANK=1.10 ADEC=1.54 TLD=1.72 KDIV=0.62 KVN=0.61 IGN=1.39 TGL=0.95 KV=1.27
  [rfly_replan t=16.2 big=0] gbest=39838.1 | EKR=0.76 EKV=0.31 EBANK=1.05 ADEC=1.86 TLD=1.47 KDIV=0.42 KVN=0.81 IGN=1.57 TGL=1.16 KV=1.48
  [rfly_replan t=26.2 big=0] gbest=7417.4 | EKR=1.04 EKV=0.30 EBANK=1.01 ADEC=1.76 TLD=1.33 KDIV=0.58 KVN=0.97 IGN=1.33 TGL=1.15 KV=1.45
  [rfly_replan t=32.3 big=0] gbest=2053.4 | EKR=1.07 EKV=0.30 EBANK=1.30 ADEC=1.98 TLD=1.52 KDIV=0.66 KVN=0.83 IGN=1.32 TGL=1.17 KV=1.42
  [rfly_replan t=42.3 big=0] gbest=1731.9 | EKR=1.31 EKV=0.30 EBANK=1.22 ADEC=2.14 TLD=1.56 KDIV=0.70 KVN=0.90 IGN=1.32 TGL=1.18 KV=1.50
  [rfly_replan t=52.3 big=0] gbest=1731.9 | EKR=1.31 EKV=0.30 EBANK=1.22 ADEC=2.14 TLD=1.56 KDIV=0.70 KVN=0.90 IGN=1.32 TGL=1.18 KV=1.50
  [rfly_replan t=62.3 big=0] gbest=1731.9 | EKR=1.31 EKV=0.30 EBANK=1.22 ADEC=2.14 TLD=1.56 KDIV=0.70 KVN=0.90 IGN=1.32 TGL=1.18 KV=1.50
  [rfly_replan t=72.3 big=0] gbest=1206.1 | EKR=1.20 EKV=0.30 EBANK=1.31 ADEC=2.18 TLD=1.47 KDIV=0.76 KVN=0.71 IGN=1.30 TGL=1.37 KV=1.43
  [rfly_replan t=82.4 big=0] gbest=1206.1 | EKR=1.20 EKV=0.30 EBANK=1.31 ADEC=2.18 TLD=1.47 KDIV=0.76 KVN=0.71 IGN=1.30 TGL=1.37 KV=1.43
  [rfly_replan t=92.4 big=0] gbest=1206.1 | EKR=1.20 EKV=0.30 EBANK=1.31 ADEC=2.18 TLD=1.47 KDIV=0.76 KVN=0.71 IGN=1.30 TGL=1.37 KV=1.43
  [rfly_replan t=102.4 big=0] gbest=1206.1 | EKR=1.20 EKV=0.30 EBANK=1.31 ADEC=2.18 TLD=1.47 KDIV=0.76 KVN=0.71 IGN=1.30 TGL=1.37 KV=1.43
  [rfly_replan t=112.4 big=0] gbest=1206.1 | EKR=1.20 EKV=0.30 EBANK=1.31 ADEC=2.18 TLD=1.47 KDIV=0.76 KVN=0.71 IGN=1.30 TGL=1.37 KV=1.43
  [rfly_replan t=122.4 big=0] gbest=1206.1 | EKR=1.20 EKV=0.30 EBANK=1.31 ADEC=2.18 TLD=1.47 KDIV=0.76 KVN=0.71 IGN=1.30 TGL=1.37 KV=1.43
  [rfly_replan t=132.4 big=0] gbest=925.6 | EKR=1.13 EKV=0.30 EBANK=1.13 ADEC=1.95 TLD=1.47 KDIV=0.94 KVN=0.50 IGN=1.32 TGL=1.37 KV=1.21
  [rfly_replan t=142.4 big=0] gbest=925.4 | EKR=1.10 EKV=0.57 EBANK=1.32 ADEC=2.02 TLD=1.36 KDIV=0.68 KVN=0.54 IGN=1.07 TGL=1.40 KV=1.20
  [rfly_replan t=152.4 big=0] gbest=925.4 | EKR=1.10 EKV=0.57 EBANK=1.32 ADEC=2.02 TLD=1.36 KDIV=0.68 KVN=0.54 IGN=1.07 TGL=1.40 KV=1.20
  [rfly_replan t=0.0 big=1] gbest=602.3 | EKR=2.28 EKV=2.13 EBANK=1.18 ADEC=1.42 TLD=1.49 KDIV=0.41 KVN=0.90 IGN=1.13 TGL=0.00 KV=0.85
  [rfly_replan t=10.0 big=0] gbest=551.4 | EKR=2.09 EKV=1.88 EBANK=1.31 ADEC=1.17 TLD=1.29 KDIV=0.40 KVN=0.90 IGN=1.14 TGL=0.00 KV=0.88
  [rfly_replan t=10.8 big=0] gbest=6887.4 | EKR=2.06 EKV=2.22 EBANK=1.15 ADEC=0.96 TLD=1.54 KDIV=0.45 KVN=0.97 IGN=0.81 TGL=0.00 KV=0.77
  [rfly_replan t=20.8 big=0] gbest=6887.4 | EKR=2.06 EKV=2.22 EBANK=1.15 ADEC=0.96 TLD=1.54 KDIV=0.45 KVN=0.97 IGN=0.81 TGL=0.00 KV=0.77
  [rfly_replan t=30.8 big=0] gbest=6887.4 | EKR=2.06 EKV=2.22 EBANK=1.15 ADEC=0.96 TLD=1.54 KDIV=0.45 KVN=0.97 IGN=0.81 TGL=0.00 KV=0.77
  [rfly_replan t=32.6 big=0] gbest=5953.5 | EKR=2.32 EKV=2.12 EBANK=0.97 ADEC=1.08 TLD=1.38 KDIV=0.48 KVN=0.73 IGN=0.89 TGL=0.00 KV=0.50
  [rfly_replan t=42.6 big=0] gbest=4686.3 | EKR=2.25 EKV=2.15 EBANK=0.99 ADEC=1.20 TLD=1.32 KDIV=0.42 KVN=0.50 IGN=0.91 TGL=0.00 KV=0.76
  [rfly_replan t=52.6 big=0] gbest=1882.6 | EKR=2.60 EKV=1.80 EBANK=1.16 ADEC=1.21 TLD=1.07 KDIV=0.46 KVN=0.50 IGN=1.09 TGL=0.03 KV=0.63
  [rfly_replan t=62.6 big=0] gbest=1531.3 | EKR=2.50 EKV=1.55 EBANK=1.13 ADEC=1.07 TLD=0.75 KDIV=0.52 KVN=0.81 IGN=0.82 TGL=0.13 KV=0.66
  [rfly_replan t=72.6 big=0] gbest=1508.3 | EKR=2.49 EKV=1.58 EBANK=1.00 ADEC=1.10 TLD=0.76 KDIV=0.51 KVN=0.59 IGN=0.70 TGL=0.00 KV=0.73
  [rfly_replan t=82.6 big=0] gbest=1384.4 | EKR=2.71 EKV=1.80 EBANK=0.94 ADEC=0.92 TLD=0.94 KDIV=0.66 KVN=0.68 IGN=0.95 TGL=0.00 KV=0.58
  [rfly_replan t=92.6 big=0] gbest=1087.5 | EKR=2.71 EKV=2.01 EBANK=0.88 ADEC=1.16 TLD=1.04 KDIV=0.61 KVN=0.53 IGN=0.79 TGL=0.00 KV=0.50
  [rfly_replan t=102.7 big=0] gbest=1087.5 | EKR=2.71 EKV=2.01 EBANK=0.88 ADEC=1.16 TLD=1.04 KDIV=0.61 KVN=0.53 IGN=0.79 TGL=0.00 KV=0.50
  [rfly_replan t=112.7 big=0] gbest=844.2 | EKR=2.83 EKV=2.26 EBANK=0.64 ADEC=1.17 TLD=0.95 KDIV=0.68 KVN=0.50 IGN=0.76 TGL=0.01 KV=0.86
  [rfly_replan t=122.7 big=0] gbest=827.6 | EKR=2.64 EKV=2.55 EBANK=0.61 ADEC=1.25 TLD=0.90 KDIV=0.63 KVN=0.50 IGN=1.03 TGL=0.00 KV=1.04
  [rfly_replan t=132.7 big=0] gbest=827.6 | EKR=2.64 EKV=2.55 EBANK=0.61 ADEC=1.25 TLD=0.90 KDIV=0.63 KVN=0.50 IGN=1.03 TGL=0.00 KV=1.04
  [rfly_replan t=0.0 big=1] gbest=491.9 | EKR=1.48 EKV=1.50 EBANK=1.01 ADEC=1.85 TLD=1.09 KDIV=0.40 KVN=0.50 IGN=1.32 TGL=0.00 KV=1.20
  [rfly_replan t=5.5 big=0] gbest=10201.2 | EKR=1.49 EKV=1.01 EBANK=1.07 ADEC=1.70 TLD=0.79 KDIV=0.40 KVN=0.55 IGN=1.28 TGL=0.13 KV=1.18
  [rfly_replan t=15.5 big=0] gbest=1699.2 | EKR=1.38 EKV=1.31 EBANK=1.27 ADEC=1.43 TLD=0.90 KDIV=0.56 KVN=0.69 IGN=1.36 TGL=0.00 KV=1.04
  [rfly_replan t=25.5 big=0] gbest=664.7 | EKR=1.23 EKV=1.66 EBANK=1.47 ADEC=1.30 TLD=1.23 KDIV=0.51 KVN=0.60 IGN=1.30 TGL=0.00 KV=0.94
  [rfly_replan t=35.1 big=0] gbest=664.7 | EKR=1.23 EKV=1.66 EBANK=1.47 ADEC=1.30 TLD=1.23 KDIV=0.51 KVN=0.60 IGN=1.30 TGL=0.00 KV=0.94
  [rfly_replan t=45.1 big=0] gbest=664.7 | EKR=1.23 EKV=1.66 EBANK=1.47 ADEC=1.30 TLD=1.23 KDIV=0.51 KVN=0.60 IGN=1.30 TGL=0.00 KV=0.94
  [rfly_replan t=55.1 big=0] gbest=574.9 | EKR=1.03 EKV=1.71 EBANK=1.93 ADEC=1.28 TLD=1.34 KDIV=0.45 KVN=0.88 IGN=1.11 TGL=0.01 KV=0.93
  [rfly_replan t=65.1 big=0] gbest=479.5 | EKR=1.09 EKV=1.73 EBANK=1.93 ADEC=1.31 TLD=1.37 KDIV=0.45 KVN=0.84 IGN=1.10 TGL=0.08 KV=0.91
  [rfly_replan t=75.1 big=0] gbest=479.5 | EKR=1.09 EKV=1.73 EBANK=1.93 ADEC=1.31 TLD=1.37 KDIV=0.45 KVN=0.84 IGN=1.10 TGL=0.08 KV=0.91
  [rfly_replan t=85.2 big=0] gbest=479.5 | EKR=1.09 EKV=1.73 EBANK=1.93 ADEC=1.31 TLD=1.37 KDIV=0.45 KVN=0.84 IGN=1.10 TGL=0.08 KV=0.91
  [rfly_replan t=95.2 big=0] gbest=479.5 | EKR=1.09 EKV=1.73 EBANK=1.93 ADEC=1.31 TLD=1.37 KDIV=0.45 KVN=0.84 IGN=1.10 TGL=0.08 KV=0.91
  [rfly_replan t=105.2 big=0] gbest=416.6 | EKR=1.48 EKV=1.83 EBANK=2.05 ADEC=1.17 TLD=1.19 KDIV=0.43 KVN=0.59 IGN=0.96 TGL=0.02 KV=0.89
  [rfly_replan t=115.2 big=0] gbest=335.5 | EKR=1.98 EKV=1.85 EBANK=2.12 ADEC=1.07 TLD=1.23 KDIV=0.41 KVN=0.58 IGN=0.89 TGL=0.00 KV=0.88
  [rfly_replan t=125.2 big=0] gbest=335.5 | EKR=1.98 EKV=1.85 EBANK=2.12 ADEC=1.07 TLD=1.23 KDIV=0.41 KVN=0.58 IGN=0.89 TGL=0.00 KV=0.88
  [rfly_replan t=0.0 big=1] gbest=475.2 | EKR=1.32 EKV=1.41 EBANK=0.73 ADEC=1.47 TLD=1.39 KDIV=0.69 KVN=0.50 IGN=1.35 TGL=0.18 KV=1.43
  [rfly_replan t=10.0 big=0] gbest=470.4 | EKR=1.33 EKV=1.12 EBANK=0.62 ADEC=1.49 TLD=1.64 KDIV=0.76 KVN=0.50 IGN=1.33 TGL=0.20 KV=1.47
  [rfly_replan t=14.1 big=0] gbest=6039.5 | EKR=0.96 EKV=1.21 EBANK=0.81 ADEC=1.69 TLD=1.84 KDIV=0.65 KVN=0.50 IGN=1.31 TGL=0.19 KV=1.40
  [rfly_replan t=24.1 big=0] gbest=1867.7 | EKR=1.18 EKV=0.93 EBANK=0.60 ADEC=1.83 TLD=1.96 KDIV=0.68 KVN=0.50 IGN=1.54 TGL=0.30 KV=1.39
  [rfly_replan t=29.3 big=0] gbest=1494.9 | EKR=1.13 EKV=0.68 EBANK=0.60 ADEC=1.99 TLD=2.08 KDIV=0.66 KVN=0.50 IGN=1.74 TGL=0.47 KV=1.26
  [rfly_replan t=39.3 big=0] gbest=1086.2 | EKR=1.22 EKV=0.31 EBANK=0.60 ADEC=2.08 TLD=1.56 KDIV=0.58 KVN=0.51 IGN=1.92 TGL=0.36 KV=1.08
  [rfly_replan t=49.3 big=0] gbest=945.9 | EKR=1.24 EKV=0.31 EBANK=0.60 ADEC=2.22 TLD=1.51 KDIV=0.63 KVN=0.50 IGN=1.96 TGL=0.37 KV=1.03
  [rfly_replan t=59.3 big=0] gbest=816.6 | EKR=1.24 EKV=0.41 EBANK=0.69 ADEC=2.35 TLD=1.60 KDIV=0.69 KVN=0.51 IGN=1.96 TGL=0.38 KV=1.06
  [rfly_replan t=69.3 big=0] gbest=816.6 | EKR=1.24 EKV=0.41 EBANK=0.69 ADEC=2.35 TLD=1.60 KDIV=0.69 KVN=0.51 IGN=1.96 TGL=0.38 KV=1.06
  [rfly_replan t=79.4 big=0] gbest=768.0 | EKR=1.27 EKV=0.30 EBANK=0.74 ADEC=2.48 TLD=1.64 KDIV=0.72 KVN=0.50 IGN=1.83 TGL=0.23 KV=1.30
  [rfly_replan t=89.4 big=0] gbest=710.2 | EKR=1.29 EKV=0.30 EBANK=0.96 ADEC=2.33 TLD=1.42 KDIV=0.79 KVN=0.50 IGN=2.17 TGL=0.18 KV=1.47
  [rfly_replan t=99.4 big=0] gbest=628.9 | EKR=1.23 EKV=0.30 EBANK=0.80 ADEC=2.31 TLD=1.48 KDIV=0.73 KVN=0.50 IGN=2.32 TGL=0.19 KV=1.40
  [rfly_replan t=109.4 big=0] gbest=628.2 | EKR=1.51 EKV=0.41 EBANK=0.68 ADEC=2.46 TLD=1.41 KDIV=0.75 KVN=0.57 IGN=2.26 TGL=0.02 KV=1.09
  [rfly_replan t=119.4 big=0] gbest=628.2 | EKR=1.51 EKV=0.41 EBANK=0.68 ADEC=2.46 TLD=1.41 KDIV=0.75 KVN=0.57 IGN=2.26 TGL=0.02 KV=1.09
  [rfly_replan t=0.0 big=1] gbest=515.2 | EKR=2.31 EKV=1.83 EBANK=1.42 ADEC=1.42 TLD=1.50 KDIV=0.40 KVN=1.06 IGN=1.21 TGL=0.00 KV=1.29
  [rfly_replan t=8.8 big=0] gbest=14920.9 | EKR=1.96 EKV=2.09 EBANK=1.39 ADEC=1.49 TLD=1.16 KDIV=0.40 KVN=0.88 IGN=1.34 TGL=0.00 KV=1.26
  [rfly_replan t=18.8 big=0] gbest=1925.9 | EKR=1.70 EKV=1.82 EBANK=1.50 ADEC=1.56 TLD=1.08 KDIV=0.40 KVN=0.77 IGN=1.68 TGL=0.00 KV=1.31
  [rfly_replan t=28.8 big=0] gbest=938.4 | EKR=1.54 EKV=1.90 EBANK=1.66 ADEC=1.40 TLD=1.22 KDIV=0.40 KVN=0.91 IGN=1.86 TGL=0.03 KV=1.28
  [rfly_replan t=31.9 big=0] gbest=938.4 | EKR=1.54 EKV=1.90 EBANK=1.66 ADEC=1.40 TLD=1.22 KDIV=0.40 KVN=0.91 IGN=1.86 TGL=0.03 KV=1.28
  [rfly_replan t=41.9 big=0] gbest=850.8 | EKR=1.59 EKV=1.71 EBANK=1.49 ADEC=1.46 TLD=0.98 KDIV=0.40 KVN=0.85 IGN=2.06 TGL=0.00 KV=1.13
  [rfly_replan t=51.9 big=0] gbest=793.2 | EKR=1.38 EKV=1.60 EBANK=1.66 ADEC=1.49 TLD=0.86 KDIV=0.40 KVN=1.00 IGN=2.38 TGL=0.13 KV=1.09
  [rfly_replan t=61.9 big=0] gbest=793.2 | EKR=1.38 EKV=1.60 EBANK=1.66 ADEC=1.49 TLD=0.86 KDIV=0.40 KVN=1.00 IGN=2.38 TGL=0.13 KV=1.09
  [rfly_replan t=71.9 big=0] gbest=793.2 | EKR=1.38 EKV=1.60 EBANK=1.66 ADEC=1.49 TLD=0.86 KDIV=0.40 KVN=1.00 IGN=2.38 TGL=0.13 KV=1.09
  [rfly_replan t=81.9 big=0] gbest=793.2 | EKR=1.38 EKV=1.60 EBANK=1.66 ADEC=1.49 TLD=0.86 KDIV=0.40 KVN=1.00 IGN=2.38 TGL=0.13 KV=1.09
  [rfly_replan t=92.0 big=0] gbest=751.2 | EKR=1.61 EKV=1.61 EBANK=1.78 ADEC=1.50 TLD=0.91 KDIV=0.40 KVN=1.02 IGN=2.56 TGL=0.26 KV=1.12
  [rfly_replan t=102.0 big=0] gbest=751.2 | EKR=1.61 EKV=1.61 EBANK=1.78 ADEC=1.50 TLD=0.91 KDIV=0.40 KVN=1.02 IGN=2.56 TGL=0.26 KV=1.12
  [rfly_replan t=112.0 big=0] gbest=751.2 | EKR=1.61 EKV=1.61 EBANK=1.78 ADEC=1.50 TLD=0.91 KDIV=0.40 KVN=1.02 IGN=2.56 TGL=0.26 KV=1.12
  [rfly_replan t=0.0 big=1] gbest=388.2 | EKR=0.90 EKV=0.48 EBANK=0.62 ADEC=0.93 TLD=0.37 KDIV=0.40 KVN=0.87 IGN=0.40 TGL=0.05 KV=1.27
  [rfly_replan t=10.0 big=0] gbest=388.2 | EKR=0.90 EKV=0.48 EBANK=0.62 ADEC=0.93 TLD=0.37 KDIV=0.40 KVN=0.87 IGN=0.40 TGL=0.05 KV=1.27
  [rfly_replan t=17.4 big=0] gbest=1087.9 | EKR=0.73 EKV=0.31 EBANK=0.83 ADEC=0.90 TLD=0.25 KDIV=0.57 KVN=0.57 IGN=0.72 TGL=0.00 KV=1.35
  [rfly_replan t=27.4 big=0] gbest=1075.4 | EKR=0.48 EKV=0.30 EBANK=0.68 ADEC=0.92 TLD=0.30 KDIV=0.59 KVN=0.55 IGN=0.84 TGL=0.00 KV=1.37
  [rfly_replan t=28.4 big=0] gbest=1075.4 | EKR=0.48 EKV=0.30 EBANK=0.68 ADEC=0.92 TLD=0.30 KDIV=0.59 KVN=0.55 IGN=0.84 TGL=0.00 KV=1.37
  [rfly_replan t=38.4 big=0] gbest=1063.1 | EKR=0.65 EKV=0.68 EBANK=0.70 ADEC=0.90 TLD=0.25 KDIV=0.60 KVN=0.65 IGN=0.88 TGL=0.00 KV=1.38
  [rfly_replan t=48.4 big=0] gbest=1063.1 | EKR=0.65 EKV=0.68 EBANK=0.70 ADEC=0.90 TLD=0.25 KDIV=0.60 KVN=0.65 IGN=0.88 TGL=0.00 KV=1.38
  [rfly_replan t=58.4 big=0] gbest=1063.1 | EKR=0.65 EKV=0.68 EBANK=0.70 ADEC=0.90 TLD=0.25 KDIV=0.60 KVN=0.65 IGN=0.88 TGL=0.00 KV=1.38
  [rfly_replan t=68.5 big=0] gbest=912.6 | EKR=0.39 EKV=0.55 EBANK=0.61 ADEC=0.85 TLD=0.45 KDIV=0.71 KVN=0.53 IGN=0.86 TGL=0.14 KV=1.54
  [rfly_replan t=78.5 big=0] gbest=912.6 | EKR=0.39 EKV=0.55 EBANK=0.61 ADEC=0.85 TLD=0.45 KDIV=0.71 KVN=0.53 IGN=0.86 TGL=0.14 KV=1.54
  [rfly_replan t=88.5 big=0] gbest=836.7 | EKR=0.30 EKV=0.44 EBANK=0.66 ADEC=0.88 TLD=0.67 KDIV=0.80 KVN=0.50 IGN=0.65 TGL=0.12 KV=1.69
  [rfly_replan t=98.5 big=0] gbest=836.7 | EKR=0.30 EKV=0.44 EBANK=0.66 ADEC=0.88 TLD=0.67 KDIV=0.80 KVN=0.50 IGN=0.65 TGL=0.12 KV=1.69
  [rfly_replan t=108.5 big=0] gbest=462.7 | EKR=0.30 EKV=0.58 EBANK=0.74 ADEC=0.74 TLD=0.52 KDIV=0.69 KVN=0.50 IGN=0.89 TGL=0.00 KV=1.57
  [imu] reference LOST t=110.80 float=x gimbal rates o/m/i = 45/6/-4 deg/s (limit 45) MGA=-7.5
  [rfly_replan t=118.6 big=0] gbest=462.7 | EKR=0.30 EKV=0.58 EBANK=0.74 ADEC=0.74 TLD=0.52 KDIV=0.69 KVN=0.50 IGN=0.89 TGL=0.00 KV=1.57
  [rfly_replan t=0.0 big=1] gbest=551.1 | EKR=1.53 EKV=1.85 EBANK=0.97 ADEC=1.07 TLD=0.65 KDIV=0.45 KVN=0.56 IGN=1.08 TGL=0.00 KV=0.93
  [rfly_replan t=10.0 big=0] gbest=305.7 | EKR=1.46 EKV=1.90 EBANK=0.98 ADEC=1.06 TLD=0.62 KDIV=0.49 KVN=0.51 IGN=1.05 TGL=0.00 KV=0.89
  [rfly_replan t=12.1 big=0] gbest=1076.7 | EKR=1.46 EKV=1.90 EBANK=0.98 ADEC=1.06 TLD=0.62 KDIV=0.49 KVN=0.51 IGN=1.05 TGL=0.00 KV=0.89
  [rfly_replan t=22.1 big=0] gbest=834.1 | EKR=1.43 EKV=1.95 EBANK=0.90 ADEC=0.95 TLD=0.57 KDIV=0.51 KVN=0.54 IGN=1.33 TGL=0.05 KV=0.90
  [rfly_replan t=31.5 big=0] gbest=751.3 | EKR=1.28 EKV=1.94 EBANK=0.69 ADEC=0.84 TLD=0.30 KDIV=0.40 KVN=0.55 IGN=1.44 TGL=0.00 KV=1.21
  [rfly_replan t=41.5 big=0] gbest=587.3 | EKR=1.30 EKV=2.08 EBANK=0.94 ADEC=0.73 TLD=0.25 KDIV=0.42 KVN=0.61 IGN=1.39 TGL=0.00 KV=1.21
  [rfly_replan t=51.5 big=0] gbest=587.3 | EKR=1.30 EKV=2.08 EBANK=0.94 ADEC=0.73 TLD=0.25 KDIV=0.42 KVN=0.61 IGN=1.39 TGL=0.00 KV=1.21
  [rfly_replan t=61.5 big=0] gbest=587.3 | EKR=1.30 EKV=2.08 EBANK=0.94 ADEC=0.73 TLD=0.25 KDIV=0.42 KVN=0.61 IGN=1.39 TGL=0.00 KV=1.21
  [rfly_replan t=71.5 big=0] gbest=555.6 | EKR=0.96 EKV=2.22 EBANK=0.92 ADEC=0.73 TLD=0.33 KDIV=0.40 KVN=0.59 IGN=1.38 TGL=0.01 KV=1.29
  [rfly_replan t=81.5 big=0] gbest=555.6 | EKR=0.96 EKV=2.22 EBANK=0.92 ADEC=0.73 TLD=0.33 KDIV=0.40 KVN=0.59 IGN=1.38 TGL=0.01 KV=1.29
  [rfly_replan t=91.5 big=0] gbest=555.6 | EKR=0.96 EKV=2.22 EBANK=0.92 ADEC=0.73 TLD=0.33 KDIV=0.40 KVN=0.59 IGN=1.38 TGL=0.01 KV=1.29
  [rfly_replan t=101.5 big=0] gbest=555.6 | EKR=0.96 EKV=2.22 EBANK=0.92 ADEC=0.73 TLD=0.33 KDIV=0.40 KVN=0.59 IGN=1.38 TGL=0.01 KV=1.29
  [rfly_replan t=111.6 big=0] gbest=537.9 | EKR=0.87 EKV=2.11 EBANK=1.07 ADEC=0.76 TLD=0.49 KDIV=0.40 KVN=0.50 IGN=1.48 TGL=0.06 KV=1.16
  [rfly_replan t=121.6 big=0] gbest=537.9 | EKR=0.87 EKV=2.11 EBANK=1.07 ADEC=0.76 TLD=0.49 KDIV=0.40 KVN=0.50 IGN=1.48 TGL=0.06 KV=1.16
  [rfly_replan t=0.0 big=1] gbest=503.5 | EKR=2.51 EKV=1.68 EBANK=1.33 ADEC=1.46 TLD=1.03 KDIV=0.60 KVN=0.50 IGN=1.32 TGL=0.16 KV=1.02
  [rfly_replan t=6.7 big=0] gbest=9495.2 | EKR=2.34 EKV=1.40 EBANK=1.44 ADEC=1.70 TLD=0.82 KDIV=0.48 KVN=0.50 IGN=0.94 TGL=0.06 KV=1.01
  [rfly_replan t=16.7 big=0] gbest=4655.4 | EKR=2.38 EKV=1.71 EBANK=1.51 ADEC=1.78 TLD=0.69 KDIV=0.50 KVN=0.50 IGN=0.83 TGL=0.00 KV=1.10
  [rfly_replan t=26.7 big=0] gbest=4655.4 | EKR=2.38 EKV=1.71 EBANK=1.51 ADEC=1.78 TLD=0.69 KDIV=0.50 KVN=0.50 IGN=0.83 TGL=0.00 KV=1.10
  [rfly_replan t=35.4 big=0] gbest=4474.4 | EKR=2.23 EKV=1.83 EBANK=1.55 ADEC=1.68 TLD=0.34 KDIV=0.54 KVN=0.55 IGN=0.53 TGL=0.00 KV=1.00
  [rfly_replan t=45.4 big=0] gbest=1771.2 | EKR=2.05 EKV=2.10 EBANK=1.61 ADEC=1.68 TLD=0.29 KDIV=0.59 KVN=0.68 IGN=0.40 TGL=0.00 KV=1.03
  [rfly_replan t=55.4 big=0] gbest=1767.1 | EKR=2.24 EKV=2.12 EBANK=1.57 ADEC=1.51 TLD=0.32 KDIV=0.61 KVN=0.69 IGN=0.53 TGL=0.01 KV=1.02
  [rfly_replan t=65.4 big=0] gbest=1756.5 | EKR=2.44 EKV=2.04 EBANK=1.63 ADEC=1.42 TLD=0.33 KDIV=0.57 KVN=0.84 IGN=0.68 TGL=0.01 KV=1.05
  [rfly_replan t=75.5 big=0] gbest=1709.5 | EKR=2.52 EKV=2.03 EBANK=1.67 ADEC=1.45 TLD=0.37 KDIV=0.68 KVN=0.76 IGN=0.70 TGL=0.03 KV=1.05
  [rfly_replan t=85.5 big=0] gbest=1709.5 | EKR=2.52 EKV=2.03 EBANK=1.67 ADEC=1.45 TLD=0.37 KDIV=0.68 KVN=0.76 IGN=0.70 TGL=0.03 KV=1.05
  [rfly_replan t=95.5 big=0] gbest=1691.1 | EKR=2.41 EKV=2.42 EBANK=1.76 ADEC=1.52 TLD=0.28 KDIV=0.65 KVN=0.93 IGN=0.74 TGL=0.00 KV=0.92
  [rfly_replan t=105.5 big=0] gbest=1691.1 | EKR=2.41 EKV=2.42 EBANK=1.76 ADEC=1.52 TLD=0.28 KDIV=0.65 KVN=0.93 IGN=0.74 TGL=0.00 KV=0.92
  [rfly_replan t=115.5 big=0] gbest=1581.5 | EKR=2.68 EKV=2.42 EBANK=1.74 ADEC=1.52 TLD=0.34 KDIV=0.69 KVN=0.95 IGN=0.85 TGL=0.04 KV=1.08
  [rfly_replan t=125.6 big=0] gbest=1439.5 | EKR=2.71 EKV=2.43 EBANK=1.71 ADEC=1.40 TLD=0.60 KDIV=0.83 KVN=0.90 IGN=0.51 TGL=0.24 KV=1.28
  [imu] reference LOST t=125.97 float=x gimbal rates o/m/i = -45/4/-11 deg/s (limit 45) MGA=-7.7
  [rfly_replan t=135.6 big=0] gbest=1439.5 | EKR=2.71 EKV=2.43 EBANK=1.71 ADEC=1.40 TLD=0.60 KDIV=0.83 KVN=0.90 IGN=0.51 TGL=0.24 KV=1.28
  [rfly_replan t=0.0 big=1] gbest=523.2 | EKR=1.78 EKV=1.44 EBANK=0.85 ADEC=1.56 TLD=1.05 KDIV=0.62 KVN=1.04 IGN=1.41 TGL=0.38 KV=1.89
  [rfly_replan t=10.0 big=0] gbest=424.5 | EKR=1.56 EKV=1.65 EBANK=0.74 ADEC=1.38 TLD=0.71 KDIV=0.50 KVN=0.98 IGN=1.56 TGL=0.24 KV=1.71
  [rfly_replan t=15.4 big=0] gbest=10118.3 | EKR=1.67 EKV=1.45 EBANK=0.72 ADEC=1.25 TLD=0.58 KDIV=0.52 KVN=0.82 IGN=1.90 TGL=0.00 KV=1.73
  [rfly_replan t=25.4 big=0] gbest=1886.4 | EKR=1.93 EKV=1.30 EBANK=0.70 ADEC=1.05 TLD=0.67 KDIV=0.46 KVN=1.00 IGN=1.80 TGL=0.10 KV=1.86
  [rfly_replan t=29.2 big=0] gbest=706.8 | EKR=2.06 EKV=1.60 EBANK=0.86 ADEC=1.04 TLD=0.96 KDIV=0.41 KVN=1.10 IGN=2.06 TGL=0.00 KV=1.84
  [rfly_replan t=39.2 big=0] gbest=706.8 | EKR=2.06 EKV=1.60 EBANK=0.86 ADEC=1.04 TLD=0.96 KDIV=0.41 KVN=1.10 IGN=2.06 TGL=0.00 KV=1.84
  [rfly_replan t=49.2 big=0] gbest=706.8 | EKR=2.06 EKV=1.60 EBANK=0.86 ADEC=1.04 TLD=0.96 KDIV=0.41 KVN=1.10 IGN=2.06 TGL=0.00 KV=1.84
  [rfly_replan t=59.2 big=0] gbest=482.3 | EKR=2.03 EKV=1.57 EBANK=0.84 ADEC=1.02 TLD=1.08 KDIV=0.40 KVN=1.09 IGN=1.99 TGL=0.44 KV=1.84
  [rfly_replan t=69.2 big=0] gbest=482.3 | EKR=2.03 EKV=1.57 EBANK=0.84 ADEC=1.02 TLD=1.08 KDIV=0.40 KVN=1.09 IGN=1.99 TGL=0.44 KV=1.84
  [rfly_replan t=79.3 big=0] gbest=320.9 | EKR=2.07 EKV=1.60 EBANK=0.67 ADEC=1.08 TLD=1.23 KDIV=0.41 KVN=1.02 IGN=2.07 TGL=0.38 KV=1.83
  [rfly_replan t=89.3 big=0] gbest=320.9 | EKR=2.07 EKV=1.60 EBANK=0.67 ADEC=1.08 TLD=1.23 KDIV=0.41 KVN=1.02 IGN=2.07 TGL=0.38 KV=1.83
  [rfly_replan t=99.3 big=0] gbest=309.5 | EKR=2.15 EKV=1.64 EBANK=0.60 ADEC=0.92 TLD=1.30 KDIV=0.40 KVN=0.98 IGN=2.38 TGL=0.63 KV=1.77
  [rfly_replan t=109.3 big=0] gbest=290.5 | EKR=1.83 EKV=1.80 EBANK=0.86 ADEC=1.18 TLD=1.11 KDIV=0.52 KVN=1.06 IGN=2.10 TGL=0.47 KV=1.84
  [rfly_replan t=119.3 big=0] gbest=290.5 | EKR=1.83 EKV=1.80 EBANK=0.86 ADEC=1.18 TLD=1.11 KDIV=0.52 KVN=1.06 IGN=2.10 TGL=0.47 KV=1.84
  [rfly_replan t=0.0 big=1] gbest=756.4 | EKR=1.35 EKV=1.32 EBANK=1.42 ADEC=1.47 TLD=1.34 KDIV=0.40 KVN=0.54 IGN=1.30 TGL=0.42 KV=1.39
  [rfly_replan t=10.0 big=0] gbest=684.3 | EKR=0.99 EKV=0.97 EBANK=1.49 ADEC=1.26 TLD=1.22 KDIV=0.40 KVN=0.55 IGN=1.29 TGL=0.22 KV=1.43
  [rfly_replan t=10.0 big=0] gbest=10327.9 | EKR=0.71 EKV=1.20 EBANK=1.55 ADEC=1.23 TLD=1.28 KDIV=0.40 KVN=0.57 IGN=1.04 TGL=0.05 KV=1.48
  [rfly_replan t=20.0 big=0] gbest=1611.7 | EKR=0.77 EKV=1.41 EBANK=1.49 ADEC=1.21 TLD=1.16 KDIV=0.40 KVN=0.50 IGN=0.75 TGL=0.00 KV=1.36
  [rfly_replan t=30.1 big=0] gbest=1135.5 | EKR=1.03 EKV=1.40 EBANK=1.45 ADEC=1.16 TLD=1.01 KDIV=0.40 KVN=0.50 IGN=0.73 TGL=0.01 KV=1.11
  [rfly_replan t=34.2 big=0] gbest=819.6 | EKR=0.80 EKV=1.39 EBANK=1.72 ADEC=1.28 TLD=1.14 KDIV=0.42 KVN=0.64 IGN=0.44 TGL=0.17 KV=1.04
  [rfly_replan t=44.2 big=0] gbest=706.3 | EKR=0.74 EKV=1.46 EBANK=1.83 ADEC=1.18 TLD=1.05 KDIV=0.40 KVN=0.56 IGN=0.48 TGL=0.01 KV=1.16
  [rfly_replan t=54.2 big=0] gbest=649.0 | EKR=0.30 EKV=1.35 EBANK=1.86 ADEC=1.16 TLD=0.80 KDIV=0.40 KVN=0.50 IGN=0.45 TGL=0.02 KV=1.28
  [rfly_replan t=64.2 big=0] gbest=453.0 | EKR=0.65 EKV=1.25 EBANK=2.01 ADEC=1.20 TLD=0.69 KDIV=0.50 KVN=0.50 IGN=0.72 TGL=0.17 KV=1.36
  [rfly_replan t=74.2 big=0] gbest=453.0 | EKR=0.65 EKV=1.25 EBANK=2.01 ADEC=1.20 TLD=0.69 KDIV=0.50 KVN=0.50 IGN=0.72 TGL=0.17 KV=1.36
  [rfly_replan t=84.2 big=0] gbest=412.0 | EKR=0.58 EKV=1.23 EBANK=1.99 ADEC=1.36 TLD=1.01 KDIV=0.49 KVN=0.50 IGN=0.56 TGL=0.12 KV=1.46
  [rfly_replan t=94.2 big=0] gbest=412.0 | EKR=0.58 EKV=1.23 EBANK=1.99 ADEC=1.36 TLD=1.01 KDIV=0.49 KVN=0.50 IGN=0.56 TGL=0.12 KV=1.46
  [rfly_replan t=104.2 big=0] gbest=412.0 | EKR=0.58 EKV=1.23 EBANK=1.99 ADEC=1.36 TLD=1.01 KDIV=0.49 KVN=0.50 IGN=0.56 TGL=0.12 KV=1.46
  [rfly_replan t=114.3 big=0] gbest=250.8 | EKR=0.56 EKV=1.18 EBANK=2.13 ADEC=1.33 TLD=0.86 KDIV=0.52 KVN=0.51 IGN=0.84 TGL=0.09 KV=1.45
  [rfly_replan t=124.3 big=0] gbest=245.9 | EKR=0.84 EKV=1.25 EBANK=2.05 ADEC=1.48 TLD=0.62 KDIV=0.59 KVN=0.79 IGN=0.67 TGL=0.29 KV=1.22
  [imu] reference LOST t=124.44 float=x gimbal rates o/m/i = -45/-8/-4 deg/s (limit 45) MGA=10.2
  [rfly_replan t=134.3 big=0] gbest=245.9 | EKR=0.84 EKV=1.25 EBANK=2.05 ADEC=1.48 TLD=0.62 KDIV=0.59 KVN=0.79 IGN=0.67 TGL=0.29 KV=1.22
  [rfly_replan t=0.0 big=1] gbest=286.1 | EKR=2.71 EKV=1.37 EBANK=1.16 ADEC=0.97 TLD=1.27 KDIV=0.45 KVN=0.87 IGN=0.40 TGL=0.00 KV=1.48
  [rfly_replan t=4.7 big=0] gbest=767.5 | EKR=2.44 EKV=1.66 EBANK=1.06 ADEC=1.18 TLD=1.32 KDIV=0.40 KVN=0.63 IGN=0.40 TGL=0.11 KV=1.41
  [rfly_replan t=14.7 big=0] gbest=678.2 | EKR=2.53 EKV=1.95 EBANK=1.04 ADEC=1.21 TLD=1.33 KDIV=0.40 KVN=0.71 IGN=0.40 TGL=0.04 KV=1.53
  [rfly_replan t=24.7 big=0] gbest=341.5 | EKR=2.75 EKV=1.69 EBANK=1.00 ADEC=1.20 TLD=1.21 KDIV=0.40 KVN=0.67 IGN=0.71 TGL=0.00 KV=1.39
  [rfly_replan t=33.1 big=0] gbest=341.5 | EKR=2.75 EKV=1.69 EBANK=1.00 ADEC=1.20 TLD=1.21 KDIV=0.40 KVN=0.67 IGN=0.71 TGL=0.00 KV=1.39
  [rfly_replan t=43.1 big=0] gbest=341.5 | EKR=2.75 EKV=1.69 EBANK=1.00 ADEC=1.20 TLD=1.21 KDIV=0.40 KVN=0.67 IGN=0.71 TGL=0.00 KV=1.39
  [rfly_replan t=53.1 big=0] gbest=341.5 | EKR=2.75 EKV=1.69 EBANK=1.00 ADEC=1.20 TLD=1.21 KDIV=0.40 KVN=0.67 IGN=0.71 TGL=0.00 KV=1.39
  [rfly_replan t=63.1 big=0] gbest=292.7 | EKR=2.77 EKV=1.78 EBANK=0.93 ADEC=1.23 TLD=1.21 KDIV=0.40 KVN=0.55 IGN=0.69 TGL=0.00 KV=1.35
  [rfly_replan t=73.2 big=0] gbest=292.7 | EKR=2.77 EKV=1.78 EBANK=0.93 ADEC=1.23 TLD=1.21 KDIV=0.40 KVN=0.55 IGN=0.69 TGL=0.00 KV=1.35
  [rfly_replan t=83.2 big=0] gbest=292.7 | EKR=2.77 EKV=1.78 EBANK=0.93 ADEC=1.23 TLD=1.21 KDIV=0.40 KVN=0.55 IGN=0.69 TGL=0.00 KV=1.35
  [rfly_replan t=93.2 big=0] gbest=265.2 | EKR=2.72 EKV=1.88 EBANK=0.88 ADEC=1.26 TLD=1.22 KDIV=0.40 KVN=0.58 IGN=0.59 TGL=0.06 KV=1.40
  [rfly_replan t=103.2 big=0] gbest=260.4 | EKR=3.11 EKV=1.64 EBANK=0.82 ADEC=1.47 TLD=1.72 KDIV=0.45 KVN=0.50 IGN=1.08 TGL=0.00 KV=1.02
  [rfly_replan t=0.0 big=1] gbest=437.7 | EKR=1.40 EKV=1.35 EBANK=0.60 ADEC=1.15 TLD=1.58 KDIV=0.52 KVN=0.62 IGN=1.36 TGL=0.00 KV=1.47
  [rfly_replan t=10.0 big=0] gbest=437.7 | EKR=1.40 EKV=1.35 EBANK=0.60 ADEC=1.15 TLD=1.58 KDIV=0.52 KVN=0.62 IGN=1.36 TGL=0.00 KV=1.47
  [rfly_replan t=13.3 big=0] gbest=4708.7 | EKR=1.42 EKV=1.27 EBANK=0.65 ADEC=1.34 TLD=1.74 KDIV=0.40 KVN=0.50 IGN=1.66 TGL=0.00 KV=1.49
  [rfly_replan t=23.3 big=0] gbest=4708.7 | EKR=1.42 EKV=1.27 EBANK=0.65 ADEC=1.34 TLD=1.74 KDIV=0.40 KVN=0.50 IGN=1.66 TGL=0.00 KV=1.49
  [rfly_replan t=29.3 big=0] gbest=1864.9 | EKR=1.42 EKV=1.58 EBANK=0.60 ADEC=1.26 TLD=1.74 KDIV=0.68 KVN=0.50 IGN=1.70 TGL=0.01 KV=1.52
  [rfly_replan t=39.3 big=0] gbest=1864.9 | EKR=1.42 EKV=1.58 EBANK=0.60 ADEC=1.26 TLD=1.74 KDIV=0.68 KVN=0.50 IGN=1.70 TGL=0.01 KV=1.52
  [rfly_replan t=49.3 big=0] gbest=1864.9 | EKR=1.42 EKV=1.58 EBANK=0.60 ADEC=1.26 TLD=1.74 KDIV=0.68 KVN=0.50 IGN=1.70 TGL=0.01 KV=1.52
  [rfly_replan t=59.3 big=0] gbest=1864.9 | EKR=1.42 EKV=1.58 EBANK=0.60 ADEC=1.26 TLD=1.74 KDIV=0.68 KVN=0.50 IGN=1.70 TGL=0.01 KV=1.52
  [rfly_replan t=69.3 big=0] gbest=1637.4 | EKR=1.73 EKV=1.54 EBANK=0.60 ADEC=1.36 TLD=1.49 KDIV=0.63 KVN=0.50 IGN=1.42 TGL=0.00 KV=1.63
  [rfly_replan t=79.4 big=0] gbest=1124.2 | EKR=1.77 EKV=1.26 EBANK=0.60 ADEC=1.49 TLD=1.67 KDIV=0.50 KVN=0.50 IGN=1.33 TGL=0.00 KV=1.89
  [rfly_replan t=89.4 big=0] gbest=930.1 | EKR=1.79 EKV=1.24 EBANK=0.82 ADEC=1.34 TLD=1.45 KDIV=0.57 KVN=0.50 IGN=1.67 TGL=0.00 KV=2.05
  [rfly_replan t=99.4 big=0] gbest=930.1 | EKR=1.79 EKV=1.24 EBANK=0.82 ADEC=1.34 TLD=1.45 KDIV=0.57 KVN=0.50 IGN=1.67 TGL=0.00 KV=2.05
  [rfly_replan t=109.4 big=0] gbest=929.0 | EKR=2.07 EKV=1.34 EBANK=0.70 ADEC=1.49 TLD=1.38 KDIV=0.58 KVN=0.57 IGN=1.62 TGL=0.00 KV=1.75
  [rfly_replan t=0.0 big=1] gbest=569.6 | EKR=1.80 EKV=1.94 EBANK=1.15 ADEC=1.46 TLD=0.91 KDIV=0.51 KVN=0.50 IGN=0.98 TGL=0.07 KV=0.81
  [rfly_replan t=8.0 big=0] gbest=7932.5 | EKR=2.17 EKV=2.14 EBANK=0.97 ADEC=1.31 TLD=0.86 KDIV=0.69 KVN=0.50 IGN=1.04 TGL=0.00 KV=1.05
  [rfly_replan t=18.0 big=0] gbest=1569.4 | EKR=2.20 EKV=2.50 EBANK=0.99 ADEC=1.33 TLD=0.81 KDIV=0.72 KVN=0.50 IGN=0.99 TGL=0.00 KV=1.07
  [rfly_replan t=28.0 big=0] gbest=1358.5 | EKR=1.98 EKV=2.62 EBANK=0.83 ADEC=1.29 TLD=0.54 KDIV=0.85 KVN=0.66 IGN=0.76 TGL=0.00 KV=1.20
  [rfly_replan t=33.9 big=0] gbest=938.9 | EKR=1.98 EKV=2.29 EBANK=0.77 ADEC=1.29 TLD=0.66 KDIV=0.90 KVN=0.61 IGN=1.32 TGL=0.01 KV=1.46
  [rfly_replan t=43.9 big=0] gbest=938.9 | EKR=1.98 EKV=2.29 EBANK=0.77 ADEC=1.29 TLD=0.66 KDIV=0.90 KVN=0.61 IGN=1.32 TGL=0.01 KV=1.46
  [rfly_replan t=53.9 big=0] gbest=938.9 | EKR=1.98 EKV=2.29 EBANK=0.77 ADEC=1.29 TLD=0.66 KDIV=0.90 KVN=0.61 IGN=1.32 TGL=0.01 KV=1.46
  [rfly_replan t=63.9 big=0] gbest=938.9 | EKR=1.98 EKV=2.29 EBANK=0.77 ADEC=1.29 TLD=0.66 KDIV=0.90 KVN=0.61 IGN=1.32 TGL=0.01 KV=1.46
  [rfly_replan t=73.9 big=0] gbest=938.9 | EKR=1.98 EKV=2.29 EBANK=0.77 ADEC=1.29 TLD=0.66 KDIV=0.90 KVN=0.61 IGN=1.32 TGL=0.01 KV=1.46
  [rfly_replan t=83.9 big=0] gbest=938.9 | EKR=1.98 EKV=2.29 EBANK=0.77 ADEC=1.29 TLD=0.66 KDIV=0.90 KVN=0.61 IGN=1.32 TGL=0.01 KV=1.46
  [rfly_replan t=93.9 big=0] gbest=743.0 | EKR=2.20 EKV=2.27 EBANK=0.81 ADEC=1.22 TLD=0.35 KDIV=0.92 KVN=0.61 IGN=1.33 TGL=0.00 KV=1.46
  [rfly_replan t=104.0 big=0] gbest=700.1 | EKR=2.23 EKV=2.27 EBANK=0.90 ADEC=1.29 TLD=0.39 KDIV=0.94 KVN=0.71 IGN=1.43 TGL=0.00 KV=1.63
  [rfly_replan t=114.0 big=0] gbest=605.5 | EKR=2.62 EKV=2.01 EBANK=1.05 ADEC=1.20 TLD=0.41 KDIV=0.81 KVN=0.59 IGN=1.31 TGL=0.04 KV=1.72
  [rfly_replan t=124.0 big=0] gbest=605.5 | EKR=2.62 EKV=2.01 EBANK=1.05 ADEC=1.20 TLD=0.41 KDIV=0.81 KVN=0.59 IGN=1.31 TGL=0.04 KV=1.72
  [rfly_replan t=0.0 big=1] gbest=410.5 | EKR=1.86 EKV=0.98 EBANK=1.87 ADEC=0.82 TLD=1.50 KDIV=1.33 KVN=1.33 IGN=1.62 TGL=0.00 KV=1.50
  [rfly_replan t=10.0 big=0] gbest=410.5 | EKR=1.86 EKV=0.98 EBANK=1.87 ADEC=0.82 TLD=1.50 KDIV=1.33 KVN=1.33 IGN=1.62 TGL=0.00 KV=1.50
  [rfly_replan t=16.6 big=0] gbest=4849.0 | EKR=1.63 EKV=0.57 EBANK=1.66 ADEC=0.89 TLD=1.62 KDIV=1.39 KVN=1.43 IGN=1.83 TGL=0.00 KV=1.38
  [rfly_replan t=26.7 big=0] gbest=4849.0 | EKR=1.63 EKV=0.57 EBANK=1.66 ADEC=0.89 TLD=1.62 KDIV=1.39 KVN=1.43 IGN=1.83 TGL=0.00 KV=1.38
  [rfly_replan t=28.5 big=0] gbest=1739.2 | EKR=2.02 EKV=0.56 EBANK=1.65 ADEC=1.03 TLD=1.74 KDIV=1.41 KVN=1.32 IGN=1.72 TGL=0.02 KV=1.44
  [rfly_replan t=38.5 big=0] gbest=1739.2 | EKR=2.02 EKV=0.56 EBANK=1.65 ADEC=1.03 TLD=1.74 KDIV=1.41 KVN=1.32 IGN=1.72 TGL=0.02 KV=1.44
  [rfly_replan t=48.5 big=0] gbest=1739.2 | EKR=2.02 EKV=0.56 EBANK=1.65 ADEC=1.03 TLD=1.74 KDIV=1.41 KVN=1.32 IGN=1.72 TGL=0.02 KV=1.44
  [rfly_replan t=58.5 big=0] gbest=1728.4 | EKR=2.10 EKV=0.74 EBANK=1.59 ADEC=0.90 TLD=1.91 KDIV=1.60 KVN=1.20 IGN=1.55 TGL=0.13 KV=1.32
  [rfly_replan t=68.5 big=0] gbest=1728.4 | EKR=2.10 EKV=0.74 EBANK=1.59 ADEC=0.90 TLD=1.91 KDIV=1.60 KVN=1.20 IGN=1.55 TGL=0.13 KV=1.32
  [rfly_replan t=78.5 big=0] gbest=1728.4 | EKR=2.10 EKV=0.74 EBANK=1.59 ADEC=0.90 TLD=1.91 KDIV=1.60 KVN=1.20 IGN=1.55 TGL=0.13 KV=1.32
  [rfly_replan t=88.5 big=0] gbest=1728.4 | EKR=2.10 EKV=0.74 EBANK=1.59 ADEC=0.90 TLD=1.91 KDIV=1.60 KVN=1.20 IGN=1.55 TGL=0.13 KV=1.32
  [rfly_replan t=98.6 big=0] gbest=1549.4 | EKR=2.28 EKV=0.81 EBANK=1.57 ADEC=0.85 TLD=1.75 KDIV=1.81 KVN=1.22 IGN=1.58 TGL=0.15 KV=1.13
  [rfly_replan t=108.6 big=0] gbest=1337.5 | EKR=2.31 EKV=1.22 EBANK=1.67 ADEC=0.70 TLD=1.69 KDIV=1.86 KVN=1.07 IGN=2.18 TGL=0.39 KV=1.01
  [rfly_replan t=118.6 big=0] gbest=1337.5 | EKR=2.31 EKV=1.22 EBANK=1.67 ADEC=0.70 TLD=1.69 KDIV=1.86 KVN=1.07 IGN=2.18 TGL=0.39 KV=1.01
  [rfly_replan t=0.0 big=1] gbest=431.2 | EKR=1.57 EKV=1.61 EBANK=0.98 ADEC=1.25 TLD=0.80 KDIV=0.42 KVN=0.59 IGN=1.25 TGL=0.13 KV=2.13
  [rfly_replan t=10.0 big=0] gbest=407.5 | EKR=1.21 EKV=1.26 EBANK=1.06 ADEC=1.04 TLD=0.68 KDIV=0.41 KVN=0.60 IGN=1.24 TGL=0.00 KV=2.16
  [rfly_replan t=11.3 big=0] gbest=1033.8 | EKR=0.98 EKV=1.43 EBANK=0.93 ADEC=0.98 TLD=0.62 KDIV=0.40 KVN=0.56 IGN=1.15 TGL=0.11 KV=2.25
  [rfly_replan t=21.3 big=0] gbest=776.3 | EKR=0.72 EKV=1.30 EBANK=1.19 ADEC=1.02 TLD=0.61 KDIV=0.60 KVN=0.54 IGN=1.18 TGL=0.12 KV=2.25
  [rfly_replan t=29.7 big=0] gbest=776.3 | EKR=0.72 EKV=1.30 EBANK=1.19 ADEC=1.02 TLD=0.61 KDIV=0.60 KVN=0.54 IGN=1.18 TGL=0.12 KV=2.25
  [rfly_replan t=39.7 big=0] gbest=776.3 | EKR=0.72 EKV=1.30 EBANK=1.19 ADEC=1.02 TLD=0.61 KDIV=0.60 KVN=0.54 IGN=1.18 TGL=0.12 KV=2.25
  [rfly_replan t=49.7 big=0] gbest=776.3 | EKR=0.72 EKV=1.30 EBANK=1.19 ADEC=1.02 TLD=0.61 KDIV=0.60 KVN=0.54 IGN=1.18 TGL=0.12 KV=2.25
  [rfly_replan t=59.7 big=0] gbest=690.2 | EKR=0.69 EKV=1.03 EBANK=1.12 ADEC=0.97 TLD=0.63 KDIV=0.59 KVN=0.52 IGN=1.20 TGL=0.06 KV=2.02
  [rfly_replan t=69.7 big=0] gbest=690.2 | EKR=0.69 EKV=1.03 EBANK=1.12 ADEC=0.97 TLD=0.63 KDIV=0.59 KVN=0.52 IGN=1.20 TGL=0.06 KV=2.02
  [rfly_replan t=79.7 big=0] gbest=635.8 | EKR=0.76 EKV=1.05 EBANK=1.26 ADEC=0.83 TLD=0.47 KDIV=0.68 KVN=0.61 IGN=1.22 TGL=0.18 KV=2.12
  [rfly_replan t=89.7 big=0] gbest=592.8 | EKR=0.55 EKV=1.10 EBANK=1.24 ADEC=0.86 TLD=0.38 KDIV=0.62 KVN=0.63 IGN=1.30 TGL=0.23 KV=2.14
  [rfly_replan t=99.7 big=0] gbest=559.8 | EKR=0.40 EKV=0.82 EBANK=1.10 ADEC=1.02 TLD=0.51 KDIV=0.86 KVN=0.76 IGN=1.43 TGL=0.16 KV=2.19
  [rfly_replan t=109.8 big=0] gbest=559.8 | EKR=0.40 EKV=0.82 EBANK=1.10 ADEC=1.02 TLD=0.51 KDIV=0.86 KVN=0.76 IGN=1.43 TGL=0.16 KV=2.19
  [rfly_replan t=0.0 big=1] gbest=498.0 | EKR=0.90 EKV=0.48 EBANK=0.62 ADEC=0.93 TLD=0.37 KDIV=0.40 KVN=0.87 IGN=0.40 TGL=0.05 KV=1.27
  [rfly_replan t=5.9 big=0] gbest=1754.7 | EKR=1.26 EKV=0.87 EBANK=0.64 ADEC=0.91 TLD=0.54 KDIV=0.42 KVN=0.69 IGN=0.40 TGL=0.00 KV=1.33
  [rfly_replan t=15.9 big=0] gbest=1754.7 | EKR=1.26 EKV=0.87 EBANK=0.64 ADEC=0.91 TLD=0.54 KDIV=0.42 KVN=0.69 IGN=0.40 TGL=0.00 KV=1.33
  [rfly_replan t=26.0 big=0] gbest=1294.3 | EKR=1.27 EKV=0.75 EBANK=0.72 ADEC=0.86 TLD=0.56 KDIV=0.41 KVN=0.68 IGN=0.40 TGL=0.00 KV=1.43
  [rfly_replan t=34.5 big=0] gbest=1077.2 | EKR=1.07 EKV=0.97 EBANK=0.90 ADEC=0.75 TLD=0.57 KDIV=0.40 KVN=0.75 IGN=0.74 TGL=0.00 KV=1.27
  [rfly_replan t=44.5 big=0] gbest=993.9 | EKR=0.91 EKV=0.62 EBANK=1.04 ADEC=0.91 TLD=0.35 KDIV=0.41 KVN=0.50 IGN=0.73 TGL=0.00 KV=1.17
  [rfly_replan t=54.5 big=0] gbest=641.2 | EKR=1.03 EKV=0.40 EBANK=0.84 ADEC=0.98 TLD=0.58 KDIV=0.40 KVN=0.62 IGN=0.95 TGL=0.02 KV=1.38
  [rfly_replan t=64.5 big=0] gbest=634.3 | EKR=0.98 EKV=0.39 EBANK=1.07 ADEC=0.95 TLD=0.67 KDIV=0.40 KVN=0.57 IGN=1.02 TGL=0.21 KV=1.39
  [rfly_replan t=74.5 big=0] gbest=634.3 | EKR=0.98 EKV=0.39 EBANK=1.07 ADEC=0.95 TLD=0.67 KDIV=0.40 KVN=0.57 IGN=1.02 TGL=0.21 KV=1.39
  [rfly_replan t=84.5 big=0] gbest=508.2 | EKR=0.98 EKV=0.43 EBANK=1.05 ADEC=0.94 TLD=0.54 KDIV=0.41 KVN=0.57 IGN=1.20 TGL=0.54 KV=1.58
  [rfly_replan t=94.6 big=0] gbest=486.5 | EKR=1.44 EKV=0.43 EBANK=1.06 ADEC=0.97 TLD=0.61 KDIV=0.41 KVN=0.56 IGN=1.15 TGL=0.61 KV=1.56
  [rfly_replan t=104.6 big=0] gbest=486.5 | EKR=1.44 EKV=0.43 EBANK=1.06 ADEC=0.97 TLD=0.61 KDIV=0.41 KVN=0.56 IGN=1.15 TGL=0.61 KV=1.56
  [imu] reference LOST t=104.96 float=x gimbal rates o/m/i = -45/-4/-3 deg/s (limit 45) MGA=-0.5
  [rfly_replan t=114.6 big=0] gbest=455.1 | EKR=1.56 EKV=0.57 EBANK=1.21 ADEC=0.95 TLD=0.53 KDIV=0.40 KVN=0.50 IGN=1.38 TGL=0.50 KV=1.76
  [rfly_replan t=124.6 big=0] gbest=455.1 | EKR=1.56 EKV=0.57 EBANK=1.21 ADEC=0.95 TLD=0.53 KDIV=0.40 KVN=0.50 IGN=1.38 TGL=0.50 KV=1.76
  [rfly_replan t=0.0 big=1] gbest=682.2 | EKR=1.63 EKV=1.57 EBANK=1.60 ADEC=1.17 TLD=0.85 KDIV=0.40 KVN=1.06 IGN=1.38 TGL=0.21 KV=1.88
  [rfly_replan t=10.0 big=0] gbest=480.9 | EKR=1.44 EKV=1.32 EBANK=1.73 ADEC=0.93 TLD=0.65 KDIV=0.40 KVN=1.07 IGN=1.38 TGL=0.07 KV=1.91
  [rfly_replan t=14.6 big=0] gbest=48620.1 | EKR=1.23 EKV=1.17 EBANK=1.58 ADEC=0.79 TLD=0.63 KDIV=0.40 KVN=1.21 IGN=1.18 TGL=0.12 KV=1.85
  [rfly_replan t=24.6 big=0] gbest=14542.7 | EKR=1.49 EKV=1.20 EBANK=1.73 ADEC=0.89 TLD=0.68 KDIV=0.40 KVN=1.36 IGN=1.30 TGL=0.08 KV=1.87
  [rfly_replan t=31.3 big=0] gbest=6705.9 | EKR=1.76 EKV=1.08 EBANK=1.58 ADEC=0.80 TLD=0.45 KDIV=0.40 KVN=1.37 IGN=1.51 TGL=0.28 KV=1.64
  [rfly_replan t=41.3 big=0] gbest=4950.8 | EKR=1.60 EKV=1.17 EBANK=1.62 ADEC=0.53 TLD=0.25 KDIV=0.40 KVN=1.21 IGN=1.74 TGL=0.18 KV=1.90
  [rfly_replan t=51.3 big=0] gbest=1428.6 | EKR=1.31 EKV=1.37 EBANK=1.78 ADEC=0.68 TLD=0.25 KDIV=0.57 KVN=1.09 IGN=2.02 TGL=0.00 KV=1.78
  [rfly_replan t=61.3 big=0] gbest=1428.6 | EKR=1.31 EKV=1.37 EBANK=1.78 ADEC=0.68 TLD=0.25 KDIV=0.57 KVN=1.09 IGN=2.02 TGL=0.00 KV=1.78
  [rfly_replan t=71.3 big=0] gbest=1354.3 | EKR=1.17 EKV=1.38 EBANK=1.85 ADEC=0.68 TLD=0.25 KDIV=0.58 KVN=1.06 IGN=2.17 TGL=0.00 KV=1.76
  [rfly_replan t=81.3 big=0] gbest=813.2 | EKR=1.11 EKV=1.19 EBANK=1.86 ADEC=0.89 TLD=0.25 KDIV=0.59 KVN=1.03 IGN=2.72 TGL=0.07 KV=1.78
  [rfly_replan t=91.3 big=0] gbest=552.8 | EKR=1.24 EKV=1.00 EBANK=1.95 ADEC=0.80 TLD=0.32 KDIV=0.50 KVN=0.95 IGN=2.87 TGL=0.20 KV=1.95
  [rfly_replan t=101.4 big=0] gbest=552.8 | EKR=1.24 EKV=1.00 EBANK=1.95 ADEC=0.80 TLD=0.32 KDIV=0.50 KVN=0.95 IGN=2.87 TGL=0.20 KV=1.95
  [rfly_replan t=111.4 big=0] gbest=550.0 | EKR=1.24 EKV=1.00 EBANK=1.95 ADEC=0.80 TLD=0.32 KDIV=0.50 KVN=0.95 IGN=2.87 TGL=0.20 KV=1.95
  [rfly_replan t=121.4 big=0] gbest=552.8 | EKR=1.24 EKV=1.00 EBANK=1.95 ADEC=0.80 TLD=0.32 KDIV=0.50 KVN=0.95 IGN=2.87 TGL=0.20 KV=1.95
  [imu] reference LOST t=122.02 float=x gimbal rates o/m/i = -45/-7/-7 deg/s (limit 45) MGA=-7.7
  [rfly_replan t=131.4 big=0] gbest=501.9 | EKR=1.09 EKV=1.07 EBANK=1.89 ADEC=0.47 TLD=0.31 KDIV=0.43 KVN=0.96 IGN=2.87 TGL=0.30 KV=1.59
  [rfly_replan t=0.0 big=1] gbest=534.8 | EKR=2.10 EKV=1.64 EBANK=1.49 ADEC=0.41 TLD=0.25 KDIV=0.54 KVN=0.82 IGN=1.51 TGL=0.00 KV=1.16
  [rfly_replan t=9.2 big=0] gbest=12431.0 | EKR=2.07 EKV=1.98 EBANK=1.29 ADEC=0.42 TLD=0.41 KDIV=0.40 KVN=1.02 IGN=1.81 TGL=0.00 KV=1.24
  [rfly_replan t=19.2 big=0] gbest=8095.3 | EKR=1.95 EKV=1.94 EBANK=1.26 ADEC=0.40 TLD=0.53 KDIV=0.40 KVN=1.15 IGN=2.12 TGL=0.00 KV=1.41
  [rfly_replan t=29.3 big=0] gbest=1793.4 | EKR=2.15 EKV=2.15 EBANK=1.21 ADEC=0.41 TLD=0.62 KDIV=0.41 KVN=1.18 IGN=2.05 TGL=0.14 KV=1.43
  [rfly_replan t=33.8 big=0] gbest=1422.3 | EKR=2.24 EKV=2.23 EBANK=1.22 ADEC=0.40 TLD=0.27 KDIV=0.40 KVN=1.37 IGN=1.98 TGL=0.23 KV=1.40
  [rfly_replan t=43.8 big=0] gbest=705.3 | EKR=2.23 EKV=2.25 EBANK=1.49 ADEC=0.48 TLD=0.25 KDIV=0.40 KVN=1.36 IGN=2.07 TGL=0.06 KV=1.44
  [rfly_replan t=53.8 big=0] gbest=705.3 | EKR=2.23 EKV=2.25 EBANK=1.49 ADEC=0.48 TLD=0.25 KDIV=0.40 KVN=1.36 IGN=2.07 TGL=0.06 KV=1.44
  [rfly_replan t=63.8 big=0] gbest=701.0 | EKR=2.18 EKV=2.28 EBANK=1.48 ADEC=0.48 TLD=0.25 KDIV=0.40 KVN=1.24 IGN=2.13 TGL=0.00 KV=1.18
  [rfly_replan t=73.8 big=0] gbest=518.6 | EKR=2.45 EKV=2.43 EBANK=1.46 ADEC=0.50 TLD=0.34 KDIV=0.40 KVN=1.33 IGN=2.08 TGL=0.00 KV=1.03
  [rfly_replan t=83.9 big=0] gbest=518.6 | EKR=2.45 EKV=2.43 EBANK=1.46 ADEC=0.50 TLD=0.34 KDIV=0.40 KVN=1.33 IGN=2.08 TGL=0.00 KV=1.03
  [rfly_replan t=93.9 big=0] gbest=503.9 | EKR=2.48 EKV=2.45 EBANK=1.47 ADEC=0.53 TLD=0.25 KDIV=0.40 KVN=1.33 IGN=2.06 TGL=0.05 KV=1.09
  [rfly_replan t=103.9 big=0] gbest=498.3 | EKR=2.41 EKV=2.60 EBANK=1.41 ADEC=0.52 TLD=0.26 KDIV=0.40 KVN=1.40 IGN=2.29 TGL=0.05 KV=0.92
  [imu] reference LOST t=106.29 float=x gimbal rates o/m/i = -45/-4/-2 deg/s (limit 45) MGA=-6.1
  [rfly_replan t=113.9 big=0] gbest=325.8 | EKR=2.41 EKV=2.45 EBANK=1.36 ADEC=0.53 TLD=0.48 KDIV=0.41 KVN=1.52 IGN=1.98 TGL=0.00 KV=0.89
  [rfly_replan t=123.9 big=0] gbest=325.8 | EKR=2.41 EKV=2.45 EBANK=1.36 ADEC=0.53 TLD=0.48 KDIV=0.41 KVN=1.52 IGN=1.98 TGL=0.00 KV=0.89
  [rfly_replan t=0.0 big=1] gbest=337.4 | EKR=1.85 EKV=1.66 EBANK=1.48 ADEC=1.72 TLD=1.06 KDIV=0.59 KVN=0.77 IGN=2.27 TGL=0.25 KV=1.45
  [rfly_replan t=10.0 big=0] gbest=337.4 | EKR=1.85 EKV=1.66 EBANK=1.48 ADEC=1.72 TLD=1.06 KDIV=0.59 KVN=0.77 IGN=2.27 TGL=0.25 KV=1.45
  [rfly_replan t=17.9 big=0] gbest=5556.4 | EKR=2.35 EKV=1.44 EBANK=1.54 ADEC=1.68 TLD=1.27 KDIV=0.43 KVN=0.56 IGN=1.88 TGL=0.22 KV=1.26
  [rfly_replan t=27.9 big=0] gbest=5556.4 | EKR=2.35 EKV=1.44 EBANK=1.54 ADEC=1.68 TLD=1.27 KDIV=0.43 KVN=0.56 IGN=1.88 TGL=0.22 KV=1.26
  [rfly_replan t=29.5 big=0] gbest=5392.4 | EKR=2.20 EKV=1.33 EBANK=1.59 ADEC=1.71 TLD=1.14 KDIV=0.42 KVN=0.50 IGN=1.94 TGL=0.07 KV=1.26
  [rfly_replan t=39.5 big=0] gbest=1430.5 | EKR=2.31 EKV=0.96 EBANK=1.25 ADEC=1.74 TLD=1.15 KDIV=0.45 KVN=0.52 IGN=1.86 TGL=0.00 KV=1.28
  [rfly_replan t=49.5 big=0] gbest=1430.5 | EKR=2.31 EKV=0.96 EBANK=1.25 ADEC=1.74 TLD=1.15 KDIV=0.45 KVN=0.52 IGN=1.86 TGL=0.00 KV=1.28
  [rfly_replan t=59.5 big=0] gbest=1430.5 | EKR=2.31 EKV=0.96 EBANK=1.25 ADEC=1.74 TLD=1.15 KDIV=0.45 KVN=0.52 IGN=1.86 TGL=0.00 KV=1.28
  [rfly_replan t=69.6 big=0] gbest=1430.5 | EKR=2.31 EKV=0.96 EBANK=1.25 ADEC=1.74 TLD=1.15 KDIV=0.45 KVN=0.52 IGN=1.86 TGL=0.00 KV=1.28
  [rfly_replan t=79.6 big=0] gbest=1430.5 | EKR=2.31 EKV=0.96 EBANK=1.25 ADEC=1.74 TLD=1.15 KDIV=0.45 KVN=0.52 IGN=1.86 TGL=0.00 KV=1.28
  [rfly_replan t=89.6 big=0] gbest=1430.5 | EKR=2.31 EKV=0.96 EBANK=1.25 ADEC=1.74 TLD=1.15 KDIV=0.45 KVN=0.52 IGN=1.86 TGL=0.00 KV=1.28
  [rfly_replan t=99.6 big=0] gbest=1222.5 | EKR=2.32 EKV=0.91 EBANK=1.27 ADEC=1.81 TLD=1.13 KDIV=0.46 KVN=0.50 IGN=1.87 TGL=0.04 KV=1.24
  [rfly_replan t=109.6 big=0] gbest=1099.6 | EKR=2.28 EKV=0.58 EBANK=1.31 ADEC=1.91 TLD=1.04 KDIV=0.60 KVN=0.50 IGN=1.59 TGL=0.07 KV=1.54
  [rfly_replan t=119.7 big=0] gbest=1069.3 | EKR=2.44 EKV=1.06 EBANK=1.45 ADEC=1.81 TLD=0.87 KDIV=0.85 KVN=0.61 IGN=1.94 TGL=0.47 KV=1.31
  [rfly_replan t=129.7 big=0] gbest=1069.3 | EKR=2.44 EKV=1.06 EBANK=1.45 ADEC=1.81 TLD=0.87 KDIV=0.85 KVN=0.61 IGN=1.94 TGL=0.47 KV=1.31
  [rfly_replan t=0.0 big=1] gbest=479.6 | EKR=1.57 EKV=1.75 EBANK=1.04 ADEC=0.54 TLD=0.45 KDIV=0.55 KVN=1.10 IGN=1.27 TGL=0.13 KV=0.54
  [rfly_replan t=10.0 big=0] gbest=479.6 | EKR=1.57 EKV=1.75 EBANK=1.04 ADEC=0.54 TLD=0.45 KDIV=0.55 KVN=1.10 IGN=1.27 TGL=0.13 KV=0.54
  [rfly_replan t=12.5 big=0] gbest=1635.4 | EKR=1.78 EKV=1.76 EBANK=1.02 ADEC=0.40 TLD=0.27 KDIV=0.61 KVN=1.01 IGN=1.62 TGL=0.06 KV=0.68
  [rfly_replan t=22.6 big=0] gbest=1576.2 | EKR=1.82 EKV=1.51 EBANK=0.98 ADEC=0.41 TLD=0.25 KDIV=0.46 KVN=0.99 IGN=1.34 TGL=0.09 KV=0.81
  [rfly_replan t=32.3 big=0] gbest=1058.5 | EKR=1.90 EKV=1.34 EBANK=0.68 ADEC=0.40 TLD=0.26 KDIV=0.51 KVN=0.56 IGN=0.86 TGL=0.00 KV=0.82
  [rfly_replan t=42.3 big=0] gbest=1058.5 | EKR=1.90 EKV=1.34 EBANK=0.68 ADEC=0.40 TLD=0.26 KDIV=0.51 KVN=0.56 IGN=0.86 TGL=0.00 KV=0.82
  [rfly_replan t=52.3 big=0] gbest=1003.5 | EKR=1.86 EKV=1.35 EBANK=0.70 ADEC=0.42 TLD=0.36 KDIV=0.55 KVN=0.63 IGN=0.84 TGL=0.00 KV=0.88
  [rfly_replan t=62.3 big=0] gbest=1003.5 | EKR=1.86 EKV=1.35 EBANK=0.70 ADEC=0.42 TLD=0.36 KDIV=0.55 KVN=0.63 IGN=0.84 TGL=0.00 KV=0.88
  [rfly_replan t=72.3 big=0] gbest=1003.5 | EKR=1.86 EKV=1.35 EBANK=0.70 ADEC=0.42 TLD=0.36 KDIV=0.55 KVN=0.63 IGN=0.84 TGL=0.00 KV=0.88
  [rfly_replan t=82.3 big=0] gbest=595.6 | EKR=2.05 EKV=1.56 EBANK=1.08 ADEC=0.52 TLD=0.25 KDIV=0.40 KVN=0.50 IGN=0.70 TGL=0.00 KV=1.02
  [rfly_replan t=92.3 big=0] gbest=595.6 | EKR=2.05 EKV=1.56 EBANK=1.08 ADEC=0.52 TLD=0.25 KDIV=0.40 KVN=0.50 IGN=0.70 TGL=0.00 KV=1.02
  [rfly_replan t=102.4 big=0] gbest=594.7 | EKR=2.52 EKV=1.50 EBANK=1.30 ADEC=0.50 TLD=0.30 KDIV=0.40 KVN=0.51 IGN=0.81 TGL=0.08 KV=1.00
  [rfly_replan t=112.4 big=0] gbest=584.7 | EKR=2.26 EKV=1.69 EBANK=1.43 ADEC=0.41 TLD=0.25 KDIV=0.40 KVN=0.50 IGN=0.63 TGL=0.00 KV=1.15
  [rfly_replan t=122.4 big=0] gbest=584.7 | EKR=2.26 EKV=1.69 EBANK=1.43 ADEC=0.41 TLD=0.25 KDIV=0.40 KVN=0.50 IGN=0.63 TGL=0.00 KV=1.15
  [rfly_replan t=0.0 big=1] gbest=388.5 | EKR=1.17 EKV=0.84 EBANK=1.52 ADEC=0.71 TLD=0.28 KDIV=1.01 KVN=1.16 IGN=1.36 TGL=0.34 KV=1.01
  [rfly_replan t=7.2 big=0] gbest=7055.8 | EKR=0.84 EKV=1.06 EBANK=1.66 ADEC=0.59 TLD=0.39 KDIV=0.99 KVN=1.21 IGN=1.17 TGL=0.51 KV=0.80
  [rfly_replan t=17.2 big=0] gbest=5251.8 | EKR=0.79 EKV=1.01 EBANK=1.67 ADEC=0.76 TLD=0.40 KDIV=1.00 KVN=1.17 IGN=1.21 TGL=0.58 KV=0.74
  [rfly_replan t=27.2 big=0] gbest=5251.8 | EKR=0.79 EKV=1.01 EBANK=1.67 ADEC=0.76 TLD=0.40 KDIV=1.00 KVN=1.17 IGN=1.21 TGL=0.58 KV=0.74
  [rfly_replan t=32.9 big=0] gbest=5251.8 | EKR=0.79 EKV=1.01 EBANK=1.67 ADEC=0.76 TLD=0.40 KDIV=1.00 KVN=1.17 IGN=1.21 TGL=0.58 KV=0.74
  [rfly_replan t=42.9 big=0] gbest=4773.9 | EKR=0.87 EKV=1.26 EBANK=1.66 ADEC=0.87 TLD=0.25 KDIV=0.90 KVN=1.18 IGN=1.39 TGL=0.73 KV=0.75
  [rfly_replan t=52.9 big=0] gbest=1238.2 | EKR=1.01 EKV=1.28 EBANK=1.90 ADEC=0.76 TLD=0.25 KDIV=0.64 KVN=1.03 IGN=1.84 TGL=0.63 KV=0.60
  [rfly_replan t=62.9 big=0] gbest=985.7 | EKR=0.94 EKV=1.66 EBANK=1.73 ADEC=0.58 TLD=0.26 KDIV=0.63 KVN=0.94 IGN=1.89 TGL=0.48 KV=0.66
  [rfly_replan t=72.9 big=0] gbest=927.5 | EKR=1.06 EKV=1.72 EBANK=2.02 ADEC=0.62 TLD=0.25 KDIV=0.63 KVN=1.02 IGN=1.86 TGL=0.66 KV=0.60
  [rfly_replan t=82.9 big=0] gbest=918.4 | EKR=0.75 EKV=1.76 EBANK=2.01 ADEC=0.65 TLD=0.25 KDIV=0.62 KVN=0.89 IGN=1.83 TGL=0.64 KV=0.50
  [rfly_replan t=92.9 big=0] gbest=864.0 | EKR=0.86 EKV=1.84 EBANK=2.01 ADEC=0.66 TLD=0.25 KDIV=0.61 KVN=0.67 IGN=2.27 TGL=0.49 KV=0.51
  [rfly_replan t=103.0 big=0] gbest=795.7 | EKR=0.83 EKV=1.93 EBANK=1.99 ADEC=0.67 TLD=0.26 KDIV=0.56 KVN=0.69 IGN=2.36 TGL=0.38 KV=0.63
  [rfly_replan t=113.0 big=0] gbest=795.7 | EKR=0.83 EKV=1.93 EBANK=1.99 ADEC=0.67 TLD=0.26 KDIV=0.56 KVN=0.69 IGN=2.36 TGL=0.38 KV=0.63
  [rfly_replan t=0.0 big=1] gbest=304.6 | EKR=1.43 EKV=1.89 EBANK=1.16 ADEC=1.62 TLD=0.77 KDIV=0.40 KVN=0.87 IGN=1.33 TGL=0.00 KV=0.78
  [rfly_replan t=10.0 big=0] gbest=304.6 | EKR=1.43 EKV=1.89 EBANK=1.16 ADEC=1.62 TLD=0.77 KDIV=0.40 KVN=0.87 IGN=1.33 TGL=0.00 KV=0.78
  [rfly_replan t=15.9 big=0] gbest=57104.8 | EKR=1.73 EKV=1.76 EBANK=0.87 ADEC=1.67 TLD=0.87 KDIV=0.41 KVN=0.73 IGN=1.78 TGL=0.02 KV=0.89
  [rfly_replan t=25.9 big=0] gbest=4631.7 | EKR=2.00 EKV=1.52 EBANK=1.08 ADEC=1.38 TLD=0.81 KDIV=0.40 KVN=0.99 IGN=2.02 TGL=0.00 KV=0.97
  [rfly_replan t=30.6 big=0] gbest=622.1 | EKR=2.20 EKV=1.56 EBANK=1.30 ADEC=1.32 TLD=1.17 KDIV=0.41 KVN=1.52 IGN=2.26 TGL=0.00 KV=1.17
  [rfly_replan t=40.6 big=0] gbest=586.3 | EKR=2.07 EKV=1.56 EBANK=1.36 ADEC=1.20 TLD=1.25 KDIV=0.40 KVN=1.73 IGN=2.56 TGL=0.09 KV=1.22
  [rfly_replan t=50.6 big=0] gbest=373.5 | EKR=2.02 EKV=1.81 EBANK=1.28 ADEC=1.18 TLD=1.38 KDIV=0.40 KVN=1.84 IGN=2.65 TGL=0.03 KV=1.32
  [rfly_replan t=60.6 big=0] gbest=373.5 | EKR=2.02 EKV=1.81 EBANK=1.28 ADEC=1.18 TLD=1.38 KDIV=0.40 KVN=1.84 IGN=2.65 TGL=0.03 KV=1.32
  [rfly_replan t=70.6 big=0] gbest=373.5 | EKR=2.02 EKV=1.81 EBANK=1.28 ADEC=1.18 TLD=1.38 KDIV=0.40 KVN=1.84 IGN=2.65 TGL=0.03 KV=1.32
  [rfly_replan t=80.6 big=0] gbest=373.5 | EKR=2.02 EKV=1.81 EBANK=1.28 ADEC=1.18 TLD=1.38 KDIV=0.40 KVN=1.84 IGN=2.65 TGL=0.03 KV=1.32
  [rfly_replan t=90.6 big=0] gbest=373.5 | EKR=2.02 EKV=1.81 EBANK=1.28 ADEC=1.18 TLD=1.38 KDIV=0.40 KVN=1.84 IGN=2.65 TGL=0.03 KV=1.32
  [rfly_replan t=100.6 big=0] gbest=373.5 | EKR=2.02 EKV=1.81 EBANK=1.28 ADEC=1.18 TLD=1.38 KDIV=0.40 KVN=1.84 IGN=2.65 TGL=0.03 KV=1.32
  [rfly_replan t=110.7 big=0] gbest=373.5 | EKR=2.02 EKV=1.81 EBANK=1.28 ADEC=1.18 TLD=1.38 KDIV=0.40 KVN=1.84 IGN=2.65 TGL=0.03 KV=1.32
  [rfly_replan t=120.7 big=0] gbest=368.4 | EKR=2.41 EKV=1.66 EBANK=1.12 ADEC=0.95 TLD=1.65 KDIV=0.41 KVN=1.87 IGN=2.16 TGL=0.01 KV=1.16
  [rfly_replan t=130.7 big=0] gbest=368.4 | EKR=2.41 EKV=1.66 EBANK=1.12 ADEC=0.95 TLD=1.65 KDIV=0.41 KVN=1.87 IGN=2.16 TGL=0.01 KV=1.16
  [rfly_replan t=0.0 big=1] gbest=526.5 | EKR=1.58 EKV=1.40 EBANK=0.89 ADEC=0.62 TLD=0.84 KDIV=1.22 KVN=0.52 IGN=0.81 TGL=0.00 KV=1.41
  [rfly_replan t=10.0 big=0] gbest=526.5 | EKR=1.58 EKV=1.40 EBANK=0.89 ADEC=0.62 TLD=0.84 KDIV=1.22 KVN=0.52 IGN=0.81 TGL=0.00 KV=1.41
  [rfly_replan t=10.5 big=0] gbest=28848.3 | EKR=1.47 EKV=1.80 EBANK=0.80 ADEC=0.41 TLD=0.81 KDIV=1.10 KVN=0.51 IGN=0.60 TGL=0.23 KV=1.24
  [rfly_replan t=20.5 big=0] gbest=1370.7 | EKR=1.61 EKV=1.63 EBANK=0.72 ADEC=0.52 TLD=0.98 KDIV=0.92 KVN=0.67 IGN=0.63 TGL=0.31 KV=1.31
  [rfly_replan t=30.5 big=0] gbest=1370.7 | EKR=1.61 EKV=1.63 EBANK=0.72 ADEC=0.52 TLD=0.98 KDIV=0.92 KVN=0.67 IGN=0.63 TGL=0.31 KV=1.31
  [rfly_replan t=31.7 big=0] gbest=1370.7 | EKR=1.61 EKV=1.63 EBANK=0.72 ADEC=0.52 TLD=0.98 KDIV=0.92 KVN=0.67 IGN=0.63 TGL=0.31 KV=1.31
  [rfly_replan t=41.7 big=0] gbest=1370.7 | EKR=1.61 EKV=1.63 EBANK=0.72 ADEC=0.52 TLD=0.98 KDIV=0.92 KVN=0.67 IGN=0.63 TGL=0.31 KV=1.31
  [rfly_replan t=51.7 big=0] gbest=1370.7 | EKR=1.61 EKV=1.63 EBANK=0.72 ADEC=0.52 TLD=0.98 KDIV=0.92 KVN=0.67 IGN=0.63 TGL=0.31 KV=1.31
  [rfly_replan t=61.7 big=0] gbest=1233.9 | EKR=1.55 EKV=1.59 EBANK=0.68 ADEC=0.53 TLD=1.00 KDIV=0.90 KVN=0.71 IGN=0.67 TGL=0.34 KV=1.30
  [rfly_replan t=71.7 big=0] gbest=1233.9 | EKR=1.55 EKV=1.59 EBANK=0.68 ADEC=0.53 TLD=1.00 KDIV=0.90 KVN=0.71 IGN=0.67 TGL=0.34 KV=1.30
  [rfly_replan t=81.7 big=0] gbest=1058.1 | EKR=1.64 EKV=1.48 EBANK=0.68 ADEC=0.59 TLD=0.81 KDIV=0.81 KVN=0.50 IGN=0.61 TGL=0.34 KV=1.35
  [rfly_replan t=91.7 big=0] gbest=1058.1 | EKR=1.64 EKV=1.48 EBANK=0.68 ADEC=0.59 TLD=0.81 KDIV=0.81 KVN=0.50 IGN=0.61 TGL=0.34 KV=1.35
  [rfly_replan t=101.8 big=0] gbest=1013.4 | EKR=1.73 EKV=1.71 EBANK=0.67 ADEC=0.64 TLD=0.75 KDIV=0.84 KVN=0.50 IGN=0.59 TGL=0.62 KV=1.31
  [rfly_replan t=111.8 big=0] gbest=1013.4 | EKR=1.73 EKV=1.71 EBANK=0.67 ADEC=0.64 TLD=0.75 KDIV=0.84 KVN=0.50 IGN=0.59 TGL=0.62 KV=1.31
  [rfly_replan t=0.0 big=1] gbest=586.9 | EKR=0.52 EKV=0.57 EBANK=1.34 ADEC=1.61 TLD=1.35 KDIV=0.40 KVN=0.65 IGN=1.31 TGL=0.42 KV=1.38
  [rfly_replan t=5.2 big=0] gbest=6686.5 | EKR=0.52 EKV=0.57 EBANK=1.34 ADEC=1.61 TLD=1.35 KDIV=0.40 KVN=0.65 IGN=1.31 TGL=0.42 KV=1.38
  [rfly_replan t=15.2 big=0] gbest=1467.6 | EKR=0.74 EKV=0.78 EBANK=1.07 ADEC=1.40 TLD=1.28 KDIV=0.40 KVN=0.53 IGN=1.63 TGL=0.00 KV=1.23
  [rfly_replan t=25.2 big=0] gbest=1467.6 | EKR=0.74 EKV=0.78 EBANK=1.07 ADEC=1.40 TLD=1.28 KDIV=0.40 KVN=0.53 IGN=1.63 TGL=0.00 KV=1.23
  [rfly_replan t=34.6 big=0] gbest=1446.6 | EKR=0.87 EKV=1.15 EBANK=0.88 ADEC=1.35 TLD=0.92 KDIV=0.56 KVN=0.56 IGN=2.10 TGL=0.14 KV=1.21
  [rfly_replan t=44.6 big=0] gbest=1121.6 | EKR=1.06 EKV=1.09 EBANK=0.83 ADEC=1.20 TLD=0.99 KDIV=0.57 KVN=0.50 IGN=2.34 TGL=0.00 KV=1.21
  [rfly_replan t=54.6 big=0] gbest=1044.0 | EKR=1.12 EKV=1.18 EBANK=1.07 ADEC=1.01 TLD=1.03 KDIV=0.60 KVN=0.60 IGN=2.28 TGL=0.00 KV=1.05
  [rfly_replan t=64.6 big=0] gbest=946.4 | EKR=1.03 EKV=1.15 EBANK=0.84 ADEC=0.83 TLD=0.86 KDIV=0.63 KVN=0.59 IGN=2.31 TGL=0.00 KV=1.08
  [rfly_replan t=74.6 big=0] gbest=946.4 | EKR=1.03 EKV=1.15 EBANK=0.84 ADEC=0.83 TLD=0.86 KDIV=0.63 KVN=0.59 IGN=2.31 TGL=0.00 KV=1.08
  [rfly_replan t=84.6 big=0] gbest=946.4 | EKR=1.03 EKV=1.15 EBANK=0.84 ADEC=0.83 TLD=0.86 KDIV=0.63 KVN=0.59 IGN=2.31 TGL=0.00 KV=1.08
  [rfly_replan t=94.6 big=0] gbest=923.6 | EKR=1.19 EKV=1.05 EBANK=1.01 ADEC=0.82 TLD=0.70 KDIV=0.80 KVN=0.66 IGN=2.74 TGL=0.03 KV=0.98
  [rfly_replan t=104.6 big=0] gbest=872.7 | EKR=1.22 EKV=0.75 EBANK=1.19 ADEC=0.83 TLD=0.41 KDIV=0.79 KVN=0.80 IGN=2.71 TGL=0.05 KV=0.97
  [rfly_replan t=114.7 big=0] gbest=831.5 | EKR=1.46 EKV=0.74 EBANK=0.90 ADEC=0.73 TLD=0.25 KDIV=0.94 KVN=0.60 IGN=2.95 TGL=0.00 KV=0.80
  [rfly_replan t=124.7 big=0] gbest=831.5 | EKR=1.46 EKV=0.74 EBANK=0.90 ADEC=0.73 TLD=0.25 KDIV=0.94 KVN=0.60 IGN=2.95 TGL=0.00 KV=0.80
