  [rfly_replan t=0.0 big=1] gbest=487.1 | EKR=1.41 EKV=1.68 EBANK=0.66 ADEC=1.31 TLD=1.52 KDIV=0.56 KVN=1.52 IGN=0.40 TGL=0.00 KV=0.82
  [rfly_replan t=10.0 big=0] gbest=398.6 | EKR=1.37 EKV=1.64 EBANK=0.67 ADEC=1.32 TLD=1.49 KDIV=0.54 KVN=1.58 IGN=0.40 TGL=0.00 KV=0.82
  [rfly_replan t=12.7 big=0] gbest=14801.8 | EKR=1.39 EKV=1.91 EBANK=0.85 ADEC=1.22 TLD=1.85 KDIV=0.40 KVN=1.66 IGN=0.40 TGL=0.00 KV=0.84
  [rfly_replan t=22.7 big=0] gbest=8430.6 | EKR=1.77 EKV=1.80 EBANK=0.87 ADEC=1.42 TLD=1.80 KDIV=0.40 KVN=1.49 IGN=0.78 TGL=0.00 KV=0.87
  [rfly_replan t=30.8 big=0] gbest=6096.5 | EKR=1.54 EKV=1.97 EBANK=1.11 ADEC=1.62 TLD=2.02 KDIV=0.51 KVN=1.73 IGN=1.11 TGL=0.00 KV=0.80
  [rfly_replan t=40.8 big=0] gbest=1253.8 | EKR=1.67 EKV=1.99 EBANK=1.06 ADEC=1.58 TLD=2.30 KDIV=0.40 KVN=1.69 IGN=1.04 TGL=0.13 KV=0.94
  [rfly_replan t=50.8 big=0] gbest=984.9 | EKR=1.39 EKV=2.12 EBANK=1.22 ADEC=1.40 TLD=2.48 KDIV=0.40 KVN=1.66 IGN=1.30 TGL=0.19 KV=1.02
  [rfly_replan t=60.8 big=0] gbest=984.9 | EKR=1.39 EKV=2.12 EBANK=1.22 ADEC=1.40 TLD=2.48 KDIV=0.40 KVN=1.66 IGN=1.30 TGL=0.19 KV=1.02
  [rfly_replan t=70.8 big=0] gbest=984.9 | EKR=1.39 EKV=2.12 EBANK=1.22 ADEC=1.40 TLD=2.48 KDIV=0.40 KVN=1.66 IGN=1.30 TGL=0.19 KV=1.02
  [rfly_replan t=80.9 big=0] gbest=907.6 | EKR=1.28 EKV=1.97 EBANK=1.10 ADEC=1.17 TLD=2.64 KDIV=0.40 KVN=1.58 IGN=1.33 TGL=0.00 KV=0.85
  [rfly_replan t=90.9 big=0] gbest=769.8 | EKR=1.32 EKV=1.99 EBANK=1.01 ADEC=1.18 TLD=2.69 KDIV=0.40 KVN=1.53 IGN=1.34 TGL=0.24 KV=0.83
  [rfly_replan t=100.9 big=0] gbest=290.8 | EKR=1.36 EKV=2.38 EBANK=0.99 ADEC=1.13 TLD=2.93 KDIV=0.40 KVN=1.39 IGN=1.40 TGL=0.03 KV=0.77
  [rfly_replan t=110.9 big=0] gbest=287.3 | EKR=1.61 EKV=2.25 EBANK=0.83 ADEC=1.16 TLD=2.90 KDIV=0.40 KVN=1.31 IGN=1.41 TGL=0.05 KV=0.75
  [rfly_replan t=120.9 big=0] gbest=287.3 | EKR=1.61 EKV=2.25 EBANK=0.83 ADEC=1.16 TLD=2.90 KDIV=0.40 KVN=1.31 IGN=1.41 TGL=0.05 KV=0.75
  [rfly_replan t=0.0 big=1] gbest=348.3 | EKR=1.19 EKV=1.14 EBANK=1.56 ADEC=0.83 TLD=0.36 KDIV=0.71 KVN=0.65 IGN=1.77 TGL=0.18 KV=1.39
  [rfly_replan t=7.3 big=0] gbest=5373.7 | EKR=0.94 EKV=0.80 EBANK=1.43 ADEC=1.08 TLD=0.35 KDIV=0.69 KVN=0.81 IGN=1.97 TGL=0.22 KV=1.08
  [rfly_replan t=17.3 big=0] gbest=1849.4 | EKR=0.85 EKV=0.80 EBANK=1.62 ADEC=1.10 TLD=0.40 KDIV=0.65 KVN=0.70 IGN=2.08 TGL=0.22 KV=1.11
  [rfly_replan t=27.3 big=0] gbest=537.1 | EKR=1.01 EKV=0.88 EBANK=1.70 ADEC=1.11 TLD=0.38 KDIV=0.53 KVN=0.71 IGN=2.19 TGL=0.10 KV=1.04
  [rfly_replan t=33.2 big=0] gbest=537.1 | EKR=1.01 EKV=0.88 EBANK=1.70 ADEC=1.11 TLD=0.38 KDIV=0.53 KVN=0.71 IGN=2.19 TGL=0.10 KV=1.04
  [rfly_replan t=43.2 big=0] gbest=537.1 | EKR=1.01 EKV=0.88 EBANK=1.70 ADEC=1.11 TLD=0.38 KDIV=0.53 KVN=0.71 IGN=2.19 TGL=0.10 KV=1.04
  [rfly_replan t=53.2 big=0] gbest=497.8 | EKR=0.97 EKV=1.47 EBANK=1.85 ADEC=1.20 TLD=0.25 KDIV=0.53 KVN=0.65 IGN=1.98 TGL=0.18 KV=1.23
  [rfly_replan t=63.2 big=0] gbest=497.8 | EKR=0.97 EKV=1.47 EBANK=1.85 ADEC=1.20 TLD=0.25 KDIV=0.53 KVN=0.65 IGN=1.98 TGL=0.18 KV=1.23
  [rfly_replan t=73.2 big=0] gbest=497.8 | EKR=0.97 EKV=1.47 EBANK=1.85 ADEC=1.20 TLD=0.25 KDIV=0.53 KVN=0.65 IGN=1.98 TGL=0.18 KV=1.23
  [rfly_replan t=83.2 big=0] gbest=497.8 | EKR=0.97 EKV=1.47 EBANK=1.85 ADEC=1.20 TLD=0.25 KDIV=0.53 KVN=0.65 IGN=1.98 TGL=0.18 KV=1.23
  [rfly_replan t=93.2 big=0] gbest=497.8 | EKR=0.97 EKV=1.47 EBANK=1.85 ADEC=1.20 TLD=0.25 KDIV=0.53 KVN=0.65 IGN=1.98 TGL=0.18 KV=1.23
  [imu] reference LOST t=99.66 float=x gimbal rates o/m/i = -45/-3/-4 deg/s (limit 45) MGA=-0.3
  [rfly_replan t=103.2 big=0] gbest=322.3 | EKR=0.98 EKV=1.47 EBANK=1.78 ADEC=1.23 TLD=0.25 KDIV=0.55 KVN=0.65 IGN=2.04 TGL=0.14 KV=1.13
  [rfly_replan t=113.3 big=0] gbest=320.2 | EKR=0.87 EKV=1.99 EBANK=1.42 ADEC=1.24 TLD=0.58 KDIV=0.43 KVN=0.50 IGN=1.96 TGL=0.01 KV=0.99
  [rfly_replan t=123.3 big=0] gbest=320.2 | EKR=0.87 EKV=1.99 EBANK=1.42 ADEC=1.24 TLD=0.58 KDIV=0.43 KVN=0.50 IGN=1.96 TGL=0.01 KV=0.99
  [rfly_replan t=0.0 big=1] gbest=503.8 | EKR=0.54 EKV=0.71 EBANK=1.45 ADEC=0.60 TLD=0.25 KDIV=0.72 KVN=1.80 IGN=0.59 TGL=0.13 KV=0.81
  [rfly_replan t=10.0 big=0] gbest=503.8 | EKR=0.54 EKV=0.71 EBANK=1.45 ADEC=0.60 TLD=0.25 KDIV=0.72 KVN=1.80 IGN=0.59 TGL=0.13 KV=0.81
  [rfly_replan t=16.0 big=0] gbest=49596.6 | EKR=0.84 EKV=0.70 EBANK=1.11 ADEC=0.43 TLD=0.28 KDIV=0.92 KVN=2.02 IGN=0.73 TGL=0.34 KV=0.93
  [rfly_replan t=26.0 big=0] gbest=48885.4 | EKR=1.12 EKV=0.90 EBANK=1.25 ADEC=0.57 TLD=0.30 KDIV=1.16 KVN=2.14 IGN=1.05 TGL=0.46 KV=1.15
  [rfly_replan t=30.0 big=0] gbest=41925.0 | EKR=1.05 EKV=0.68 EBANK=1.26 ADEC=0.62 TLD=0.25 KDIV=1.14 KVN=2.07 IGN=0.83 TGL=0.57 KV=1.15
  [rfly_replan t=40.0 big=0] gbest=33080.0 | EKR=0.77 EKV=0.57 EBANK=1.30 ADEC=0.73 TLD=0.27 KDIV=1.30 KVN=2.11 IGN=0.89 TGL=0.50 KV=1.13
  [rfly_replan t=50.0 big=0] gbest=27691.1 | EKR=0.47 EKV=0.78 EBANK=1.18 ADEC=0.88 TLD=0.45 KDIV=1.48 KVN=1.96 IGN=0.69 TGL=0.65 KV=1.22
  [rfly_replan t=60.0 big=0] gbest=26563.4 | EKR=0.53 EKV=0.76 EBANK=1.20 ADEC=0.84 TLD=0.45 KDIV=1.50 KVN=1.95 IGN=0.76 TGL=0.63 KV=1.15
  [rfly_replan t=70.0 big=0] gbest=25682.8 | EKR=0.41 EKV=0.83 EBANK=1.00 ADEC=0.87 TLD=0.42 KDIV=1.72 KVN=1.83 IGN=0.79 TGL=0.38 KV=1.09
  [rfly_replan t=80.0 big=0] gbest=17482.6 | EKR=0.30 EKV=0.65 EBANK=1.08 ADEC=0.72 TLD=0.51 KDIV=1.93 KVN=1.55 IGN=0.75 TGL=0.48 KV=1.00
  [rfly_replan t=90.1 big=0] gbest=16941.7 | EKR=0.30 EKV=0.69 EBANK=0.99 ADEC=0.75 TLD=0.62 KDIV=2.15 KVN=1.37 IGN=0.55 TGL=0.60 KV=0.81
  [rfly_replan t=100.1 big=0] gbest=12599.6 | EKR=0.32 EKV=0.59 EBANK=1.17 ADEC=0.78 TLD=0.52 KDIV=2.40 KVN=1.17 IGN=0.40 TGL=0.35 KV=0.82
  [rfly_replan t=110.1 big=0] gbest=12577.8 | EKR=0.62 EKV=0.72 EBANK=0.92 ADEC=0.76 TLD=0.36 KDIV=2.42 KVN=1.42 IGN=0.56 TGL=0.12 KV=0.79
  [imu] reference LOST t=113.34 float=x gimbal rates o/m/i = -45/8/1 deg/s (limit 45) MGA=0.3
  [rfly_replan t=120.1 big=0] gbest=12463.3 | EKR=0.57 EKV=0.96 EBANK=0.89 ADEC=0.75 TLD=0.38 KDIV=2.17 KVN=1.38 IGN=0.52 TGL=0.00 KV=0.81
  [rfly_replan t=0.0 big=1] gbest=518.9 | EKR=1.21 EKV=0.87 EBANK=1.58 ADEC=1.05 TLD=0.67 KDIV=0.40 KVN=0.81 IGN=0.97 TGL=0.46 KV=1.10
  [rfly_replan t=10.0 big=0] gbest=518.9 | EKR=1.21 EKV=0.87 EBANK=1.58 ADEC=1.05 TLD=0.67 KDIV=0.40 KVN=0.81 IGN=0.97 TGL=0.46 KV=1.10
  [rfly_replan t=10.6 big=0] gbest=60331.9 | EKR=0.78 EKV=1.13 EBANK=1.44 ADEC=0.98 TLD=1.19 KDIV=0.52 KVN=0.61 IGN=1.22 TGL=0.35 KV=1.20
  [rfly_replan t=20.6 big=0] gbest=5611.3 | EKR=0.68 EKV=1.34 EBANK=1.55 ADEC=0.68 TLD=0.95 KDIV=0.56 KVN=0.50 IGN=1.06 TGL=0.40 KV=1.28
  [rfly_replan t=30.7 big=0] gbest=1807.9 | EKR=0.41 EKV=1.39 EBANK=1.63 ADEC=0.75 TLD=0.70 KDIV=0.55 KVN=0.50 IGN=0.88 TGL=0.38 KV=1.31
  [rfly_replan t=32.2 big=0] gbest=1218.2 | EKR=0.84 EKV=1.18 EBANK=1.41 ADEC=0.95 TLD=0.42 KDIV=0.42 KVN=0.50 IGN=1.16 TGL=0.34 KV=1.45
  [rfly_replan t=42.2 big=0] gbest=1218.2 | EKR=0.84 EKV=1.18 EBANK=1.41 ADEC=0.95 TLD=0.42 KDIV=0.42 KVN=0.50 IGN=1.16 TGL=0.34 KV=1.45
  [rfly_replan t=52.2 big=0] gbest=978.8 | EKR=1.04 EKV=1.15 EBANK=1.26 ADEC=1.06 TLD=0.50 KDIV=0.40 KVN=0.50 IGN=1.18 TGL=0.46 KV=1.38
  [rfly_replan t=62.2 big=0] gbest=945.2 | EKR=1.31 EKV=1.02 EBANK=1.25 ADEC=1.11 TLD=0.25 KDIV=0.40 KVN=0.50 IGN=1.07 TGL=0.48 KV=1.23
  [rfly_replan t=72.2 big=0] gbest=855.4 | EKR=1.40 EKV=0.98 EBANK=1.07 ADEC=1.01 TLD=0.26 KDIV=0.40 KVN=0.51 IGN=1.12 TGL=0.72 KV=1.21
  [rfly_replan t=82.2 big=0] gbest=855.4 | EKR=1.40 EKV=0.98 EBANK=1.07 ADEC=1.01 TLD=0.26 KDIV=0.40 KVN=0.51 IGN=1.12 TGL=0.72 KV=1.21
  [rfly_replan t=92.2 big=0] gbest=839.7 | EKR=1.60 EKV=1.18 EBANK=0.90 ADEC=0.85 TLD=0.25 KDIV=0.53 KVN=0.50 IGN=0.97 TGL=0.88 KV=1.09
  [rfly_replan t=102.3 big=0] gbest=811.5 | EKR=1.60 EKV=1.18 EBANK=0.90 ADEC=0.85 TLD=0.25 KDIV=0.53 KVN=0.50 IGN=0.97 TGL=0.88 KV=1.09
  [rfly_replan t=112.3 big=0] gbest=716.2 | EKR=1.40 EKV=1.15 EBANK=0.96 ADEC=0.90 TLD=0.25 KDIV=0.40 KVN=0.50 IGN=1.23 TGL=0.91 KV=1.06
  [rfly_replan t=122.3 big=0] gbest=713.6 | EKR=1.03 EKV=0.36 EBANK=0.90 ADEC=0.87 TLD=0.25 KDIV=0.53 KVN=0.50 IGN=1.03 TGL=1.06 KV=0.82
  [rfly_replan t=0.0 big=1] gbest=274.0 | EKR=1.36 EKV=0.73 EBANK=1.60 ADEC=0.85 TLD=0.68 KDIV=0.74 KVN=0.93 IGN=0.49 TGL=0.01 KV=1.36
  [rfly_replan t=5.3 big=0] gbest=5542.9 | EKR=1.36 EKV=1.01 EBANK=1.46 ADEC=0.87 TLD=0.60 KDIV=0.65 KVN=0.80 IGN=0.48 TGL=0.09 KV=1.22
  [rfly_replan t=15.3 big=0] gbest=5542.9 | EKR=1.36 EKV=1.01 EBANK=1.46 ADEC=0.87 TLD=0.60 KDIV=0.65 KVN=0.80 IGN=0.48 TGL=0.09 KV=1.22
  [rfly_replan t=25.3 big=0] gbest=785.1 | EKR=1.48 EKV=0.88 EBANK=1.47 ADEC=0.91 TLD=0.54 KDIV=0.41 KVN=0.80 IGN=0.40 TGL=0.11 KV=1.11
  [rfly_replan t=33.6 big=0] gbest=712.1 | EKR=1.30 EKV=1.00 EBANK=1.38 ADEC=0.93 TLD=0.55 KDIV=0.42 KVN=0.77 IGN=0.50 TGL=0.09 KV=1.07
  [rfly_replan t=43.6 big=0] gbest=517.3 | EKR=1.62 EKV=0.89 EBANK=1.71 ADEC=1.01 TLD=0.92 KDIV=0.41 KVN=0.82 IGN=0.40 TGL=0.11 KV=1.02
  [rfly_replan t=53.6 big=0] gbest=517.3 | EKR=1.62 EKV=0.89 EBANK=1.71 ADEC=1.01 TLD=0.92 KDIV=0.41 KVN=0.82 IGN=0.40 TGL=0.11 KV=1.02
  [rfly_replan t=63.6 big=0] gbest=517.3 | EKR=1.62 EKV=0.89 EBANK=1.71 ADEC=1.01 TLD=0.92 KDIV=0.41 KVN=0.82 IGN=0.40 TGL=0.11 KV=1.02
  [rfly_replan t=73.6 big=0] gbest=495.4 | EKR=1.45 EKV=0.61 EBANK=1.85 ADEC=1.13 TLD=1.15 KDIV=0.41 KVN=0.68 IGN=0.42 TGL=0.22 KV=1.17
  [rfly_replan t=83.6 big=0] gbest=495.4 | EKR=1.45 EKV=0.61 EBANK=1.85 ADEC=1.13 TLD=1.15 KDIV=0.41 KVN=0.68 IGN=0.42 TGL=0.22 KV=1.17
  [rfly_replan t=93.6 big=0] gbest=429.8 | EKR=1.42 EKV=0.30 EBANK=2.01 ADEC=1.14 TLD=1.19 KDIV=0.40 KVN=0.57 IGN=0.45 TGL=0.18 KV=1.04
  [rfly_replan t=103.6 big=0] gbest=425.5 | EKR=1.55 EKV=0.30 EBANK=1.98 ADEC=0.98 TLD=1.21 KDIV=0.41 KVN=0.56 IGN=0.40 TGL=0.14 KV=0.91
  [rfly_replan t=113.7 big=0] gbest=425.5 | EKR=1.55 EKV=0.30 EBANK=1.98 ADEC=0.98 TLD=1.21 KDIV=0.41 KVN=0.56 IGN=0.40 TGL=0.14 KV=0.91
  [rfly_replan t=0.0 big=1] gbest=378.5 | EKR=0.63 EKV=1.21 EBANK=1.76 ADEC=0.64 TLD=0.25 KDIV=0.42 KVN=0.80 IGN=0.75 TGL=0.14 KV=1.29
  [rfly_replan t=10.0 big=0] gbest=378.5 | EKR=0.63 EKV=1.21 EBANK=1.76 ADEC=0.64 TLD=0.25 KDIV=0.42 KVN=0.80 IGN=0.75 TGL=0.14 KV=1.29
  [rfly_replan t=13.9 big=0] gbest=40266.1 | EKR=1.18 EKV=1.35 EBANK=1.40 ADEC=0.40 TLD=0.39 KDIV=0.43 KVN=0.96 IGN=0.57 TGL=0.21 KV=1.45
  [rfly_replan t=23.9 big=0] gbest=1285.3 | EKR=1.48 EKV=1.17 EBANK=1.21 ADEC=0.40 TLD=0.45 KDIV=0.40 KVN=0.88 IGN=0.41 TGL=0.40 KV=1.57
  [rfly_replan t=31.2 big=0] gbest=940.8 | EKR=1.24 EKV=0.96 EBANK=1.32 ADEC=0.41 TLD=0.25 KDIV=0.40 KVN=0.94 IGN=0.46 TGL=0.64 KV=1.47
  [rfly_replan t=41.2 big=0] gbest=911.9 | EKR=1.45 EKV=1.06 EBANK=1.31 ADEC=0.40 TLD=0.25 KDIV=0.42 KVN=0.95 IGN=0.56 TGL=0.71 KV=1.72
  [rfly_replan t=51.2 big=0] gbest=890.9 | EKR=1.41 EKV=0.87 EBANK=1.28 ADEC=0.41 TLD=0.27 KDIV=0.40 KVN=0.65 IGN=0.40 TGL=0.67 KV=1.80
  [rfly_replan t=61.2 big=0] gbest=810.9 | EKR=1.65 EKV=0.66 EBANK=1.16 ADEC=0.43 TLD=0.42 KDIV=0.40 KVN=0.50 IGN=0.40 TGL=0.65 KV=1.83
  [rfly_replan t=71.2 big=0] gbest=810.9 | EKR=1.65 EKV=0.66 EBANK=1.16 ADEC=0.43 TLD=0.42 KDIV=0.40 KVN=0.50 IGN=0.40 TGL=0.65 KV=1.83
  [rfly_replan t=81.2 big=0] gbest=713.4 | EKR=1.64 EKV=0.60 EBANK=1.14 ADEC=0.45 TLD=0.37 KDIV=0.40 KVN=0.50 IGN=0.41 TGL=0.36 KV=1.79
  [rfly_replan t=91.2 big=0] gbest=625.0 | EKR=1.65 EKV=0.30 EBANK=1.16 ADEC=0.47 TLD=0.36 KDIV=0.40 KVN=0.50 IGN=0.41 TGL=0.38 KV=1.78
  [rfly_replan t=101.3 big=0] gbest=625.0 | EKR=1.65 EKV=0.30 EBANK=1.16 ADEC=0.47 TLD=0.36 KDIV=0.40 KVN=0.50 IGN=0.41 TGL=0.38 KV=1.78
  [rfly_replan t=111.3 big=0] gbest=537.5 | EKR=1.38 EKV=0.30 EBANK=1.15 ADEC=0.49 TLD=0.25 KDIV=0.40 KVN=0.50 IGN=0.57 TGL=0.28 KV=1.69
  [imu] reference LOST t=112.98 float=x gimbal rates o/m/i = -45/-1/-5 deg/s (limit 45) MGA=3.3
  [rfly_replan t=121.3 big=0] gbest=534.9 | EKR=0.76 EKV=0.34 EBANK=1.15 ADEC=0.77 TLD=0.26 KDIV=0.41 KVN=0.51 IGN=0.40 TGL=0.28 KV=1.69
  [rfly_replan t=0.0 big=1] gbest=685.9 | EKR=1.41 EKV=1.68 EBANK=0.66 ADEC=1.31 TLD=1.52 KDIV=0.56 KVN=1.52 IGN=0.40 TGL=0.00 KV=0.82
  [rfly_replan t=8.6 big=0] gbest=1462.3 | EKR=1.16 EKV=2.02 EBANK=0.85 ADEC=1.31 TLD=1.70 KDIV=0.40 KVN=1.46 IGN=0.53 TGL=0.00 KV=0.68
  [rfly_replan t=18.6 big=0] gbest=1343.7 | EKR=1.16 EKV=2.03 EBANK=1.27 ADEC=1.35 TLD=1.67 KDIV=0.40 KVN=1.43 IGN=0.56 TGL=0.00 KV=0.81
  [rfly_replan t=28.6 big=0] gbest=1141.2 | EKR=1.00 EKV=1.83 EBANK=1.30 ADEC=1.38 TLD=1.68 KDIV=0.40 KVN=1.38 IGN=0.56 TGL=0.00 KV=0.63
  [rfly_replan t=32.4 big=0] gbest=1141.2 | EKR=1.00 EKV=1.83 EBANK=1.30 ADEC=1.38 TLD=1.68 KDIV=0.40 KVN=1.38 IGN=0.56 TGL=0.00 KV=0.63
  [rfly_replan t=42.4 big=0] gbest=910.6 | EKR=1.02 EKV=1.68 EBANK=1.41 ADEC=1.45 TLD=1.62 KDIV=0.40 KVN=1.43 IGN=0.60 TGL=0.00 KV=0.64
  [rfly_replan t=52.4 big=0] gbest=910.6 | EKR=1.02 EKV=1.68 EBANK=1.41 ADEC=1.45 TLD=1.62 KDIV=0.40 KVN=1.43 IGN=0.60 TGL=0.00 KV=0.64
  [rfly_replan t=62.4 big=0] gbest=910.6 | EKR=1.02 EKV=1.68 EBANK=1.41 ADEC=1.45 TLD=1.62 KDIV=0.40 KVN=1.43 IGN=0.60 TGL=0.00 KV=0.64
  [rfly_replan t=72.4 big=0] gbest=757.3 | EKR=0.86 EKV=1.67 EBANK=1.30 ADEC=1.43 TLD=1.59 KDIV=0.40 KVN=1.42 IGN=0.54 TGL=0.01 KV=0.61
  [rfly_replan t=82.4 big=0] gbest=757.3 | EKR=0.86 EKV=1.67 EBANK=1.30 ADEC=1.43 TLD=1.59 KDIV=0.40 KVN=1.42 IGN=0.54 TGL=0.01 KV=0.61
  [rfly_replan t=92.4 big=0] gbest=757.3 | EKR=0.86 EKV=1.67 EBANK=1.30 ADEC=1.43 TLD=1.59 KDIV=0.40 KVN=1.42 IGN=0.54 TGL=0.01 KV=0.61
  [rfly_replan t=102.5 big=0] gbest=663.9 | EKR=1.19 EKV=1.68 EBANK=1.26 ADEC=1.31 TLD=1.70 KDIV=0.46 KVN=1.51 IGN=0.86 TGL=0.08 KV=0.51
  [imu] reference LOST t=102.95 float=x gimbal rates o/m/i = -45/-5/-1 deg/s (limit 45) MGA=3.1
  [rfly_replan t=112.5 big=0] gbest=663.9 | EKR=1.19 EKV=1.68 EBANK=1.26 ADEC=1.31 TLD=1.70 KDIV=0.46 KVN=1.51 IGN=0.86 TGL=0.08 KV=0.51
  [rfly_replan t=0.0 big=1] gbest=749.2 | EKR=1.19 EKV=1.14 EBANK=1.56 ADEC=0.83 TLD=0.36 KDIV=0.71 KVN=0.65 IGN=1.77 TGL=0.18 KV=1.39
  [rfly_replan t=10.0 big=0] gbest=460.6 | EKR=1.36 EKV=0.93 EBANK=1.45 ADEC=0.89 TLD=0.52 KDIV=0.60 KVN=0.78 IGN=2.17 TGL=0.40 KV=1.56
  [rfly_replan t=17.2 big=0] gbest=5995.5 | EKR=1.44 EKV=0.77 EBANK=1.25 ADEC=0.82 TLD=0.81 KDIV=1.02 KVN=0.88 IGN=2.44 TGL=0.32 KV=1.55
  [rfly_replan t=27.2 big=0] gbest=5995.5 | EKR=1.44 EKV=0.77 EBANK=1.25 ADEC=0.82 TLD=0.81 KDIV=1.02 KVN=0.88 IGN=2.44 TGL=0.32 KV=1.55
  [rfly_replan t=32.4 big=0] gbest=1747.4 | EKR=1.44 EKV=0.48 EBANK=1.17 ADEC=0.77 TLD=0.51 KDIV=1.18 KVN=0.84 IGN=2.56 TGL=0.17 KV=1.54
  [rfly_replan t=42.4 big=0] gbest=1747.4 | EKR=1.44 EKV=0.48 EBANK=1.17 ADEC=0.77 TLD=0.51 KDIV=1.18 KVN=0.84 IGN=2.56 TGL=0.17 KV=1.54
  [rfly_replan t=52.4 big=0] gbest=1747.4 | EKR=1.44 EKV=0.48 EBANK=1.17 ADEC=0.77 TLD=0.51 KDIV=1.18 KVN=0.84 IGN=2.56 TGL=0.17 KV=1.54
  [rfly_replan t=62.4 big=0] gbest=1737.3 | EKR=1.47 EKV=0.46 EBANK=0.96 ADEC=0.92 TLD=0.54 KDIV=1.06 KVN=0.81 IGN=2.58 TGL=0.00 KV=1.56
  [rfly_replan t=72.5 big=0] gbest=1737.3 | EKR=1.47 EKV=0.46 EBANK=0.96 ADEC=0.92 TLD=0.54 KDIV=1.06 KVN=0.81 IGN=2.58 TGL=0.00 KV=1.56
  [rfly_replan t=82.5 big=0] gbest=1737.3 | EKR=1.47 EKV=0.46 EBANK=0.96 ADEC=0.92 TLD=0.54 KDIV=1.06 KVN=0.81 IGN=2.58 TGL=0.00 KV=1.56
  [rfly_replan t=92.5 big=0] gbest=1737.3 | EKR=1.47 EKV=0.46 EBANK=0.96 ADEC=0.92 TLD=0.54 KDIV=1.06 KVN=0.81 IGN=2.58 TGL=0.00 KV=1.56
  [rfly_replan t=102.5 big=0] gbest=1737.3 | EKR=1.47 EKV=0.46 EBANK=0.96 ADEC=0.92 TLD=0.54 KDIV=1.06 KVN=0.81 IGN=2.58 TGL=0.00 KV=1.56
  [rfly_replan t=112.5 big=0] gbest=1737.3 | EKR=1.47 EKV=0.46 EBANK=0.96 ADEC=0.92 TLD=0.54 KDIV=1.06 KVN=0.81 IGN=2.58 TGL=0.00 KV=1.56
  [rfly_replan t=122.6 big=0] gbest=1589.8 | EKR=1.23 EKV=0.84 EBANK=0.83 ADEC=0.91 TLD=0.79 KDIV=1.05 KVN=0.71 IGN=2.53 TGL=0.00 KV=1.57
  [rfly_replan t=132.6 big=0] gbest=1483.0 | EKR=0.91 EKV=0.75 EBANK=0.81 ADEC=0.90 TLD=0.75 KDIV=1.03 KVN=0.50 IGN=2.37 TGL=0.09 KV=1.62
  [rfly_replan t=142.6 big=0] gbest=1483.0 | EKR=0.91 EKV=0.75 EBANK=0.81 ADEC=0.90 TLD=0.75 KDIV=1.03 KVN=0.50 IGN=2.37 TGL=0.09 KV=1.62
  [rfly_replan t=0.0 big=1] gbest=388.0 | EKR=1.00 EKV=1.00 EBANK=1.00 ADEC=1.00 TLD=1.00 KDIV=1.00 KVN=1.00 IGN=1.00 TGL=0.00 KV=1.00
  [rfly_replan t=10.0 big=0] gbest=388.0 | EKR=1.00 EKV=1.00 EBANK=1.00 ADEC=1.00 TLD=1.00 KDIV=1.00 KVN=1.00 IGN=1.00 TGL=0.00 KV=1.00
  [rfly_replan t=11.9 big=0] gbest=12828.7 | EKR=1.04 EKV=0.65 EBANK=1.02 ADEC=1.12 TLD=1.10 KDIV=1.06 KVN=1.10 IGN=1.59 TGL=0.16 KV=1.25
  [rfly_replan t=21.9 big=0] gbest=11969.8 | EKR=0.91 EKV=0.76 EBANK=0.90 ADEC=1.32 TLD=1.00 KDIV=1.02 KVN=1.16 IGN=1.55 TGL=0.11 KV=1.09
  [rfly_replan t=31.9 big=0] gbest=11969.8 | EKR=0.91 EKV=0.76 EBANK=0.90 ADEC=1.32 TLD=1.00 KDIV=1.02 KVN=1.16 IGN=1.55 TGL=0.11 KV=1.09
  [rfly_replan t=32.5 big=0] gbest=9273.7 | EKR=0.95 EKV=0.79 EBANK=0.73 ADEC=1.40 TLD=0.84 KDIV=1.29 KVN=1.17 IGN=1.89 TGL=0.00 KV=1.11
  [rfly_replan t=42.5 big=0] gbest=5578.0 | EKR=1.23 EKV=0.83 EBANK=1.04 ADEC=1.24 TLD=0.66 KDIV=1.28 KVN=1.15 IGN=1.76 TGL=0.12 KV=0.83
  [rfly_replan t=52.5 big=0] gbest=5512.4 | EKR=1.25 EKV=0.62 EBANK=1.20 ADEC=1.40 TLD=0.43 KDIV=1.26 KVN=1.17 IGN=1.85 TGL=0.19 KV=0.72
  [rfly_replan t=62.5 big=0] gbest=1491.1 | EKR=1.15 EKV=0.71 EBANK=1.08 ADEC=1.43 TLD=0.25 KDIV=1.34 KVN=1.29 IGN=2.08 TGL=0.26 KV=0.81
  [rfly_replan t=72.5 big=0] gbest=1491.1 | EKR=1.15 EKV=0.71 EBANK=1.08 ADEC=1.43 TLD=0.25 KDIV=1.34 KVN=1.29 IGN=2.08 TGL=0.26 KV=0.81
  [rfly_replan t=82.5 big=0] gbest=1491.1 | EKR=1.15 EKV=0.71 EBANK=1.08 ADEC=1.43 TLD=0.25 KDIV=1.34 KVN=1.29 IGN=2.08 TGL=0.26 KV=0.81
  [rfly_replan t=92.5 big=0] gbest=1310.0 | EKR=1.15 EKV=0.62 EBANK=0.94 ADEC=1.51 TLD=0.25 KDIV=1.29 KVN=1.41 IGN=2.21 TGL=0.34 KV=0.89
  [rfly_replan t=102.5 big=0] gbest=1254.0 | EKR=1.28 EKV=0.87 EBANK=0.98 ADEC=1.41 TLD=0.25 KDIV=1.24 KVN=1.24 IGN=2.31 TGL=0.23 KV=0.77
  [rfly_replan t=112.6 big=0] gbest=1119.1 | EKR=0.95 EKV=0.68 EBANK=1.25 ADEC=1.27 TLD=0.25 KDIV=1.07 KVN=1.18 IGN=1.99 TGL=0.04 KV=0.88
  [rfly_replan t=122.6 big=0] gbest=1117.0 | EKR=1.45 EKV=0.88 EBANK=1.33 ADEC=1.32 TLD=0.26 KDIV=1.04 KVN=1.19 IGN=2.22 TGL=0.00 KV=0.66
  [rfly_replan t=0.0 big=1] gbest=518.1 | EKR=1.05 EKV=0.76 EBANK=1.33 ADEC=0.95 TLD=1.44 KDIV=0.92 KVN=1.34 IGN=0.40 TGL=0.38 KV=1.31
  [rfly_replan t=6.5 big=0] gbest=1615.8 | EKR=0.88 EKV=0.94 EBANK=1.55 ADEC=0.96 TLD=1.44 KDIV=1.24 KVN=1.45 IGN=0.50 TGL=0.40 KV=1.21
  [rfly_replan t=16.5 big=0] gbest=1615.8 | EKR=0.88 EKV=0.94 EBANK=1.55 ADEC=0.96 TLD=1.44 KDIV=1.24 KVN=1.45 IGN=0.50 TGL=0.40 KV=1.21
  [rfly_replan t=26.6 big=0] gbest=1615.8 | EKR=0.88 EKV=0.94 EBANK=1.55 ADEC=0.96 TLD=1.44 KDIV=1.24 KVN=1.45 IGN=0.50 TGL=0.40 KV=1.21
  [rfly_replan t=32.3 big=0] gbest=488.8 | EKR=1.05 EKV=1.02 EBANK=1.69 ADEC=0.95 TLD=1.30 KDIV=1.05 KVN=1.30 IGN=0.72 TGL=0.27 KV=1.34
  [rfly_replan t=42.3 big=0] gbest=488.8 | EKR=1.05 EKV=1.02 EBANK=1.69 ADEC=0.95 TLD=1.30 KDIV=1.05 KVN=1.30 IGN=0.72 TGL=0.27 KV=1.34
  [rfly_replan t=52.3 big=0] gbest=488.8 | EKR=1.05 EKV=1.02 EBANK=1.69 ADEC=0.95 TLD=1.30 KDIV=1.05 KVN=1.30 IGN=0.72 TGL=0.27 KV=1.34
  [rfly_replan t=62.3 big=0] gbest=488.8 | EKR=1.05 EKV=1.02 EBANK=1.69 ADEC=0.95 TLD=1.30 KDIV=1.05 KVN=1.30 IGN=0.72 TGL=0.27 KV=1.34
  [rfly_replan t=72.4 big=0] gbest=488.8 | EKR=1.05 EKV=1.02 EBANK=1.69 ADEC=0.95 TLD=1.30 KDIV=1.05 KVN=1.30 IGN=0.72 TGL=0.27 KV=1.34
  [rfly_replan t=82.4 big=0] gbest=488.8 | EKR=1.05 EKV=1.02 EBANK=1.69 ADEC=0.95 TLD=1.30 KDIV=1.05 KVN=1.30 IGN=0.72 TGL=0.27 KV=1.34
  [rfly_replan t=92.4 big=0] gbest=488.8 | EKR=1.05 EKV=1.02 EBANK=1.69 ADEC=0.95 TLD=1.30 KDIV=1.05 KVN=1.30 IGN=0.72 TGL=0.27 KV=1.34
  [rfly_replan t=102.4 big=0] gbest=401.8 | EKR=1.16 EKV=1.08 EBANK=1.71 ADEC=0.96 TLD=1.54 KDIV=1.01 KVN=1.29 IGN=0.61 TGL=0.27 KV=1.36
  [imu] reference LOST t=104.25 float=x gimbal rates o/m/i = -45/-2/-10 deg/s (limit 45) MGA=14.2
  [rfly_replan t=112.4 big=0] gbest=401.8 | EKR=1.16 EKV=1.08 EBANK=1.71 ADEC=0.96 TLD=1.54 KDIV=1.01 KVN=1.29 IGN=0.61 TGL=0.27 KV=1.36
  [rfly_replan t=0.0 big=1] gbest=499.1 | EKR=1.20 EKV=0.73 EBANK=0.60 ADEC=0.54 TLD=0.52 KDIV=1.26 KVN=1.07 IGN=0.91 TGL=0.00 KV=1.34
  [rfly_replan t=10.0 big=0] gbest=499.1 | EKR=1.20 EKV=0.73 EBANK=0.60 ADEC=0.54 TLD=0.52 KDIV=1.26 KVN=1.07 IGN=0.91 TGL=0.00 KV=1.34
  [rfly_replan t=15.2 big=0] gbest=11632.8 | EKR=1.20 EKV=0.73 EBANK=0.60 ADEC=0.54 TLD=0.52 KDIV=1.26 KVN=1.07 IGN=0.91 TGL=0.00 KV=1.34
  [rfly_replan t=25.2 big=0] gbest=614.8 | EKR=0.90 EKV=0.57 EBANK=0.91 ADEC=0.58 TLD=0.81 KDIV=1.14 KVN=0.95 IGN=1.16 TGL=0.00 KV=1.38
  [rfly_replan t=29.9 big=0] gbest=614.8 | EKR=0.90 EKV=0.57 EBANK=0.91 ADEC=0.58 TLD=0.81 KDIV=1.14 KVN=0.95 IGN=1.16 TGL=0.00 KV=1.38
  [rfly_replan t=39.9 big=0] gbest=614.8 | EKR=0.90 EKV=0.57 EBANK=0.91 ADEC=0.58 TLD=0.81 KDIV=1.14 KVN=0.95 IGN=1.16 TGL=0.00 KV=1.38
  [rfly_replan t=49.9 big=0] gbest=614.8 | EKR=0.90 EKV=0.57 EBANK=0.91 ADEC=0.58 TLD=0.81 KDIV=1.14 KVN=0.95 IGN=1.16 TGL=0.00 KV=1.38
  [rfly_replan t=59.9 big=0] gbest=614.8 | EKR=0.90 EKV=0.57 EBANK=0.91 ADEC=0.58 TLD=0.81 KDIV=1.14 KVN=0.95 IGN=1.16 TGL=0.00 KV=1.38
  [rfly_replan t=69.9 big=0] gbest=614.8 | EKR=0.90 EKV=0.57 EBANK=0.91 ADEC=0.58 TLD=0.81 KDIV=1.14 KVN=0.95 IGN=1.16 TGL=0.00 KV=1.38
  [rfly_replan t=79.9 big=0] gbest=614.8 | EKR=0.90 EKV=0.57 EBANK=0.91 ADEC=0.58 TLD=0.81 KDIV=1.14 KVN=0.95 IGN=1.16 TGL=0.00 KV=1.38
  [rfly_replan t=89.9 big=0] gbest=614.8 | EKR=0.90 EKV=0.57 EBANK=0.91 ADEC=0.58 TLD=0.81 KDIV=1.14 KVN=0.95 IGN=1.16 TGL=0.00 KV=1.38
  [rfly_replan t=100.0 big=0] gbest=614.8 | EKR=0.90 EKV=0.57 EBANK=0.91 ADEC=0.58 TLD=0.81 KDIV=1.14 KVN=0.95 IGN=1.16 TGL=0.00 KV=1.38
  [imu] reference LOST t=106.34 float=x gimbal rates o/m/i = -45/8/2 deg/s (limit 45) MGA=-0.3
  [rfly_replan t=110.0 big=0] gbest=585.7 | EKR=1.15 EKV=0.32 EBANK=0.80 ADEC=0.63 TLD=0.92 KDIV=1.01 KVN=0.91 IGN=1.30 TGL=0.00 KV=1.38
  [rfly_replan t=120.0 big=0] gbest=579.3 | EKR=1.14 EKV=0.30 EBANK=0.61 ADEC=0.76 TLD=1.08 KDIV=1.00 KVN=0.73 IGN=0.95 TGL=0.17 KV=1.26
  [rfly_replan t=0.0 big=1] gbest=503.9 | EKR=1.53 EKV=1.35 EBANK=1.58 ADEC=1.25 TLD=1.43 KDIV=0.40 KVN=1.64 IGN=0.40 TGL=0.25 KV=0.92
  [rfly_replan t=9.8 big=0] gbest=906.3 | EKR=1.39 EKV=1.57 EBANK=1.45 ADEC=1.48 TLD=1.44 KDIV=0.54 KVN=1.78 IGN=0.40 TGL=0.00 KV=1.10
  [rfly_replan t=19.9 big=0] gbest=906.3 | EKR=1.39 EKV=1.57 EBANK=1.45 ADEC=1.48 TLD=1.44 KDIV=0.54 KVN=1.78 IGN=0.40 TGL=0.00 KV=1.10
  [rfly_replan t=29.9 big=0] gbest=906.3 | EKR=1.39 EKV=1.57 EBANK=1.45 ADEC=1.48 TLD=1.44 KDIV=0.54 KVN=1.78 IGN=0.40 TGL=0.00 KV=1.10
  [rfly_replan t=33.2 big=0] gbest=610.6 | EKR=1.10 EKV=1.54 EBANK=1.25 ADEC=1.29 TLD=1.13 KDIV=0.58 KVN=1.70 IGN=0.48 TGL=0.00 KV=0.94
  [rfly_replan t=43.2 big=0] gbest=610.6 | EKR=1.10 EKV=1.54 EBANK=1.25 ADEC=1.29 TLD=1.13 KDIV=0.58 KVN=1.70 IGN=0.48 TGL=0.00 KV=0.94
  [rfly_replan t=53.2 big=0] gbest=610.6 | EKR=1.10 EKV=1.54 EBANK=1.25 ADEC=1.29 TLD=1.13 KDIV=0.58 KVN=1.70 IGN=0.48 TGL=0.00 KV=0.94
  [rfly_replan t=63.2 big=0] gbest=557.8 | EKR=1.17 EKV=1.66 EBANK=1.30 ADEC=1.28 TLD=1.19 KDIV=0.58 KVN=1.55 IGN=0.40 TGL=0.06 KV=0.90
  [rfly_replan t=73.3 big=0] gbest=515.4 | EKR=1.56 EKV=1.65 EBANK=1.24 ADEC=1.35 TLD=1.37 KDIV=0.61 KVN=1.47 IGN=0.40 TGL=0.07 KV=0.93
  [rfly_replan t=83.3 big=0] gbest=515.4 | EKR=1.56 EKV=1.65 EBANK=1.24 ADEC=1.35 TLD=1.37 KDIV=0.61 KVN=1.47 IGN=0.40 TGL=0.07 KV=0.93
  [rfly_replan t=93.3 big=0] gbest=466.8 | EKR=1.66 EKV=1.42 EBANK=1.09 ADEC=1.20 TLD=1.30 KDIV=0.50 KVN=1.56 IGN=0.61 TGL=0.17 KV=1.06
  [rfly_replan t=103.3 big=0] gbest=413.6 | EKR=1.68 EKV=1.46 EBANK=1.14 ADEC=1.21 TLD=1.01 KDIV=0.62 KVN=1.58 IGN=0.59 TGL=0.07 KV=1.21
  [rfly_replan t=113.3 big=0] gbest=329.5 | EKR=1.34 EKV=1.66 EBANK=1.11 ADEC=1.01 TLD=1.12 KDIV=0.68 KVN=1.49 IGN=0.69 TGL=0.16 KV=1.16
  [imu] reference LOST t=116.74 float=x gimbal rates o/m/i = -45/-8/-2 deg/s (limit 45) MGA=6.8
  [rfly_replan t=123.4 big=0] gbest=329.5 | EKR=1.34 EKV=1.66 EBANK=1.11 ADEC=1.01 TLD=1.12 KDIV=0.68 KVN=1.49 IGN=0.69 TGL=0.16 KV=1.16
  [rfly_replan t=0.0 big=1] gbest=780.9 | EKR=0.81 EKV=0.40 EBANK=0.60 ADEC=0.95 TLD=1.36 KDIV=0.84 KVN=0.59 IGN=0.40 TGL=0.30 KV=0.63
  [rfly_replan t=4.5 big=0] gbest=6354.9 | EKR=0.42 EKV=0.64 EBANK=0.77 ADEC=0.90 TLD=1.58 KDIV=0.76 KVN=0.60 IGN=0.40 TGL=0.35 KV=0.50
  [rfly_replan t=14.5 big=0] gbest=6284.7 | EKR=0.50 EKV=0.62 EBANK=0.67 ADEC=0.94 TLD=1.58 KDIV=0.76 KVN=0.53 IGN=0.42 TGL=0.53 KV=0.50
  [rfly_replan t=24.5 big=0] gbest=1894.6 | EKR=0.51 EKV=0.72 EBANK=0.67 ADEC=0.92 TLD=1.49 KDIV=0.61 KVN=0.67 IGN=0.40 TGL=0.63 KV=0.54
  [rfly_replan t=32.6 big=0] gbest=741.8 | EKR=0.99 EKV=0.47 EBANK=0.69 ADEC=0.81 TLD=1.58 KDIV=0.52 KVN=0.50 IGN=0.40 TGL=0.32 KV=0.72
  [rfly_replan t=42.6 big=0] gbest=706.4 | EKR=1.17 EKV=0.72 EBANK=0.70 ADEC=0.96 TLD=1.63 KDIV=0.45 KVN=0.58 IGN=0.40 TGL=0.32 KV=0.60
  [rfly_replan t=52.6 big=0] gbest=706.4 | EKR=1.17 EKV=0.72 EBANK=0.70 ADEC=0.96 TLD=1.63 KDIV=0.45 KVN=0.58 IGN=0.40 TGL=0.32 KV=0.60
  [rfly_replan t=62.6 big=0] gbest=706.4 | EKR=1.17 EKV=0.72 EBANK=0.70 ADEC=0.96 TLD=1.63 KDIV=0.45 KVN=0.58 IGN=0.40 TGL=0.32 KV=0.60
  [rfly_replan t=72.6 big=0] gbest=706.4 | EKR=1.17 EKV=0.72 EBANK=0.70 ADEC=0.96 TLD=1.63 KDIV=0.45 KVN=0.58 IGN=0.40 TGL=0.32 KV=0.60
  [rfly_replan t=82.7 big=0] gbest=535.3 | EKR=0.82 EKV=0.62 EBANK=0.78 ADEC=0.77 TLD=1.27 KDIV=0.79 KVN=0.70 IGN=0.62 TGL=0.15 KV=0.82
  [rfly_replan t=92.7 big=0] gbest=535.3 | EKR=0.82 EKV=0.62 EBANK=0.78 ADEC=0.77 TLD=1.27 KDIV=0.79 KVN=0.70 IGN=0.62 TGL=0.15 KV=0.82
  [rfly_replan t=0.0 big=1] gbest=470.2 | EKR=1.09 EKV=2.05 EBANK=0.70 ADEC=1.33 TLD=0.76 KDIV=1.36 KVN=0.64 IGN=0.55 TGL=0.00 KV=0.58
  [rfly_replan t=10.0 big=0] gbest=470.2 | EKR=1.09 EKV=2.05 EBANK=0.70 ADEC=1.33 TLD=0.76 KDIV=1.36 KVN=0.64 IGN=0.55 TGL=0.00 KV=0.58
  [rfly_replan t=13.1 big=0] gbest=30302.4 | EKR=0.91 EKV=1.68 EBANK=0.92 ADEC=1.24 TLD=0.93 KDIV=1.21 KVN=0.79 IGN=0.40 TGL=0.00 KV=0.76
  [rfly_replan t=23.2 big=0] gbest=30302.4 | EKR=0.91 EKV=1.68 EBANK=0.92 ADEC=1.24 TLD=0.93 KDIV=1.21 KVN=0.79 IGN=0.40 TGL=0.00 KV=0.76
  [rfly_replan t=29.9 big=0] gbest=29831.3 | EKR=0.74 EKV=1.65 EBANK=1.10 ADEC=1.39 TLD=1.09 KDIV=1.32 KVN=0.56 IGN=0.40 TGL=0.19 KV=0.81
  [rfly_replan t=39.9 big=0] gbest=21319.4 | EKR=0.64 EKV=1.52 EBANK=1.21 ADEC=1.48 TLD=1.60 KDIV=1.77 KVN=0.76 IGN=0.43 TGL=0.18 KV=0.67
  [rfly_replan t=49.9 big=0] gbest=21319.4 | EKR=0.64 EKV=1.52 EBANK=1.21 ADEC=1.48 TLD=1.60 KDIV=1.77 KVN=0.76 IGN=0.43 TGL=0.18 KV=0.67
  [rfly_replan t=59.9 big=0] gbest=18710.8 | EKR=0.62 EKV=1.49 EBANK=1.21 ADEC=1.47 TLD=1.47 KDIV=1.81 KVN=0.74 IGN=0.44 TGL=0.20 KV=0.65
  [rfly_replan t=69.9 big=0] gbest=14384.0 | EKR=0.62 EKV=1.42 EBANK=1.37 ADEC=1.68 TLD=1.55 KDIV=1.83 KVN=0.77 IGN=0.48 TGL=0.35 KV=0.56
  [rfly_replan t=79.9 big=0] gbest=13297.7 | EKR=0.66 EKV=1.38 EBANK=1.41 ADEC=1.63 TLD=1.40 KDIV=1.85 KVN=0.60 IGN=0.45 TGL=0.44 KV=0.59
  [rfly_replan t=90.0 big=0] gbest=13297.7 | EKR=0.66 EKV=1.38 EBANK=1.41 ADEC=1.63 TLD=1.40 KDIV=1.85 KVN=0.60 IGN=0.45 TGL=0.44 KV=0.59
  [imu] reference LOST t=97.28 float=x gimbal rates o/m/i = -45/8/3 deg/s (limit 45) MGA=-1.8
  [rfly_replan t=100.0 big=0] gbest=13269.8 | EKR=1.55 EKV=1.40 EBANK=1.23 ADEC=1.75 TLD=1.66 KDIV=1.88 KVN=0.59 IGN=0.40 TGL=0.40 KV=0.68
  [rfly_replan t=110.0 big=0] gbest=13249.9 | EKR=1.71 EKV=1.34 EBANK=1.10 ADEC=1.64 TLD=1.48 KDIV=2.04 KVN=0.50 IGN=0.63 TGL=0.38 KV=0.88
  [rfly_replan t=0.0 big=1] gbest=370.2 | EKR=1.09 EKV=2.05 EBANK=0.70 ADEC=1.33 TLD=0.76 KDIV=1.36 KVN=0.64 IGN=0.55 TGL=0.00 KV=0.58
  [rfly_replan t=7.8 big=0] gbest=1183.1 | EKR=0.47 EKV=1.77 EBANK=0.87 ADEC=1.32 TLD=0.97 KDIV=1.31 KVN=0.62 IGN=0.58 TGL=0.05 KV=0.75
  [rfly_replan t=17.8 big=0] gbest=684.3 | EKR=0.30 EKV=1.90 EBANK=0.66 ADEC=1.49 TLD=1.01 KDIV=1.20 KVN=0.50 IGN=0.40 TGL=0.00 KV=0.78
  [rfly_replan t=27.8 big=0] gbest=684.3 | EKR=0.30 EKV=1.90 EBANK=0.66 ADEC=1.49 TLD=1.01 KDIV=1.20 KVN=0.50 IGN=0.40 TGL=0.00 KV=0.78
  [rfly_replan t=35.2 big=0] gbest=684.3 | EKR=0.30 EKV=1.90 EBANK=0.66 ADEC=1.49 TLD=1.01 KDIV=1.20 KVN=0.50 IGN=0.40 TGL=0.00 KV=0.78
  [rfly_replan t=45.2 big=0] gbest=684.3 | EKR=0.30 EKV=1.90 EBANK=0.66 ADEC=1.49 TLD=1.01 KDIV=1.20 KVN=0.50 IGN=0.40 TGL=0.00 KV=0.78
  [rfly_replan t=55.2 big=0] gbest=597.1 | EKR=0.30 EKV=2.19 EBANK=0.67 ADEC=1.55 TLD=1.03 KDIV=1.20 KVN=0.50 IGN=0.40 TGL=0.03 KV=0.80
  [rfly_replan t=65.2 big=0] gbest=597.1 | EKR=0.30 EKV=2.19 EBANK=0.67 ADEC=1.55 TLD=1.03 KDIV=1.20 KVN=0.50 IGN=0.40 TGL=0.03 KV=0.80
  [rfly_replan t=75.2 big=0] gbest=597.1 | EKR=0.30 EKV=2.19 EBANK=0.67 ADEC=1.55 TLD=1.03 KDIV=1.20 KVN=0.50 IGN=0.40 TGL=0.03 KV=0.80
  [rfly_replan t=85.3 big=0] gbest=597.1 | EKR=0.30 EKV=2.19 EBANK=0.67 ADEC=1.55 TLD=1.03 KDIV=1.20 KVN=0.50 IGN=0.40 TGL=0.03 KV=0.80
  [rfly_replan t=95.3 big=0] gbest=582.1 | EKR=0.33 EKV=2.38 EBANK=0.64 ADEC=1.73 TLD=0.93 KDIV=1.27 KVN=0.50 IGN=0.41 TGL=0.04 KV=0.86
  [rfly_replan t=105.3 big=0] gbest=581.8 | EKR=0.34 EKV=2.78 EBANK=0.92 ADEC=1.74 TLD=0.95 KDIV=1.39 KVN=0.50 IGN=0.42 TGL=0.08 KV=0.87
  [rfly_replan t=115.3 big=0] gbest=540.9 | EKR=0.64 EKV=2.64 EBANK=0.98 ADEC=1.76 TLD=0.88 KDIV=1.40 KVN=0.50 IGN=0.43 TGL=0.09 KV=1.01
  [rfly_replan t=125.3 big=0] gbest=540.9 | EKR=0.64 EKV=2.64 EBANK=0.98 ADEC=1.76 TLD=0.88 KDIV=1.40 KVN=0.50 IGN=0.43 TGL=0.09 KV=1.01
  [rfly_replan t=0.0 big=1] gbest=464.9 | EKR=1.31 EKV=0.71 EBANK=1.42 ADEC=0.85 TLD=0.43 KDIV=0.60 KVN=0.66 IGN=0.40 TGL=0.00 KV=1.42
  [rfly_replan t=10.0 big=0] gbest=464.9 | EKR=1.31 EKV=0.71 EBANK=1.42 ADEC=0.85 TLD=0.43 KDIV=0.60 KVN=0.66 IGN=0.40 TGL=0.00 KV=1.42
  [rfly_replan t=16.4 big=0] gbest=1727.2 | EKR=1.74 EKV=0.62 EBANK=1.41 ADEC=0.94 TLD=0.39 KDIV=0.57 KVN=0.66 IGN=0.40 TGL=0.01 KV=1.38
  [rfly_replan t=26.5 big=0] gbest=1362.2 | EKR=1.83 EKV=0.30 EBANK=1.28 ADEC=0.95 TLD=0.25 KDIV=0.68 KVN=0.79 IGN=0.40 TGL=0.00 KV=1.49
  [rfly_replan t=29.2 big=0] gbest=1276.3 | EKR=2.02 EKV=0.50 EBANK=1.37 ADEC=0.87 TLD=0.25 KDIV=0.56 KVN=0.61 IGN=0.64 TGL=0.00 KV=1.57
  [rfly_replan t=39.2 big=0] gbest=1276.3 | EKR=2.02 EKV=0.50 EBANK=1.37 ADEC=0.87 TLD=0.25 KDIV=0.56 KVN=0.61 IGN=0.64 TGL=0.00 KV=1.57
  [rfly_replan t=49.2 big=0] gbest=1231.7 | EKR=1.79 EKV=0.49 EBANK=1.46 ADEC=0.73 TLD=0.30 KDIV=0.40 KVN=0.55 IGN=0.40 TGL=0.12 KV=1.82
  [rfly_replan t=59.2 big=0] gbest=1231.7 | EKR=1.79 EKV=0.49 EBANK=1.46 ADEC=0.73 TLD=0.30 KDIV=0.40 KVN=0.55 IGN=0.40 TGL=0.12 KV=1.82
  [rfly_replan t=69.2 big=0] gbest=1201.3 | EKR=1.95 EKV=0.73 EBANK=1.61 ADEC=0.83 TLD=0.33 KDIV=0.41 KVN=0.54 IGN=0.42 TGL=0.15 KV=1.83
  [rfly_replan t=79.2 big=0] gbest=1201.3 | EKR=1.95 EKV=0.73 EBANK=1.61 ADEC=0.83 TLD=0.33 KDIV=0.41 KVN=0.54 IGN=0.42 TGL=0.15 KV=1.83
  [rfly_replan t=89.2 big=0] gbest=869.0 | EKR=1.95 EKV=0.98 EBANK=1.59 ADEC=0.85 TLD=0.54 KDIV=0.41 KVN=0.52 IGN=0.41 TGL=0.08 KV=1.95
  [rfly_replan t=99.3 big=0] gbest=869.0 | EKR=1.95 EKV=0.98 EBANK=1.59 ADEC=0.85 TLD=0.54 KDIV=0.41 KVN=0.52 IGN=0.41 TGL=0.08 KV=1.95
  [rfly_replan t=109.3 big=0] gbest=792.3 | EKR=1.73 EKV=0.74 EBANK=1.52 ADEC=0.80 TLD=0.34 KDIV=0.40 KVN=0.59 IGN=0.40 TGL=0.06 KV=1.80
  [rfly_replan t=119.3 big=0] gbest=629.6 | EKR=1.91 EKV=0.50 EBANK=1.61 ADEC=0.97 TLD=0.26 KDIV=0.51 KVN=0.65 IGN=0.40 TGL=0.13 KV=1.73
  [imu] reference LOST t=120.20 float=x gimbal rates o/m/i = -45/-3/4 deg/s (limit 45) MGA=-13.0
  [rfly_replan t=129.3 big=0] gbest=629.6 | EKR=1.91 EKV=0.50 EBANK=1.61 ADEC=0.97 TLD=0.26 KDIV=0.51 KVN=0.65 IGN=0.40 TGL=0.13 KV=1.73
  [rfly_replan t=0.0 big=1] gbest=251.2 | EKR=1.35 EKV=0.86 EBANK=1.63 ADEC=0.83 TLD=0.47 KDIV=0.44 KVN=0.75 IGN=0.46 TGL=0.00 KV=1.57
  [rfly_replan t=10.0 big=0] gbest=251.2 | EKR=1.35 EKV=0.86 EBANK=1.63 ADEC=0.83 TLD=0.47 KDIV=0.44 KVN=0.75 IGN=0.46 TGL=0.00 KV=1.57
  [rfly_replan t=11.1 big=0] gbest=1043.7 | EKR=1.26 EKV=1.61 EBANK=1.95 ADEC=0.77 TLD=0.25 KDIV=0.61 KVN=0.57 IGN=0.57 TGL=0.00 KV=1.66
  [rfly_replan t=21.1 big=0] gbest=802.3 | EKR=1.13 EKV=1.75 EBANK=1.84 ADEC=0.78 TLD=0.27 KDIV=0.40 KVN=0.54 IGN=0.85 TGL=0.02 KV=1.81
  [rfly_replan t=31.1 big=0] gbest=693.2 | EKR=0.96 EKV=2.25 EBANK=1.87 ADEC=0.69 TLD=0.25 KDIV=0.40 KVN=0.60 IGN=1.04 TGL=0.00 KV=1.80
  [rfly_replan t=31.6 big=0] gbest=676.8 | EKR=1.00 EKV=2.05 EBANK=1.92 ADEC=0.69 TLD=0.25 KDIV=0.40 KVN=0.70 IGN=0.92 TGL=0.00 KV=1.94
  [rfly_replan t=41.6 big=0] gbest=676.8 | EKR=1.00 EKV=2.05 EBANK=1.92 ADEC=0.69 TLD=0.25 KDIV=0.40 KVN=0.70 IGN=0.92 TGL=0.00 KV=1.94
  [rfly_replan t=51.6 big=0] gbest=676.8 | EKR=1.00 EKV=2.05 EBANK=1.92 ADEC=0.69 TLD=0.25 KDIV=0.40 KVN=0.70 IGN=0.92 TGL=0.00 KV=1.94
  [rfly_replan t=61.6 big=0] gbest=676.8 | EKR=1.00 EKV=2.05 EBANK=1.92 ADEC=0.69 TLD=0.25 KDIV=0.40 KVN=0.70 IGN=0.92 TGL=0.00 KV=1.94
  [rfly_replan t=71.6 big=0] gbest=676.8 | EKR=1.00 EKV=2.05 EBANK=1.92 ADEC=0.69 TLD=0.25 KDIV=0.40 KVN=0.70 IGN=0.92 TGL=0.00 KV=1.94
  [rfly_replan t=81.6 big=0] gbest=676.8 | EKR=1.00 EKV=2.05 EBANK=1.92 ADEC=0.69 TLD=0.25 KDIV=0.40 KVN=0.70 IGN=0.92 TGL=0.00 KV=1.94
  [rfly_replan t=91.7 big=0] gbest=676.8 | EKR=1.00 EKV=2.05 EBANK=1.92 ADEC=0.69 TLD=0.25 KDIV=0.40 KVN=0.70 IGN=0.92 TGL=0.00 KV=1.94
  [rfly_replan t=101.7 big=0] gbest=640.6 | EKR=0.87 EKV=2.08 EBANK=1.77 ADEC=0.70 TLD=0.49 KDIV=0.40 KVN=0.69 IGN=0.57 TGL=0.00 KV=1.98
  [rfly_replan t=111.7 big=0] gbest=637.9 | EKR=1.06 EKV=1.76 EBANK=1.89 ADEC=0.89 TLD=0.76 KDIV=0.41 KVN=1.01 IGN=0.56 TGL=0.01 KV=1.80
  [rfly_replan t=121.7 big=0] gbest=637.9 | EKR=1.06 EKV=1.76 EBANK=1.89 ADEC=0.89 TLD=0.76 KDIV=0.41 KVN=1.01 IGN=0.56 TGL=0.01 KV=1.80
  [rfly_replan t=0.0 big=1] gbest=906.0 | EKR=1.29 EKV=0.94 EBANK=0.63 ADEC=0.92 TLD=0.48 KDIV=1.05 KVN=1.50 IGN=0.80 TGL=0.17 KV=1.25
  [rfly_replan t=5.8 big=0] gbest=8317.8 | EKR=0.96 EKV=1.15 EBANK=0.86 ADEC=0.69 TLD=0.62 KDIV=0.86 KVN=1.69 IGN=0.85 TGL=0.32 KV=1.22
  [rfly_replan t=15.8 big=0] gbest=8317.8 | EKR=0.96 EKV=1.15 EBANK=0.86 ADEC=0.69 TLD=0.62 KDIV=0.86 KVN=1.69 IGN=0.85 TGL=0.32 KV=1.22
  [rfly_replan t=25.8 big=0] gbest=8317.8 | EKR=0.96 EKV=1.15 EBANK=0.86 ADEC=0.69 TLD=0.62 KDIV=0.86 KVN=1.69 IGN=0.85 TGL=0.32 KV=1.22
  [rfly_replan t=35.7 big=0] gbest=8317.8 | EKR=0.96 EKV=1.15 EBANK=0.86 ADEC=0.69 TLD=0.62 KDIV=0.86 KVN=1.69 IGN=0.85 TGL=0.32 KV=1.22
  [rfly_replan t=45.7 big=0] gbest=5950.3 | EKR=0.90 EKV=1.14 EBANK=0.83 ADEC=0.74 TLD=0.28 KDIV=0.95 KVN=1.57 IGN=1.10 TGL=0.45 KV=1.24
  [rfly_replan t=55.7 big=0] gbest=5950.3 | EKR=0.90 EKV=1.14 EBANK=0.83 ADEC=0.74 TLD=0.28 KDIV=0.95 KVN=1.57 IGN=1.10 TGL=0.45 KV=1.24
  [rfly_replan t=65.7 big=0] gbest=5950.3 | EKR=0.90 EKV=1.14 EBANK=0.83 ADEC=0.74 TLD=0.28 KDIV=0.95 KVN=1.57 IGN=1.10 TGL=0.45 KV=1.24
  [rfly_replan t=75.7 big=0] gbest=1426.9 | EKR=1.09 EKV=0.96 EBANK=0.81 ADEC=0.76 TLD=0.30 KDIV=1.09 KVN=1.78 IGN=0.66 TGL=0.47 KV=1.27
  [rfly_replan t=85.7 big=0] gbest=1426.9 | EKR=1.09 EKV=0.96 EBANK=0.81 ADEC=0.76 TLD=0.30 KDIV=1.09 KVN=1.78 IGN=0.66 TGL=0.47 KV=1.27
  [rfly_replan t=95.7 big=0] gbest=1426.9 | EKR=1.09 EKV=0.96 EBANK=0.81 ADEC=0.76 TLD=0.30 KDIV=1.09 KVN=1.78 IGN=0.66 TGL=0.47 KV=1.27
  [rfly_replan t=105.7 big=0] gbest=1348.7 | EKR=1.14 EKV=0.79 EBANK=0.94 ADEC=0.80 TLD=0.32 KDIV=1.03 KVN=1.66 IGN=0.40 TGL=0.06 KV=1.29
  [rfly_replan t=115.8 big=0] gbest=1193.6 | EKR=1.17 EKV=0.98 EBANK=1.01 ADEC=0.94 TLD=0.36 KDIV=0.83 KVN=1.63 IGN=0.41 TGL=0.10 KV=1.15
  [rfly_replan t=125.8 big=0] gbest=1099.7 | EKR=1.50 EKV=0.79 EBANK=0.92 ADEC=1.08 TLD=0.25 KDIV=0.96 KVN=1.49 IGN=0.40 TGL=0.00 KV=1.04
  [rfly_replan t=0.0 big=1] gbest=442.8 | EKR=1.19 EKV=1.14 EBANK=1.56 ADEC=0.83 TLD=0.36 KDIV=0.71 KVN=0.65 IGN=1.77 TGL=0.18 KV=1.39
  [rfly_replan t=10.0 big=0] gbest=442.8 | EKR=1.19 EKV=1.14 EBANK=1.56 ADEC=0.83 TLD=0.36 KDIV=0.71 KVN=0.65 IGN=1.77 TGL=0.18 KV=1.39
  [rfly_replan t=14.4 big=0] gbest=5019.0 | EKR=1.51 EKV=1.19 EBANK=1.64 ADEC=0.74 TLD=0.40 KDIV=0.59 KVN=0.54 IGN=2.19 TGL=0.13 KV=1.38
  [rfly_replan t=24.4 big=0] gbest=1429.9 | EKR=1.74 EKV=1.14 EBANK=1.69 ADEC=0.60 TLD=0.25 KDIV=0.43 KVN=0.50 IGN=1.88 TGL=0.28 KV=1.48
  [rfly_replan t=29.6 big=0] gbest=1047.7 | EKR=1.57 EKV=1.33 EBANK=1.98 ADEC=0.40 TLD=0.25 KDIV=0.40 KVN=0.63 IGN=1.55 TGL=0.39 KV=1.62
  [rfly_replan t=39.6 big=0] gbest=712.9 | EKR=1.61 EKV=1.28 EBANK=2.17 ADEC=0.40 TLD=0.25 KDIV=0.46 KVN=0.71 IGN=1.63 TGL=0.50 KV=1.71
  [rfly_replan t=49.6 big=0] gbest=712.9 | EKR=1.61 EKV=1.28 EBANK=2.17 ADEC=0.40 TLD=0.25 KDIV=0.46 KVN=0.71 IGN=1.63 TGL=0.50 KV=1.71
  [rfly_replan t=59.6 big=0] gbest=712.9 | EKR=1.61 EKV=1.28 EBANK=2.17 ADEC=0.40 TLD=0.25 KDIV=0.46 KVN=0.71 IGN=1.63 TGL=0.50 KV=1.71
  [rfly_replan t=69.6 big=0] gbest=712.9 | EKR=1.61 EKV=1.28 EBANK=2.17 ADEC=0.40 TLD=0.25 KDIV=0.46 KVN=0.71 IGN=1.63 TGL=0.50 KV=1.71
  [rfly_replan t=79.6 big=0] gbest=695.9 | EKR=1.31 EKV=1.20 EBANK=2.28 ADEC=0.40 TLD=0.25 KDIV=0.46 KVN=0.74 IGN=1.61 TGL=0.50 KV=1.65
  [rfly_replan t=89.7 big=0] gbest=695.9 | EKR=1.31 EKV=1.20 EBANK=2.28 ADEC=0.40 TLD=0.25 KDIV=0.46 KVN=0.74 IGN=1.61 TGL=0.50 KV=1.65
  [rfly_replan t=99.7 big=0] gbest=660.4 | EKR=1.31 EKV=1.09 EBANK=2.44 ADEC=0.40 TLD=0.36 KDIV=0.47 KVN=0.82 IGN=1.40 TGL=0.42 KV=1.70
  [imu] reference LOST t=103.02 float=x gimbal rates o/m/i = -45/2/2 deg/s (limit 45) MGA=1.6
  [rfly_replan t=109.7 big=0] gbest=660.4 | EKR=1.31 EKV=1.09 EBANK=2.44 ADEC=0.40 TLD=0.36 KDIV=0.47 KVN=0.82 IGN=1.40 TGL=0.42 KV=1.70
  [rfly_replan t=119.7 big=0] gbest=660.4 | EKR=1.31 EKV=1.09 EBANK=2.44 ADEC=0.40 TLD=0.36 KDIV=0.47 KVN=0.82 IGN=1.40 TGL=0.42 KV=1.70
  [rfly_replan t=129.7 big=0] gbest=660.4 | EKR=1.31 EKV=1.09 EBANK=2.44 ADEC=0.40 TLD=0.36 KDIV=0.47 KVN=0.82 IGN=1.40 TGL=0.42 KV=1.70
  [rfly_replan t=0.0 big=1] gbest=419.7 | EKR=0.34 EKV=0.68 EBANK=1.57 ADEC=1.33 TLD=0.57 KDIV=0.40 KVN=0.76 IGN=1.09 TGL=0.40 KV=1.53
  [rfly_replan t=9.1 big=0] gbest=1436.0 | EKR=0.34 EKV=0.68 EBANK=1.57 ADEC=1.33 TLD=0.57 KDIV=0.40 KVN=0.76 IGN=1.09 TGL=0.40 KV=1.53
  [rfly_replan t=19.1 big=0] gbest=1436.0 | EKR=0.34 EKV=0.68 EBANK=1.57 ADEC=1.33 TLD=0.57 KDIV=0.40 KVN=0.76 IGN=1.09 TGL=0.40 KV=1.53
  [rfly_replan t=29.1 big=0] gbest=1436.0 | EKR=0.34 EKV=0.68 EBANK=1.57 ADEC=1.33 TLD=0.57 KDIV=0.40 KVN=0.76 IGN=1.09 TGL=0.40 KV=1.53
  [rfly_replan t=30.7 big=0] gbest=1436.0 | EKR=0.34 EKV=0.68 EBANK=1.57 ADEC=1.33 TLD=0.57 KDIV=0.40 KVN=0.76 IGN=1.09 TGL=0.40 KV=1.53
  [rfly_replan t=40.7 big=0] gbest=987.3 | EKR=0.36 EKV=0.60 EBANK=1.22 ADEC=1.28 TLD=0.53 KDIV=0.40 KVN=0.50 IGN=1.47 TGL=0.31 KV=1.70
  [rfly_replan t=50.7 big=0] gbest=949.1 | EKR=0.50 EKV=0.50 EBANK=1.24 ADEC=1.26 TLD=0.51 KDIV=0.41 KVN=0.50 IGN=1.46 TGL=0.33 KV=1.72
  [rfly_replan t=60.7 big=0] gbest=933.5 | EKR=0.56 EKV=0.37 EBANK=1.40 ADEC=1.39 TLD=0.32 KDIV=0.45 KVN=0.69 IGN=2.03 TGL=0.22 KV=1.81
  [rfly_replan t=70.7 big=0] gbest=933.5 | EKR=0.56 EKV=0.37 EBANK=1.40 ADEC=1.39 TLD=0.32 KDIV=0.45 KVN=0.69 IGN=2.03 TGL=0.22 KV=1.81
  [rfly_replan t=80.7 big=0] gbest=933.5 | EKR=0.56 EKV=0.37 EBANK=1.40 ADEC=1.39 TLD=0.32 KDIV=0.45 KVN=0.69 IGN=2.03 TGL=0.22 KV=1.81
  [rfly_replan t=90.7 big=0] gbest=906.5 | EKR=0.61 EKV=0.40 EBANK=1.13 ADEC=1.33 TLD=0.25 KDIV=0.53 KVN=0.54 IGN=2.06 TGL=0.09 KV=1.73
  [rfly_replan t=100.7 big=0] gbest=826.1 | EKR=0.63 EKV=0.30 EBANK=1.25 ADEC=1.46 TLD=0.25 KDIV=0.54 KVN=0.50 IGN=1.86 TGL=0.00 KV=1.91
  [rfly_replan t=110.8 big=0] gbest=826.1 | EKR=0.63 EKV=0.30 EBANK=1.25 ADEC=1.46 TLD=0.25 KDIV=0.54 KVN=0.50 IGN=1.86 TGL=0.00 KV=1.91
  [rfly_replan t=0.0 big=1] gbest=676.3 | EKR=1.20 EKV=0.73 EBANK=0.60 ADEC=0.54 TLD=0.52 KDIV=1.26 KVN=1.07 IGN=0.91 TGL=0.00 KV=1.34
  [rfly_replan t=10.0 big=0] gbest=634.4 | EKR=0.85 EKV=0.68 EBANK=0.61 ADEC=0.55 TLD=0.26 KDIV=1.21 KVN=1.12 IGN=0.80 TGL=0.00 KV=1.31
  [rfly_replan t=17.7 big=0] gbest=17422.8 | EKR=1.17 EKV=0.61 EBANK=0.60 ADEC=0.40 TLD=0.25 KDIV=1.37 KVN=1.15 IGN=0.40 TGL=0.00 KV=1.06
  [rfly_replan t=27.7 big=0] gbest=11941.1 | EKR=1.69 EKV=0.73 EBANK=0.60 ADEC=0.40 TLD=0.25 KDIV=1.27 KVN=1.15 IGN=0.40 TGL=0.14 KV=1.18
  [rfly_replan t=28.7 big=0] gbest=6872.0 | EKR=1.45 EKV=0.38 EBANK=0.66 ADEC=0.40 TLD=0.48 KDIV=1.11 KVN=0.94 IGN=0.59 TGL=0.26 KV=1.36
  [rfly_replan t=38.7 big=0] gbest=1354.4 | EKR=1.88 EKV=0.33 EBANK=0.60 ADEC=0.40 TLD=0.25 KDIV=1.12 KVN=0.81 IGN=0.40 TGL=0.23 KV=1.25
  [rfly_replan t=48.7 big=0] gbest=1354.4 | EKR=1.88 EKV=0.33 EBANK=0.60 ADEC=0.40 TLD=0.25 KDIV=1.12 KVN=0.81 IGN=0.40 TGL=0.23 KV=1.25
  [rfly_replan t=58.7 big=0] gbest=1354.4 | EKR=1.88 EKV=0.33 EBANK=0.60 ADEC=0.40 TLD=0.25 KDIV=1.12 KVN=0.81 IGN=0.40 TGL=0.23 KV=1.25
  [rfly_replan t=68.8 big=0] gbest=1354.4 | EKR=1.88 EKV=0.33 EBANK=0.60 ADEC=0.40 TLD=0.25 KDIV=1.12 KVN=0.81 IGN=0.40 TGL=0.23 KV=1.25
  [rfly_replan t=78.8 big=0] gbest=1140.4 | EKR=1.64 EKV=0.30 EBANK=0.60 ADEC=0.40 TLD=0.25 KDIV=1.11 KVN=0.59 IGN=0.40 TGL=0.26 KV=1.38
  [rfly_replan t=88.8 big=0] gbest=1140.4 | EKR=1.64 EKV=0.30 EBANK=0.60 ADEC=0.40 TLD=0.25 KDIV=1.11 KVN=0.59 IGN=0.40 TGL=0.26 KV=1.38
  [rfly_replan t=98.8 big=0] gbest=1140.4 | EKR=1.64 EKV=0.30 EBANK=0.60 ADEC=0.40 TLD=0.25 KDIV=1.11 KVN=0.59 IGN=0.40 TGL=0.26 KV=1.38
  [rfly_replan t=108.8 big=0] gbest=1140.2 | EKR=1.64 EKV=0.30 EBANK=0.60 ADEC=0.40 TLD=0.25 KDIV=1.11 KVN=0.59 IGN=0.40 TGL=0.26 KV=1.38
  [rfly_replan t=118.9 big=0] gbest=1110.5 | EKR=1.68 EKV=0.30 EBANK=0.62 ADEC=0.41 TLD=0.26 KDIV=1.07 KVN=0.50 IGN=0.42 TGL=0.20 KV=1.04
  [rfly_replan t=128.9 big=0] gbest=1110.5 | EKR=1.68 EKV=0.30 EBANK=0.62 ADEC=0.41 TLD=0.26 KDIV=1.07 KVN=0.50 IGN=0.42 TGL=0.20 KV=1.04
  [rfly_replan t=0.0 big=1] gbest=601.0 | EKR=1.01 EKV=1.30 EBANK=1.47 ADEC=1.14 TLD=0.52 KDIV=0.56 KVN=0.61 IGN=0.68 TGL=0.41 KV=0.66
  [rfly_replan t=10.0 big=0] gbest=458.4 | EKR=0.97 EKV=1.17 EBANK=1.47 ADEC=1.11 TLD=0.46 KDIV=0.54 KVN=0.73 IGN=0.40 TGL=0.33 KV=0.51
  [rfly_replan t=12.4 big=0] gbest=4668.0 | EKR=1.14 EKV=1.17 EBANK=1.61 ADEC=0.97 TLD=0.48 KDIV=0.40 KVN=0.77 IGN=0.40 TGL=0.33 KV=0.50
  [rfly_replan t=22.4 big=0] gbest=1293.0 | EKR=1.14 EKV=1.26 EBANK=1.61 ADEC=0.98 TLD=0.51 KDIV=0.40 KVN=0.77 IGN=0.40 TGL=0.15 KV=0.50
  [rfly_replan t=32.4 big=0] gbest=962.3 | EKR=1.04 EKV=1.47 EBANK=1.76 ADEC=0.96 TLD=0.41 KDIV=0.40 KVN=0.66 IGN=0.83 TGL=0.02 KV=0.51
  [rfly_replan t=32.8 big=0] gbest=868.3 | EKR=1.04 EKV=1.69 EBANK=1.76 ADEC=0.97 TLD=0.41 KDIV=0.40 KVN=0.87 IGN=0.79 TGL=0.02 KV=0.50
  [rfly_replan t=42.8 big=0] gbest=781.4 | EKR=1.02 EKV=1.82 EBANK=1.50 ADEC=0.96 TLD=0.38 KDIV=0.41 KVN=0.91 IGN=0.71 TGL=0.00 KV=0.51
  [rfly_replan t=52.8 big=0] gbest=781.4 | EKR=1.02 EKV=1.82 EBANK=1.50 ADEC=0.96 TLD=0.38 KDIV=0.41 KVN=0.91 IGN=0.71 TGL=0.00 KV=0.51
  [rfly_replan t=62.8 big=0] gbest=781.4 | EKR=1.02 EKV=1.82 EBANK=1.50 ADEC=0.96 TLD=0.38 KDIV=0.41 KVN=0.91 IGN=0.71 TGL=0.00 KV=0.51
  [rfly_replan t=72.8 big=0] gbest=781.4 | EKR=1.02 EKV=1.82 EBANK=1.50 ADEC=0.96 TLD=0.38 KDIV=0.41 KVN=0.91 IGN=0.71 TGL=0.00 KV=0.51
  [rfly_replan t=82.8 big=0] gbest=781.4 | EKR=1.02 EKV=1.82 EBANK=1.50 ADEC=0.96 TLD=0.38 KDIV=0.41 KVN=0.91 IGN=0.71 TGL=0.00 KV=0.51
  [rfly_replan t=92.8 big=0] gbest=781.4 | EKR=1.02 EKV=1.82 EBANK=1.50 ADEC=0.96 TLD=0.38 KDIV=0.41 KVN=0.91 IGN=0.71 TGL=0.00 KV=0.51
  [rfly_replan t=102.8 big=0] gbest=781.4 | EKR=1.02 EKV=1.82 EBANK=1.50 ADEC=0.96 TLD=0.38 KDIV=0.41 KVN=0.91 IGN=0.71 TGL=0.00 KV=0.51
  [rfly_replan t=112.9 big=0] gbest=747.8 | EKR=1.02 EKV=1.79 EBANK=1.13 ADEC=0.98 TLD=0.54 KDIV=0.40 KVN=0.70 IGN=0.40 TGL=0.00 KV=0.52
  [imu] reference LOST t=115.27 float=x gimbal rates o/m/i = -45/4/1 deg/s (limit 45) MGA=1.1
  [rfly_replan t=122.9 big=0] gbest=647.3 | EKR=0.99 EKV=1.46 EBANK=1.42 ADEC=1.20 TLD=0.77 KDIV=0.40 KVN=0.89 IGN=0.40 TGL=0.00 KV=0.59
  [rfly_replan t=132.9 big=0] gbest=647.3 | EKR=0.99 EKV=1.46 EBANK=1.42 ADEC=1.20 TLD=0.77 KDIV=0.40 KVN=0.89 IGN=0.40 TGL=0.00 KV=0.59
  [rfly_replan t=0.0 big=1] gbest=546.9 | EKR=0.99 EKV=0.78 EBANK=0.68 ADEC=0.40 TLD=0.58 KDIV=0.55 KVN=1.71 IGN=1.20 TGL=0.47 KV=1.66
  [rfly_replan t=7.0 big=0] gbest=11563.3 | EKR=1.19 EKV=1.00 EBANK=0.63 ADEC=0.59 TLD=0.68 KDIV=0.42 KVN=1.93 IGN=1.60 TGL=0.57 KV=1.57
  [rfly_replan t=17.0 big=0] gbest=1278.8 | EKR=1.22 EKV=1.19 EBANK=0.60 ADEC=0.57 TLD=0.89 KDIV=0.40 KVN=1.86 IGN=1.21 TGL=0.50 KV=1.38
  [rfly_replan t=27.0 big=0] gbest=446.4 | EKR=0.75 EKV=1.01 EBANK=0.65 ADEC=0.57 TLD=0.73 KDIV=0.41 KVN=1.82 IGN=1.12 TGL=0.36 KV=1.39
  [rfly_replan t=33.8 big=0] gbest=446.4 | EKR=0.75 EKV=1.01 EBANK=0.65 ADEC=0.57 TLD=0.73 KDIV=0.41 KVN=1.82 IGN=1.12 TGL=0.36 KV=1.39
  [rfly_replan t=43.8 big=0] gbest=446.4 | EKR=0.75 EKV=1.01 EBANK=0.65 ADEC=0.57 TLD=0.73 KDIV=0.41 KVN=1.82 IGN=1.12 TGL=0.36 KV=1.39
  [rfly_replan t=53.8 big=0] gbest=446.4 | EKR=0.75 EKV=1.01 EBANK=0.65 ADEC=0.57 TLD=0.73 KDIV=0.41 KVN=1.82 IGN=1.12 TGL=0.36 KV=1.39
  [rfly_replan t=63.8 big=0] gbest=446.4 | EKR=0.75 EKV=1.01 EBANK=0.65 ADEC=0.57 TLD=0.73 KDIV=0.41 KVN=1.82 IGN=1.12 TGL=0.36 KV=1.39
  [rfly_replan t=73.8 big=0] gbest=446.4 | EKR=0.75 EKV=1.01 EBANK=0.65 ADEC=0.57 TLD=0.73 KDIV=0.41 KVN=1.82 IGN=1.12 TGL=0.36 KV=1.39
  [rfly_replan t=83.9 big=0] gbest=446.4 | EKR=0.75 EKV=1.01 EBANK=0.65 ADEC=0.57 TLD=0.73 KDIV=0.41 KVN=1.82 IGN=1.12 TGL=0.36 KV=1.39
  [rfly_replan t=93.9 big=0] gbest=446.4 | EKR=0.75 EKV=1.01 EBANK=0.65 ADEC=0.57 TLD=0.73 KDIV=0.41 KVN=1.82 IGN=1.12 TGL=0.36 KV=1.39
  [rfly_replan t=103.9 big=0] gbest=446.4 | EKR=0.75 EKV=1.01 EBANK=0.65 ADEC=0.57 TLD=0.73 KDIV=0.41 KVN=1.82 IGN=1.12 TGL=0.36 KV=1.39
  [imu] reference LOST t=106.39 float=x gimbal rates o/m/i = -45/3/7 deg/s (limit 45) MGA=2.3
  [rfly_replan t=113.9 big=0] gbest=440.0 | EKR=0.77 EKV=0.99 EBANK=0.60 ADEC=0.68 TLD=0.71 KDIV=0.40 KVN=2.02 IGN=1.43 TGL=0.47 KV=1.48
  [rfly_replan t=0.0 big=1] gbest=835.0 | EKR=0.30 EKV=0.32 EBANK=1.42 ADEC=0.87 TLD=1.40 KDIV=1.49 KVN=0.84 IGN=0.49 TGL=0.18 KV=1.44
  [rfly_replan t=10.0 big=0] gbest=835.0 | EKR=0.30 EKV=0.32 EBANK=1.42 ADEC=0.87 TLD=1.40 KDIV=1.49 KVN=0.84 IGN=0.49 TGL=0.18 KV=1.44
  [rfly_replan t=15.7 big=0] gbest=149362.9 | EKR=0.55 EKV=0.30 EBANK=1.43 ADEC=0.92 TLD=1.62 KDIV=1.68 KVN=0.77 IGN=0.40 TGL=0.23 KV=1.40
  [rfly_replan t=25.7 big=0] gbest=64056.0 | EKR=0.88 EKV=0.43 EBANK=1.44 ADEC=0.90 TLD=1.40 KDIV=1.62 KVN=0.61 IGN=0.40 TGL=0.13 KV=1.50
  [rfly_replan t=30.6 big=0] gbest=61095.2 | EKR=0.67 EKV=0.54 EBANK=1.43 ADEC=0.88 TLD=1.45 KDIV=1.50 KVN=0.62 IGN=0.40 TGL=0.23 KV=1.37
  [rfly_replan t=40.6 big=0] gbest=61095.2 | EKR=0.67 EKV=0.54 EBANK=1.43 ADEC=0.88 TLD=1.45 KDIV=1.50 KVN=0.62 IGN=0.40 TGL=0.23 KV=1.37
  [rfly_replan t=50.6 big=0] gbest=61095.2 | EKR=0.67 EKV=0.54 EBANK=1.43 ADEC=0.88 TLD=1.45 KDIV=1.50 KVN=0.62 IGN=0.40 TGL=0.23 KV=1.37
  [rfly_replan t=60.6 big=0] gbest=60636.9 | EKR=0.88 EKV=0.58 EBANK=1.52 ADEC=0.86 TLD=1.51 KDIV=1.51 KVN=0.65 IGN=0.40 TGL=0.20 KV=1.37
  [rfly_replan t=70.6 big=0] gbest=49502.0 | EKR=1.20 EKV=0.92 EBANK=1.27 ADEC=0.61 TLD=1.35 KDIV=1.46 KVN=0.50 IGN=0.40 TGL=0.03 KV=1.53
  [rfly_replan t=80.6 big=0] gbest=49450.1 | EKR=1.24 EKV=0.85 EBANK=1.48 ADEC=0.64 TLD=1.29 KDIV=1.43 KVN=0.50 IGN=0.52 TGL=0.17 KV=1.55
  [rfly_replan t=90.6 big=0] gbest=49362.5 | EKR=1.28 EKV=0.79 EBANK=1.48 ADEC=0.68 TLD=1.31 KDIV=1.47 KVN=0.61 IGN=0.51 TGL=0.20 KV=1.57
  [rfly_replan t=100.7 big=0] gbest=49362.5 | EKR=1.28 EKV=0.79 EBANK=1.48 ADEC=0.68 TLD=1.31 KDIV=1.47 KVN=0.61 IGN=0.51 TGL=0.20 KV=1.57
  [rfly_replan t=110.7 big=0] gbest=44559.8 | EKR=1.73 EKV=0.81 EBANK=1.46 ADEC=0.58 TLD=1.32 KDIV=1.16 KVN=0.53 IGN=0.89 TGL=0.24 KV=1.68
  [imu] reference LOST t=117.03 float=x gimbal rates o/m/i = -45/6/-2 deg/s (limit 45) MGA=5.7
  [rfly_replan t=120.7 big=0] gbest=42412.0 | EKR=2.13 EKV=1.10 EBANK=1.56 ADEC=0.85 TLD=1.01 KDIV=0.97 KVN=0.72 IGN=1.20 TGL=0.05 KV=1.32
  [rfly_replan t=0.0 big=1] gbest=524.2 | EKR=0.89 EKV=1.40 EBANK=1.23 ADEC=0.80 TLD=2.29 KDIV=0.92 KVN=0.92 IGN=1.13 TGL=0.00 KV=1.33
  [rfly_replan t=10.0 big=0] gbest=513.0 | EKR=0.83 EKV=1.20 EBANK=1.34 ADEC=0.66 TLD=2.24 KDIV=0.94 KVN=0.95 IGN=0.99 TGL=0.00 KV=1.62
  [rfly_replan t=10.3 big=0] gbest=8283.1 | EKR=0.83 EKV=1.20 EBANK=1.34 ADEC=0.66 TLD=2.24 KDIV=0.94 KVN=0.95 IGN=0.99 TGL=0.00 KV=1.62
  [rfly_replan t=20.3 big=0] gbest=1665.8 | EKR=0.91 EKV=1.17 EBANK=1.34 ADEC=0.72 TLD=2.16 KDIV=1.08 KVN=0.93 IGN=0.72 TGL=0.00 KV=1.63
  [rfly_replan t=30.4 big=0] gbest=1665.8 | EKR=0.91 EKV=1.17 EBANK=1.34 ADEC=0.72 TLD=2.16 KDIV=1.08 KVN=0.93 IGN=0.72 TGL=0.00 KV=1.63
  [rfly_replan t=31.1 big=0] gbest=1665.8 | EKR=0.91 EKV=1.17 EBANK=1.34 ADEC=0.72 TLD=2.16 KDIV=1.08 KVN=0.93 IGN=0.72 TGL=0.00 KV=1.63
  [rfly_replan t=41.1 big=0] gbest=1665.8 | EKR=0.91 EKV=1.17 EBANK=1.34 ADEC=0.72 TLD=2.16 KDIV=1.08 KVN=0.93 IGN=0.72 TGL=0.00 KV=1.63
  [rfly_replan t=51.1 big=0] gbest=1665.8 | EKR=0.91 EKV=1.17 EBANK=1.34 ADEC=0.72 TLD=2.16 KDIV=1.08 KVN=0.93 IGN=0.72 TGL=0.00 KV=1.63
  [rfly_replan t=61.1 big=0] gbest=1665.8 | EKR=0.91 EKV=1.17 EBANK=1.34 ADEC=0.72 TLD=2.16 KDIV=1.08 KVN=0.93 IGN=0.72 TGL=0.00 KV=1.63
  [rfly_replan t=71.1 big=0] gbest=736.3 | EKR=0.90 EKV=1.03 EBANK=1.32 ADEC=0.73 TLD=2.12 KDIV=0.94 KVN=0.94 IGN=0.69 TGL=0.00 KV=1.74
  [rfly_replan t=81.2 big=0] gbest=736.3 | EKR=0.90 EKV=1.03 EBANK=1.32 ADEC=0.73 TLD=2.12 KDIV=0.94 KVN=0.94 IGN=0.69 TGL=0.00 KV=1.74
  [rfly_replan t=91.2 big=0] gbest=627.9 | EKR=1.19 EKV=1.21 EBANK=1.41 ADEC=0.69 TLD=2.14 KDIV=0.80 KVN=1.20 IGN=1.10 TGL=0.08 KV=1.62
  [rfly_replan t=101.2 big=0] gbest=570.9 | EKR=1.02 EKV=1.58 EBANK=1.50 ADEC=0.59 TLD=2.12 KDIV=0.92 KVN=0.97 IGN=0.86 TGL=0.00 KV=1.41
  [imu] reference LOST t=103.08 float=x gimbal rates o/m/i = -45/-7/-4 deg/s (limit 45) MGA=7.6
  [rfly_replan t=111.2 big=0] gbest=570.9 | EKR=1.02 EKV=1.58 EBANK=1.50 ADEC=0.59 TLD=2.12 KDIV=0.92 KVN=0.97 IGN=0.86 TGL=0.00 KV=1.41
  [rfly_replan t=0.0 big=1] gbest=284.0 | EKR=0.87 EKV=0.50 EBANK=0.63 ADEC=0.51 TLD=1.17 KDIV=1.20 KVN=1.58 IGN=1.61 TGL=0.63 KV=1.56
  [rfly_replan t=5.0 big=0] gbest=38359.8 | EKR=0.64 EKV=0.70 EBANK=0.88 ADEC=0.46 TLD=1.58 KDIV=1.42 KVN=1.77 IGN=1.73 TGL=1.03 KV=1.45
  [rfly_replan t=15.0 big=0] gbest=10260.8 | EKR=0.74 EKV=0.57 EBANK=0.81 ADEC=0.40 TLD=1.72 KDIV=1.62 KVN=2.08 IGN=1.96 TGL=0.85 KV=1.68
  [rfly_replan t=25.0 big=0] gbest=1619.8 | EKR=0.96 EKV=0.68 EBANK=0.68 ADEC=0.44 TLD=1.45 KDIV=1.62 KVN=2.02 IGN=1.96 TGL=0.85 KV=1.58
  [rfly_replan t=33.5 big=0] gbest=1619.8 | EKR=0.96 EKV=0.68 EBANK=0.68 ADEC=0.44 TLD=1.45 KDIV=1.62 KVN=2.02 IGN=1.96 TGL=0.85 KV=1.58
  [rfly_replan t=43.5 big=0] gbest=1590.1 | EKR=0.79 EKV=0.33 EBANK=0.68 ADEC=0.41 TLD=1.55 KDIV=1.60 KVN=2.02 IGN=1.99 TGL=0.87 KV=1.65
  [rfly_replan t=53.5 big=0] gbest=1512.4 | EKR=0.85 EKV=0.35 EBANK=0.71 ADEC=0.43 TLD=1.05 KDIV=1.46 KVN=2.16 IGN=1.85 TGL=0.71 KV=1.67
  [rfly_replan t=63.5 big=0] gbest=1320.1 | EKR=0.84 EKV=0.35 EBANK=0.80 ADEC=0.41 TLD=0.84 KDIV=1.47 KVN=2.18 IGN=1.85 TGL=0.62 KV=1.70
  [rfly_replan t=73.5 big=0] gbest=1251.9 | EKR=1.28 EKV=0.31 EBANK=0.76 ADEC=0.40 TLD=0.82 KDIV=1.43 KVN=2.24 IGN=1.86 TGL=0.66 KV=1.62
  [rfly_replan t=83.5 big=0] gbest=1252.7 | EKR=1.28 EKV=0.31 EBANK=0.76 ADEC=0.40 TLD=0.82 KDIV=1.43 KVN=2.24 IGN=1.86 TGL=0.66 KV=1.62
  [rfly_replan t=93.6 big=0] gbest=1224.0 | EKR=1.30 EKV=0.30 EBANK=0.63 ADEC=0.40 TLD=0.78 KDIV=1.37 KVN=2.05 IGN=1.84 TGL=0.80 KV=1.58
  [rfly_replan t=103.6 big=0] gbest=1221.7 | EKR=1.69 EKV=0.30 EBANK=0.94 ADEC=0.41 TLD=0.64 KDIV=1.39 KVN=2.07 IGN=1.89 TGL=1.05 KV=1.66
  [rfly_replan t=0.0 big=1] gbest=354.3 | EKR=1.20 EKV=0.73 EBANK=0.60 ADEC=0.54 TLD=0.52 KDIV=1.26 KVN=1.07 IGN=0.91 TGL=0.00 KV=1.34
  [rfly_replan t=10.0 big=0] gbest=354.3 | EKR=1.20 EKV=0.73 EBANK=0.60 ADEC=0.54 TLD=0.52 KDIV=1.26 KVN=1.07 IGN=0.91 TGL=0.00 KV=1.34
  [rfly_replan t=13.6 big=0] gbest=13447.4 | EKR=1.15 EKV=0.66 EBANK=0.60 ADEC=0.71 TLD=0.36 KDIV=1.20 KVN=1.04 IGN=0.99 TGL=0.00 KV=1.17
  [rfly_replan t=23.6 big=0] gbest=6910.7 | EKR=1.37 EKV=0.31 EBANK=0.60 ADEC=0.71 TLD=0.38 KDIV=1.07 KVN=1.10 IGN=1.04 TGL=0.26 KV=1.01
  [rfly_replan t=30.9 big=0] gbest=5859.6 | EKR=1.25 EKV=0.59 EBANK=0.62 ADEC=0.62 TLD=0.29 KDIV=0.94 KVN=1.00 IGN=1.05 TGL=0.46 KV=1.01
  [rfly_replan t=40.9 big=0] gbest=864.7 | EKR=1.40 EKV=0.90 EBANK=0.61 ADEC=0.68 TLD=0.25 KDIV=0.77 KVN=0.77 IGN=0.99 TGL=0.32 KV=1.04
  [rfly_replan t=50.9 big=0] gbest=864.7 | EKR=1.40 EKV=0.90 EBANK=0.61 ADEC=0.68 TLD=0.25 KDIV=0.77 KVN=0.77 IGN=0.99 TGL=0.32 KV=1.04
  [rfly_replan t=60.9 big=0] gbest=864.7 | EKR=1.40 EKV=0.90 EBANK=0.61 ADEC=0.68 TLD=0.25 KDIV=0.77 KVN=0.77 IGN=0.99 TGL=0.32 KV=1.04
  [rfly_replan t=71.0 big=0] gbest=864.7 | EKR=1.40 EKV=0.90 EBANK=0.61 ADEC=0.68 TLD=0.25 KDIV=0.77 KVN=0.77 IGN=0.99 TGL=0.32 KV=1.04
  [rfly_replan t=81.0 big=0] gbest=864.7 | EKR=1.40 EKV=0.90 EBANK=0.61 ADEC=0.68 TLD=0.25 KDIV=0.77 KVN=0.77 IGN=0.99 TGL=0.32 KV=1.04
  [rfly_replan t=91.0 big=0] gbest=811.9 | EKR=1.27 EKV=0.99 EBANK=1.04 ADEC=0.88 TLD=0.25 KDIV=0.72 KVN=0.92 IGN=0.97 TGL=0.34 KV=1.20
  [rfly_replan t=101.0 big=0] gbest=650.9 | EKR=1.19 EKV=0.93 EBANK=1.04 ADEC=0.86 TLD=0.26 KDIV=0.64 KVN=0.79 IGN=0.92 TGL=0.23 KV=1.15
  [rfly_replan t=111.0 big=0] gbest=601.8 | EKR=1.24 EKV=0.72 EBANK=1.00 ADEC=0.81 TLD=0.25 KDIV=0.64 KVN=0.72 IGN=0.90 TGL=0.36 KV=1.10
  [rfly_replan t=121.1 big=0] gbest=601.8 | EKR=1.24 EKV=0.72 EBANK=1.00 ADEC=0.81 TLD=0.25 KDIV=0.64 KVN=0.72 IGN=0.90 TGL=0.36 KV=1.10
  [rfly_replan t=0.0 big=1] gbest=629.2 | EKR=0.34 EKV=0.68 EBANK=1.57 ADEC=1.33 TLD=0.57 KDIV=0.40 KVN=0.76 IGN=1.09 TGL=0.40 KV=1.53
  [rfly_replan t=8.3 big=0] gbest=1723.6 | EKR=0.30 EKV=0.85 EBANK=1.62 ADEC=1.20 TLD=0.64 KDIV=0.44 KVN=0.81 IGN=1.13 TGL=0.41 KV=1.62
  [rfly_replan t=18.3 big=0] gbest=1077.6 | EKR=0.31 EKV=0.76 EBANK=1.55 ADEC=0.87 TLD=0.65 KDIV=0.40 KVN=0.66 IGN=1.12 TGL=0.48 KV=1.76
  [rfly_replan t=28.3 big=0] gbest=1077.6 | EKR=0.31 EKV=0.76 EBANK=1.55 ADEC=0.87 TLD=0.65 KDIV=0.40 KVN=0.66 IGN=1.12 TGL=0.48 KV=1.76
  [rfly_replan t=32.7 big=0] gbest=806.9 | EKR=0.30 EKV=0.53 EBANK=1.26 ADEC=0.93 TLD=0.51 KDIV=0.40 KVN=0.55 IGN=1.57 TGL=0.58 KV=1.62
  [rfly_replan t=42.7 big=0] gbest=736.2 | EKR=0.55 EKV=0.61 EBANK=1.17 ADEC=1.11 TLD=0.72 KDIV=0.40 KVN=0.50 IGN=1.51 TGL=0.56 KV=1.77
  [rfly_replan t=52.7 big=0] gbest=636.8 | EKR=0.88 EKV=0.92 EBANK=0.98 ADEC=1.13 TLD=0.83 KDIV=0.40 KVN=0.50 IGN=1.57 TGL=0.41 KV=1.59
  [rfly_replan t=62.7 big=0] gbest=606.3 | EKR=0.79 EKV=1.23 EBANK=0.89 ADEC=1.19 TLD=0.85 KDIV=0.40 KVN=0.50 IGN=1.65 TGL=0.51 KV=1.59
  [rfly_replan t=72.7 big=0] gbest=606.3 | EKR=0.79 EKV=1.23 EBANK=0.89 ADEC=1.19 TLD=0.85 KDIV=0.40 KVN=0.50 IGN=1.65 TGL=0.51 KV=1.59
  [rfly_replan t=82.7 big=0] gbest=589.2 | EKR=0.88 EKV=1.07 EBANK=0.60 ADEC=1.43 TLD=0.90 KDIV=0.40 KVN=0.51 IGN=1.79 TGL=0.54 KV=1.50
  [rfly_replan t=92.7 big=0] gbest=589.2 | EKR=0.88 EKV=1.07 EBANK=0.60 ADEC=1.43 TLD=0.90 KDIV=0.40 KVN=0.51 IGN=1.79 TGL=0.54 KV=1.50
  [rfly_replan t=102.7 big=0] gbest=585.9 | EKR=0.92 EKV=1.30 EBANK=0.61 ADEC=1.47 TLD=0.95 KDIV=0.40 KVN=0.51 IGN=1.75 TGL=0.54 KV=1.48
  [rfly_replan t=112.8 big=0] gbest=585.9 | EKR=0.92 EKV=1.30 EBANK=0.61 ADEC=1.47 TLD=0.95 KDIV=0.40 KVN=0.51 IGN=1.75 TGL=0.54 KV=1.48
  [rfly_replan t=0.0 big=1] gbest=529.7 | EKR=0.47 EKV=0.62 EBANK=1.07 ADEC=0.85 TLD=0.25 KDIV=0.98 KVN=0.50 IGN=1.06 TGL=0.01 KV=0.92
  [rfly_replan t=10.0 big=0] gbest=401.5 | EKR=0.38 EKV=0.37 EBANK=1.20 ADEC=0.75 TLD=0.25 KDIV=0.97 KVN=0.51 IGN=0.99 TGL=0.00 KV=1.09
  [rfly_replan t=16.9 big=0] gbest=199280.6 | EKR=0.56 EKV=0.30 EBANK=1.36 ADEC=0.52 TLD=0.49 KDIV=0.80 KVN=0.50 IGN=1.13 TGL=0.07 KV=1.23
  [rfly_replan t=27.0 big=0] gbest=145325.7 | EKR=0.82 EKV=0.35 EBANK=1.59 ADEC=0.63 TLD=0.70 KDIV=1.03 KVN=0.66 IGN=0.78 TGL=0.15 KV=1.13
  [rfly_replan t=30.8 big=0] gbest=131304.2 | EKR=1.03 EKV=0.56 EBANK=1.43 ADEC=0.42 TLD=0.89 KDIV=1.21 KVN=0.50 IGN=0.65 TGL=0.05 KV=1.09
  [rfly_replan t=40.8 big=0] gbest=131304.2 | EKR=1.03 EKV=0.56 EBANK=1.43 ADEC=0.42 TLD=0.89 KDIV=1.21 KVN=0.50 IGN=0.65 TGL=0.05 KV=1.09
  [rfly_replan t=50.8 big=0] gbest=130590.0 | EKR=0.76 EKV=0.43 EBANK=1.39 ADEC=0.40 TLD=1.12 KDIV=1.21 KVN=0.61 IGN=0.40 TGL=0.06 KV=0.84
  [rfly_replan t=60.8 big=0] gbest=130590.0 | EKR=0.76 EKV=0.43 EBANK=1.39 ADEC=0.40 TLD=1.12 KDIV=1.21 KVN=0.61 IGN=0.40 TGL=0.06 KV=0.84
  [rfly_replan t=70.8 big=0] gbest=127116.9 | EKR=0.63 EKV=0.46 EBANK=1.17 ADEC=0.41 TLD=1.09 KDIV=1.25 KVN=0.50 IGN=0.42 TGL=0.00 KV=0.90
  [rfly_replan t=80.9 big=0] gbest=127116.9 | EKR=0.63 EKV=0.46 EBANK=1.17 ADEC=0.41 TLD=1.09 KDIV=1.25 KVN=0.50 IGN=0.42 TGL=0.00 KV=0.90
  [rfly_replan t=90.9 big=0] gbest=126872.2 | EKR=0.30 EKV=0.39 EBANK=0.92 ADEC=0.42 TLD=1.06 KDIV=1.22 KVN=0.50 IGN=0.40 TGL=0.16 KV=0.85
  [rfly_replan t=100.9 big=0] gbest=126872.2 | EKR=0.30 EKV=0.39 EBANK=0.92 ADEC=0.42 TLD=1.06 KDIV=1.22 KVN=0.50 IGN=0.40 TGL=0.16 KV=0.85
  [rfly_replan t=110.9 big=0] gbest=125136.9 | EKR=0.64 EKV=0.35 EBANK=0.73 ADEC=0.44 TLD=1.07 KDIV=1.24 KVN=0.52 IGN=0.40 TGL=0.03 KV=0.84
  [imu] reference LOST t=120.92 float=x gimbal rates o/m/i = -45/8/-3 deg/s (limit 45) MGA=5.1
  [rfly_replan t=120.9 big=0] gbest=125136.9 | EKR=0.64 EKV=0.35 EBANK=0.73 ADEC=0.44 TLD=1.07 KDIV=1.24 KVN=0.52 IGN=0.40 TGL=0.03 KV=0.84
  [rfly_replan t=131.0 big=0] gbest=125124.2 | EKR=0.57 EKV=0.35 EBANK=0.60 ADEC=0.54 TLD=0.80 KDIV=1.14 KVN=0.57 IGN=0.70 TGL=0.09 KV=0.95
  [rfly_replan t=0.0 big=1] gbest=357.5 | EKR=0.34 EKV=0.68 EBANK=1.57 ADEC=1.33 TLD=0.57 KDIV=0.40 KVN=0.76 IGN=1.09 TGL=0.40 KV=1.53
  [rfly_replan t=10.0 big=0] gbest=357.5 | EKR=0.34 EKV=0.68 EBANK=1.57 ADEC=1.33 TLD=0.57 KDIV=0.40 KVN=0.76 IGN=1.09 TGL=0.40 KV=1.53
  [rfly_replan t=11.6 big=0] gbest=12750.0 | EKR=0.71 EKV=0.33 EBANK=2.02 ADEC=1.31 TLD=0.66 KDIV=0.40 KVN=0.80 IGN=0.92 TGL=0.63 KV=1.59
  [rfly_replan t=21.6 big=0] gbest=1716.9 | EKR=0.64 EKV=0.32 EBANK=1.83 ADEC=1.11 TLD=0.79 KDIV=0.41 KVN=0.60 IGN=1.30 TGL=0.57 KV=1.63
  [rfly_replan t=30.3 big=0] gbest=1213.0 | EKR=0.56 EKV=0.34 EBANK=1.77 ADEC=1.09 TLD=0.62 KDIV=0.42 KVN=0.61 IGN=1.27 TGL=0.57 KV=1.63
  [rfly_replan t=40.3 big=0] gbest=1108.4 | EKR=0.46 EKV=0.58 EBANK=1.61 ADEC=0.90 TLD=0.82 KDIV=0.40 KVN=0.72 IGN=0.48 TGL=0.61 KV=1.63
  [rfly_replan t=50.3 big=0] gbest=1108.4 | EKR=0.46 EKV=0.58 EBANK=1.61 ADEC=0.90 TLD=0.82 KDIV=0.40 KVN=0.72 IGN=0.48 TGL=0.61 KV=1.63
  [rfly_replan t=60.3 big=0] gbest=1108.4 | EKR=0.46 EKV=0.58 EBANK=1.61 ADEC=0.90 TLD=0.82 KDIV=0.40 KVN=0.72 IGN=0.48 TGL=0.61 KV=1.63
  [rfly_replan t=70.3 big=0] gbest=1108.4 | EKR=0.46 EKV=0.58 EBANK=1.61 ADEC=0.90 TLD=0.82 KDIV=0.40 KVN=0.72 IGN=0.48 TGL=0.61 KV=1.63
  [rfly_replan t=80.3 big=0] gbest=1034.1 | EKR=0.53 EKV=0.45 EBANK=1.70 ADEC=0.82 TLD=0.52 KDIV=0.41 KVN=0.59 IGN=0.50 TGL=0.55 KV=1.62
  [rfly_replan t=90.3 big=0] gbest=1025.0 | EKR=0.37 EKV=0.47 EBANK=1.79 ADEC=0.80 TLD=0.48 KDIV=0.41 KVN=0.55 IGN=0.45 TGL=0.70 KV=1.60
  [rfly_replan t=100.3 big=0] gbest=935.0 | EKR=0.30 EKV=0.48 EBANK=1.79 ADEC=0.82 TLD=0.59 KDIV=0.42 KVN=0.51 IGN=0.91 TGL=0.87 KV=1.44
  [rfly_replan t=110.4 big=0] gbest=896.3 | EKR=0.31 EKV=0.96 EBANK=1.71 ADEC=0.80 TLD=0.50 KDIV=0.58 KVN=0.51 IGN=0.51 TGL=0.90 KV=1.38
  [rfly_replan t=120.4 big=0] gbest=896.3 | EKR=0.31 EKV=0.96 EBANK=1.71 ADEC=0.80 TLD=0.50 KDIV=0.58 KVN=0.51 IGN=0.51 TGL=0.90 KV=1.38
  [rfly_replan t=0.0 big=1] gbest=479.2 | EKR=0.40 EKV=0.35 EBANK=0.68 ADEC=0.84 TLD=1.75 KDIV=0.93 KVN=1.82 IGN=1.22 TGL=0.32 KV=1.52
  [rfly_replan t=6.2 big=0] gbest=14903.7 | EKR=0.30 EKV=0.56 EBANK=0.71 ADEC=0.72 TLD=2.04 KDIV=1.07 KVN=1.75 IGN=1.16 TGL=0.19 KV=1.51
  [rfly_replan t=16.2 big=0] gbest=9792.4 | EKR=0.30 EKV=0.78 EBANK=0.60 ADEC=0.77 TLD=1.99 KDIV=1.04 KVN=1.88 IGN=1.26 TGL=0.18 KV=1.66
  [rfly_replan t=26.3 big=0] gbest=9792.4 | EKR=0.30 EKV=0.78 EBANK=0.60 ADEC=0.77 TLD=1.99 KDIV=1.04 KVN=1.88 IGN=1.26 TGL=0.18 KV=1.66
  [rfly_replan t=33.7 big=0] gbest=6127.1 | EKR=0.41 EKV=0.47 EBANK=0.60 ADEC=0.87 TLD=2.04 KDIV=1.14 KVN=2.02 IGN=1.28 TGL=0.29 KV=1.74
  [rfly_replan t=43.7 big=0] gbest=6127.1 | EKR=0.41 EKV=0.47 EBANK=0.60 ADEC=0.87 TLD=2.04 KDIV=1.14 KVN=2.02 IGN=1.28 TGL=0.29 KV=1.74
  [rfly_replan t=53.7 big=0] gbest=648.0 | EKR=0.45 EKV=0.39 EBANK=0.60 ADEC=1.04 TLD=2.05 KDIV=1.13 KVN=2.00 IGN=1.39 TGL=0.32 KV=1.72
  [rfly_replan t=63.7 big=0] gbest=648.0 | EKR=0.45 EKV=0.39 EBANK=0.60 ADEC=1.04 TLD=2.05 KDIV=1.13 KVN=2.00 IGN=1.39 TGL=0.32 KV=1.72
  [rfly_replan t=73.7 big=0] gbest=648.0 | EKR=0.45 EKV=0.39 EBANK=0.60 ADEC=1.04 TLD=2.05 KDIV=1.13 KVN=2.00 IGN=1.39 TGL=0.32 KV=1.72
  [rfly_replan t=83.7 big=0] gbest=648.0 | EKR=0.45 EKV=0.39 EBANK=0.60 ADEC=1.04 TLD=2.05 KDIV=1.13 KVN=2.00 IGN=1.39 TGL=0.32 KV=1.72
  [rfly_replan t=93.7 big=0] gbest=796.6 | EKR=0.45 EKV=0.39 EBANK=0.60 ADEC=1.04 TLD=2.05 KDIV=1.13 KVN=2.00 IGN=1.39 TGL=0.32 KV=1.72
  [rfly_replan t=103.7 big=0] gbest=617.3 | EKR=0.50 EKV=0.57 EBANK=0.60 ADEC=1.08 TLD=2.00 KDIV=1.13 KVN=2.00 IGN=1.37 TGL=0.33 KV=1.73
  [imu] reference LOST t=110.16 float=x gimbal rates o/m/i = -45/-8/-2 deg/s (limit 45) MGA=5.9
  [rfly_replan t=113.8 big=0] gbest=616.0 | EKR=0.61 EKV=0.71 EBANK=0.93 ADEC=1.19 TLD=1.86 KDIV=1.01 KVN=2.03 IGN=1.78 TGL=0.48 KV=1.52
  [rfly_replan t=0.0 big=1] gbest=629.8 | EKR=0.30 EKV=0.30 EBANK=0.72 ADEC=0.73 TLD=0.71 KDIV=0.93 KVN=1.02 IGN=1.13 TGL=0.42 KV=1.02
  [rfly_replan t=10.0 big=0] gbest=629.8 | EKR=0.30 EKV=0.30 EBANK=0.72 ADEC=0.73 TLD=0.71 KDIV=0.93 KVN=1.02 IGN=1.13 TGL=0.42 KV=1.02
  [rfly_replan t=14.9 big=0] gbest=44623.3 | EKR=0.61 EKV=0.30 EBANK=1.01 ADEC=0.90 TLD=0.59 KDIV=0.78 KVN=1.23 IGN=1.31 TGL=0.37 KV=0.91
  [rfly_replan t=24.9 big=0] gbest=7739.0 | EKR=0.96 EKV=0.30 EBANK=1.12 ADEC=0.86 TLD=0.82 KDIV=0.79 KVN=1.24 IGN=1.42 TGL=0.49 KV=0.69
  [rfly_replan t=30.7 big=0] gbest=7739.0 | EKR=0.96 EKV=0.30 EBANK=1.12 ADEC=0.86 TLD=0.82 KDIV=0.79 KVN=1.24 IGN=1.42 TGL=0.49 KV=0.69
  [rfly_replan t=40.7 big=0] gbest=6749.1 | EKR=0.91 EKV=0.80 EBANK=0.97 ADEC=1.08 TLD=0.47 KDIV=0.82 KVN=1.29 IGN=1.56 TGL=0.50 KV=0.56
  [rfly_replan t=50.7 big=0] gbest=6749.1 | EKR=0.91 EKV=0.80 EBANK=0.97 ADEC=1.08 TLD=0.47 KDIV=0.82 KVN=1.29 IGN=1.56 TGL=0.50 KV=0.56
  [rfly_replan t=60.7 big=0] gbest=5210.1 | EKR=0.92 EKV=0.68 EBANK=0.79 ADEC=1.07 TLD=0.51 KDIV=0.86 KVN=1.34 IGN=1.77 TGL=0.47 KV=0.83
  [rfly_replan t=70.8 big=0] gbest=5210.1 | EKR=0.92 EKV=0.68 EBANK=0.79 ADEC=1.07 TLD=0.51 KDIV=0.86 KVN=1.34 IGN=1.77 TGL=0.47 KV=0.83
  [rfly_replan t=80.8 big=0] gbest=5210.1 | EKR=0.92 EKV=0.68 EBANK=0.79 ADEC=1.07 TLD=0.51 KDIV=0.86 KVN=1.34 IGN=1.77 TGL=0.47 KV=0.83
  [rfly_replan t=90.8 big=0] gbest=5210.1 | EKR=0.92 EKV=0.68 EBANK=0.79 ADEC=1.07 TLD=0.51 KDIV=0.86 KVN=1.34 IGN=1.77 TGL=0.47 KV=0.83
  [rfly_replan t=100.8 big=0] gbest=1495.8 | EKR=0.89 EKV=0.75 EBANK=0.61 ADEC=1.21 TLD=0.50 KDIV=0.86 KVN=1.18 IGN=1.85 TGL=0.25 KV=0.67
  [rfly_replan t=110.8 big=0] gbest=997.9 | EKR=0.92 EKV=0.68 EBANK=0.61 ADEC=1.27 TLD=0.28 KDIV=0.94 KVN=1.20 IGN=1.82 TGL=0.14 KV=0.50
  [rfly_replan t=120.9 big=0] gbest=762.7 | EKR=0.82 EKV=0.70 EBANK=0.60 ADEC=1.49 TLD=0.25 KDIV=1.17 KVN=1.24 IGN=1.95 TGL=0.28 KV=0.50
  [rfly_replan t=130.9 big=0] gbest=684.3 | EKR=0.85 EKV=0.37 EBANK=0.61 ADEC=1.49 TLD=0.41 KDIV=1.25 KVN=1.28 IGN=2.15 TGL=0.49 KV=0.73
  [rfly_replan t=0.0 big=1] gbest=583.7 | EKR=0.68 EKV=1.06 EBANK=0.79 ADEC=0.71 TLD=1.84 KDIV=1.09 KVN=0.72 IGN=0.49 TGL=0.00 KV=1.28
  [rfly_replan t=9.5 big=0] gbest=1539.1 | EKR=0.36 EKV=0.90 EBANK=0.72 ADEC=0.56 TLD=1.72 KDIV=0.85 KVN=0.84 IGN=0.41 TGL=0.00 KV=1.48
  [rfly_replan t=19.5 big=0] gbest=1539.1 | EKR=0.36 EKV=0.90 EBANK=0.72 ADEC=0.56 TLD=1.72 KDIV=0.85 KVN=0.84 IGN=0.41 TGL=0.00 KV=1.48
  [rfly_replan t=29.6 big=0] gbest=1539.1 | EKR=0.36 EKV=0.90 EBANK=0.72 ADEC=0.56 TLD=1.72 KDIV=0.85 KVN=0.84 IGN=0.41 TGL=0.00 KV=1.48
  [rfly_replan t=33.0 big=0] gbest=1539.1 | EKR=0.36 EKV=0.90 EBANK=0.72 ADEC=0.56 TLD=1.72 KDIV=0.85 KVN=0.84 IGN=0.41 TGL=0.00 KV=1.48
  [rfly_replan t=43.0 big=0] gbest=1390.6 | EKR=0.30 EKV=0.66 EBANK=0.60 ADEC=0.42 TLD=1.50 KDIV=0.71 KVN=1.03 IGN=0.40 TGL=0.00 KV=1.39
  [rfly_replan t=53.0 big=0] gbest=1390.6 | EKR=0.30 EKV=0.66 EBANK=0.60 ADEC=0.42 TLD=1.50 KDIV=0.71 KVN=1.03 IGN=0.40 TGL=0.00 KV=1.39
  [rfly_replan t=63.0 big=0] gbest=1154.4 | EKR=0.30 EKV=0.32 EBANK=0.60 ADEC=0.42 TLD=1.47 KDIV=0.74 KVN=0.91 IGN=0.46 TGL=0.00 KV=1.31
  [rfly_replan t=73.0 big=0] gbest=1154.4 | EKR=0.30 EKV=0.32 EBANK=0.60 ADEC=0.42 TLD=1.47 KDIV=0.74 KVN=0.91 IGN=0.46 TGL=0.00 KV=1.31
  [rfly_replan t=83.0 big=0] gbest=565.1 | EKR=0.38 EKV=0.44 EBANK=0.60 ADEC=0.50 TLD=1.65 KDIV=0.83 KVN=0.93 IGN=0.55 TGL=0.00 KV=1.32
  [rfly_replan t=93.0 big=0] gbest=565.1 | EKR=0.38 EKV=0.44 EBANK=0.60 ADEC=0.50 TLD=1.65 KDIV=0.83 KVN=0.93 IGN=0.55 TGL=0.00 KV=1.32
  [rfly_replan t=103.1 big=0] gbest=536.2 | EKR=0.38 EKV=0.44 EBANK=0.60 ADEC=0.50 TLD=1.65 KDIV=0.83 KVN=0.93 IGN=0.55 TGL=0.00 KV=1.32
  [imu] reference LOST t=108.67 float=x gimbal rates o/m/i = 45/-1/-6 deg/s (limit 45) MGA=-12.1
  [rfly_replan t=113.1 big=0] gbest=364.5 | EKR=0.37 EKV=0.32 EBANK=0.60 ADEC=0.56 TLD=1.59 KDIV=0.74 KVN=0.98 IGN=0.57 TGL=0.00 KV=1.41
  [rfly_replan t=123.1 big=0] gbest=364.5 | EKR=0.37 EKV=0.32 EBANK=0.60 ADEC=0.56 TLD=1.59 KDIV=0.74 KVN=0.98 IGN=0.57 TGL=0.00 KV=1.41
  [rfly_replan t=0.0 big=1] gbest=702.7 | EKR=1.06 EKV=0.96 EBANK=0.60 ADEC=1.03 TLD=0.89 KDIV=0.92 KVN=0.65 IGN=0.50 TGL=0.28 KV=1.04
  [rfly_replan t=4.2 big=0] gbest=6496.1 | EKR=1.12 EKV=1.06 EBANK=0.61 ADEC=1.22 TLD=1.30 KDIV=0.97 KVN=0.60 IGN=0.48 TGL=0.35 KV=0.91
  [rfly_replan t=14.2 big=0] gbest=1774.0 | EKR=1.22 EKV=1.12 EBANK=0.60 ADEC=1.08 TLD=1.13 KDIV=1.12 KVN=0.50 IGN=0.63 TGL=0.23 KV=0.96
  [rfly_replan t=24.2 big=0] gbest=1774.0 | EKR=1.22 EKV=1.12 EBANK=0.60 ADEC=1.08 TLD=1.13 KDIV=1.12 KVN=0.50 IGN=0.63 TGL=0.23 KV=0.96
  [rfly_replan t=34.2 big=0] gbest=1774.0 | EKR=1.22 EKV=1.12 EBANK=0.60 ADEC=1.08 TLD=1.13 KDIV=1.12 KVN=0.50 IGN=0.63 TGL=0.23 KV=0.96
  [rfly_replan t=34.5 big=0] gbest=1575.5 | EKR=1.01 EKV=1.45 EBANK=0.83 ADEC=1.05 TLD=1.26 KDIV=1.03 KVN=0.50 IGN=0.57 TGL=0.04 KV=0.97
  [rfly_replan t=44.5 big=0] gbest=1575.5 | EKR=1.01 EKV=1.45 EBANK=0.83 ADEC=1.05 TLD=1.26 KDIV=1.03 KVN=0.50 IGN=0.57 TGL=0.04 KV=0.97
  [rfly_replan t=54.5 big=0] gbest=1575.5 | EKR=1.01 EKV=1.45 EBANK=0.83 ADEC=1.05 TLD=1.26 KDIV=1.03 KVN=0.50 IGN=0.57 TGL=0.04 KV=0.97
  [rfly_replan t=64.5 big=0] gbest=720.1 | EKR=0.88 EKV=1.19 EBANK=0.81 ADEC=1.07 TLD=1.20 KDIV=0.99 KVN=0.64 IGN=0.53 TGL=0.00 KV=1.00
  [rfly_replan t=74.5 big=0] gbest=720.1 | EKR=0.88 EKV=1.19 EBANK=0.81 ADEC=1.07 TLD=1.20 KDIV=0.99 KVN=0.64 IGN=0.53 TGL=0.00 KV=1.00
  [rfly_replan t=84.6 big=0] gbest=720.1 | EKR=0.88 EKV=1.19 EBANK=0.81 ADEC=1.07 TLD=1.20 KDIV=0.99 KVN=0.64 IGN=0.53 TGL=0.00 KV=1.00
  [rfly_replan t=94.6 big=0] gbest=682.4 | EKR=0.88 EKV=1.19 EBANK=0.81 ADEC=1.07 TLD=1.20 KDIV=0.99 KVN=0.64 IGN=0.53 TGL=0.00 KV=1.00
  [rfly_replan t=104.6 big=0] gbest=353.5 | EKR=0.74 EKV=1.42 EBANK=1.10 ADEC=1.23 TLD=1.20 KDIV=0.84 KVN=0.69 IGN=0.49 TGL=0.19 KV=1.19
  [imu] reference LOST t=107.38 float=x gimbal rates o/m/i = 45/2/11 deg/s (limit 45) MGA=13.3
  [rfly_replan t=114.6 big=0] gbest=353.5 | EKR=0.74 EKV=1.42 EBANK=1.10 ADEC=1.23 TLD=1.20 KDIV=0.84 KVN=0.69 IGN=0.49 TGL=0.19 KV=1.19
  [rfly_replan t=0.0 big=1] gbest=439.8 | EKR=0.30 EKV=0.30 EBANK=0.60 ADEC=0.40 TLD=0.48 KDIV=1.13 KVN=1.09 IGN=1.10 TGL=0.42 KV=1.27
  [rfly_replan t=10.0 big=0] gbest=439.8 | EKR=0.30 EKV=0.30 EBANK=0.60 ADEC=0.40 TLD=0.48 KDIV=1.13 KVN=1.09 IGN=1.10 TGL=0.42 KV=1.27
  [rfly_replan t=12.8 big=0] gbest=18609.6 | EKR=0.42 EKV=0.30 EBANK=0.65 ADEC=0.40 TLD=0.46 KDIV=1.25 KVN=0.95 IGN=1.00 TGL=0.16 KV=1.24
  [rfly_replan t=22.9 big=0] gbest=18513.7 | EKR=0.54 EKV=0.38 EBANK=0.67 ADEC=0.42 TLD=0.49 KDIV=1.33 KVN=0.96 IGN=1.05 TGL=0.19 KV=1.21
  [rfly_replan t=28.3 big=0] gbest=11910.0 | EKR=0.63 EKV=0.51 EBANK=0.95 ADEC=0.40 TLD=0.53 KDIV=1.25 KVN=1.03 IGN=0.96 TGL=0.33 KV=1.30
  [rfly_replan t=38.3 big=0] gbest=11830.7 | EKR=0.42 EKV=0.52 EBANK=0.84 ADEC=0.55 TLD=0.25 KDIV=1.39 KVN=0.89 IGN=1.19 TGL=0.26 KV=1.49
  [rfly_replan t=48.3 big=0] gbest=11830.7 | EKR=0.42 EKV=0.52 EBANK=0.84 ADEC=0.55 TLD=0.25 KDIV=1.39 KVN=0.89 IGN=1.19 TGL=0.26 KV=1.49
  [rfly_replan t=58.3 big=0] gbest=11830.7 | EKR=0.42 EKV=0.52 EBANK=0.84 ADEC=0.55 TLD=0.25 KDIV=1.39 KVN=0.89 IGN=1.19 TGL=0.26 KV=1.49
  [rfly_replan t=68.3 big=0] gbest=5749.8 | EKR=0.54 EKV=0.30 EBANK=0.78 ADEC=0.72 TLD=0.25 KDIV=1.38 KVN=0.87 IGN=1.58 TGL=0.07 KV=1.49
  [rfly_replan t=78.3 big=0] gbest=5749.8 | EKR=0.54 EKV=0.30 EBANK=0.78 ADEC=0.72 TLD=0.25 KDIV=1.38 KVN=0.87 IGN=1.58 TGL=0.07 KV=1.49
  [rfly_replan t=88.4 big=0] gbest=4733.2 | EKR=0.30 EKV=0.32 EBANK=0.71 ADEC=0.77 TLD=0.25 KDIV=1.23 KVN=0.85 IGN=1.56 TGL=0.00 KV=1.40
  [imu] reference LOST t=94.60 float=x gimbal rates o/m/i = -45/1/6 deg/s (limit 45) MGA=-11.0
  [rfly_replan t=98.4 big=0] gbest=1750.8 | EKR=0.31 EKV=0.56 EBANK=0.60 ADEC=0.69 TLD=0.40 KDIV=0.96 KVN=0.84 IGN=1.64 TGL=0.00 KV=1.13
  [rfly_replan t=0.0 big=1] gbest=357.7 | EKR=1.19 EKV=1.14 EBANK=1.56 ADEC=0.83 TLD=0.36 KDIV=0.71 KVN=0.65 IGN=1.77 TGL=0.18 KV=1.39
  [rfly_replan t=7.5 big=0] gbest=1791.8 | EKR=1.07 EKV=1.59 EBANK=1.79 ADEC=0.70 TLD=0.25 KDIV=0.53 KVN=0.84 IGN=1.56 TGL=0.18 KV=1.27
  [rfly_replan t=17.5 big=0] gbest=1529.5 | EKR=0.94 EKV=1.49 EBANK=1.83 ADEC=0.74 TLD=0.30 KDIV=0.49 KVN=0.78 IGN=1.61 TGL=0.22 KV=1.24
  [rfly_replan t=27.5 big=0] gbest=1334.0 | EKR=0.88 EKV=1.47 EBANK=1.90 ADEC=0.58 TLD=0.28 KDIV=0.47 KVN=0.75 IGN=1.87 TGL=0.32 KV=1.15
  [rfly_replan t=33.8 big=0] gbest=1148.4 | EKR=1.18 EKV=1.58 EBANK=2.19 ADEC=0.72 TLD=0.46 KDIV=0.40 KVN=0.65 IGN=1.94 TGL=0.21 KV=1.08
  [rfly_replan t=43.8 big=0] gbest=1148.4 | EKR=1.18 EKV=1.58 EBANK=2.19 ADEC=0.72 TLD=0.46 KDIV=0.40 KVN=0.65 IGN=1.94 TGL=0.21 KV=1.08
  [rfly_replan t=53.8 big=0] gbest=1124.4 | EKR=1.27 EKV=1.44 EBANK=2.26 ADEC=0.71 TLD=0.45 KDIV=0.41 KVN=0.75 IGN=1.93 TGL=0.14 KV=1.07
  [rfly_replan t=63.8 big=0] gbest=1066.8 | EKR=1.31 EKV=1.52 EBANK=2.47 ADEC=0.77 TLD=0.61 KDIV=0.42 KVN=0.58 IGN=1.92 TGL=0.18 KV=1.37
  [rfly_replan t=73.8 big=0] gbest=1066.8 | EKR=1.31 EKV=1.52 EBANK=2.47 ADEC=0.77 TLD=0.61 KDIV=0.42 KVN=0.58 IGN=1.92 TGL=0.18 KV=1.37
  [rfly_replan t=83.8 big=0] gbest=1066.8 | EKR=1.31 EKV=1.52 EBANK=2.47 ADEC=0.77 TLD=0.61 KDIV=0.42 KVN=0.58 IGN=1.92 TGL=0.18 KV=1.37
  [rfly_replan t=93.9 big=0] gbest=1004.9 | EKR=0.98 EKV=1.69 EBANK=2.48 ADEC=0.67 TLD=0.63 KDIV=0.40 KVN=0.69 IGN=2.47 TGL=0.20 KV=1.48
  [rfly_replan t=103.9 big=0] gbest=996.6 | EKR=1.11 EKV=1.76 EBANK=2.49 ADEC=0.66 TLD=0.43 KDIV=0.41 KVN=0.75 IGN=2.43 TGL=0.23 KV=1.72
  [rfly_replan t=113.9 big=0] gbest=996.6 | EKR=1.11 EKV=1.76 EBANK=2.49 ADEC=0.66 TLD=0.43 KDIV=0.41 KVN=0.75 IGN=2.43 TGL=0.23 KV=1.72
  [rfly_replan t=0.0 big=1] gbest=530.2 | EKR=1.20 EKV=0.73 EBANK=0.60 ADEC=0.54 TLD=0.52 KDIV=1.26 KVN=1.07 IGN=0.91 TGL=0.00 KV=1.34
  [rfly_replan t=10.0 big=0] gbest=530.2 | EKR=1.20 EKV=0.73 EBANK=0.60 ADEC=0.54 TLD=0.52 KDIV=1.26 KVN=1.07 IGN=0.91 TGL=0.00 KV=1.34
  [rfly_replan t=16.2 big=0] gbest=8829.2 | EKR=1.54 EKV=0.52 EBANK=0.70 ADEC=0.46 TLD=0.25 KDIV=1.13 KVN=1.15 IGN=0.62 TGL=0.00 KV=1.43
  [rfly_replan t=26.2 big=0] gbest=1694.7 | EKR=1.29 EKV=0.41 EBANK=0.60 ADEC=0.60 TLD=0.31 KDIV=0.99 KVN=1.04 IGN=0.70 TGL=0.11 KV=1.36
  [rfly_replan t=28.5 big=0] gbest=1694.7 | EKR=1.29 EKV=0.41 EBANK=0.60 ADEC=0.60 TLD=0.31 KDIV=0.99 KVN=1.04 IGN=0.70 TGL=0.11 KV=1.36
  [rfly_replan t=38.5 big=0] gbest=1557.3 | EKR=1.04 EKV=0.36 EBANK=0.90 ADEC=0.59 TLD=0.25 KDIV=1.01 KVN=1.15 IGN=0.74 TGL=0.13 KV=1.34
  [rfly_replan t=48.5 big=0] gbest=1156.9 | EKR=0.97 EKV=0.30 EBANK=0.89 ADEC=0.68 TLD=0.76 KDIV=1.21 KVN=1.07 IGN=1.02 TGL=0.12 KV=1.36
  [rfly_replan t=58.5 big=0] gbest=1156.9 | EKR=0.97 EKV=0.30 EBANK=0.89 ADEC=0.68 TLD=0.76 KDIV=1.21 KVN=1.07 IGN=1.02 TGL=0.12 KV=1.36
  [rfly_replan t=68.5 big=0] gbest=1156.9 | EKR=0.97 EKV=0.30 EBANK=0.89 ADEC=0.68 TLD=0.76 KDIV=1.21 KVN=1.07 IGN=1.02 TGL=0.12 KV=1.36
  [rfly_replan t=78.5 big=0] gbest=1156.9 | EKR=0.97 EKV=0.30 EBANK=0.89 ADEC=0.68 TLD=0.76 KDIV=1.21 KVN=1.07 IGN=1.02 TGL=0.12 KV=1.36
  [rfly_replan t=88.5 big=0] gbest=1156.9 | EKR=0.97 EKV=0.30 EBANK=0.89 ADEC=0.68 TLD=0.76 KDIV=1.21 KVN=1.07 IGN=1.02 TGL=0.12 KV=1.36
  [rfly_replan t=98.6 big=0] gbest=1156.9 | EKR=0.97 EKV=0.30 EBANK=0.89 ADEC=0.68 TLD=0.76 KDIV=1.21 KVN=1.07 IGN=1.02 TGL=0.12 KV=1.36
  [rfly_replan t=108.6 big=0] gbest=1080.1 | EKR=0.93 EKV=0.37 EBANK=1.19 ADEC=0.68 TLD=0.72 KDIV=1.09 KVN=1.09 IGN=1.11 TGL=0.15 KV=1.34
  [imu] reference LOST t=111.15 float=x gimbal rates o/m/i = 45/-6/-13 deg/s (limit 45) MGA=7.0
  [rfly_replan t=118.6 big=0] gbest=1079.9 | EKR=1.05 EKV=0.30 EBANK=1.19 ADEC=0.95 TLD=1.05 KDIV=1.32 KVN=1.03 IGN=0.95 TGL=0.11 KV=1.12
  [rfly_replan t=0.0 big=1] gbest=845.2 | EKR=1.45 EKV=1.40 EBANK=1.59 ADEC=1.20 TLD=1.75 KDIV=0.72 KVN=1.40 IGN=0.41 TGL=0.19 KV=0.87
  [rfly_replan t=10.0 big=0] gbest=679.7 | EKR=1.53 EKV=1.23 EBANK=1.47 ADEC=1.02 TLD=2.07 KDIV=0.85 KVN=1.27 IGN=0.40 TGL=0.44 KV=0.60
  [rfly_replan t=10.8 big=0] gbest=95417.8 | EKR=1.37 EKV=1.46 EBANK=1.50 ADEC=0.89 TLD=1.48 KDIV=0.72 KVN=1.26 IGN=0.51 TGL=0.56 KV=0.64
  [rfly_replan t=20.8 big=0] gbest=20620.8 | EKR=1.00 EKV=1.65 EBANK=1.55 ADEC=1.12 TLD=1.42 KDIV=0.71 KVN=1.11 IGN=0.40 TGL=0.37 KV=0.53
  [rfly_replan t=30.8 big=0] gbest=2030.1 | EKR=0.58 EKV=1.47 EBANK=1.45 ADEC=1.26 TLD=1.61 KDIV=0.71 KVN=1.23 IGN=0.52 TGL=0.13 KV=0.69
  [rfly_replan t=35.6 big=0] gbest=2030.1 | EKR=0.58 EKV=1.47 EBANK=1.45 ADEC=1.26 TLD=1.61 KDIV=0.71 KVN=1.23 IGN=0.52 TGL=0.13 KV=0.69
  [rfly_replan t=45.6 big=0] gbest=2030.1 | EKR=0.58 EKV=1.47 EBANK=1.45 ADEC=1.26 TLD=1.61 KDIV=0.71 KVN=1.23 IGN=0.52 TGL=0.13 KV=0.69
  [rfly_replan t=55.6 big=0] gbest=2030.1 | EKR=0.58 EKV=1.47 EBANK=1.45 ADEC=1.26 TLD=1.61 KDIV=0.71 KVN=1.23 IGN=0.52 TGL=0.13 KV=0.69
  [rfly_replan t=65.6 big=0] gbest=1693.5 | EKR=0.77 EKV=1.67 EBANK=1.66 ADEC=1.43 TLD=1.91 KDIV=1.04 KVN=1.20 IGN=0.73 TGL=0.00 KV=0.88
  [rfly_replan t=75.6 big=0] gbest=1693.5 | EKR=0.77 EKV=1.67 EBANK=1.66 ADEC=1.43 TLD=1.91 KDIV=1.04 KVN=1.20 IGN=0.73 TGL=0.00 KV=0.88
  [rfly_replan t=85.7 big=0] gbest=1693.5 | EKR=0.77 EKV=1.67 EBANK=1.66 ADEC=1.43 TLD=1.91 KDIV=1.04 KVN=1.20 IGN=0.73 TGL=0.00 KV=0.88
  [rfly_replan t=95.7 big=0] gbest=1076.5 | EKR=0.56 EKV=1.46 EBANK=1.50 ADEC=1.39 TLD=1.72 KDIV=1.07 KVN=1.15 IGN=0.98 TGL=0.12 KV=1.00
  [rfly_replan t=105.7 big=0] gbest=1076.5 | EKR=0.56 EKV=1.46 EBANK=1.50 ADEC=1.39 TLD=1.72 KDIV=1.07 KVN=1.15 IGN=0.98 TGL=0.12 KV=1.00
  [rfly_replan t=115.7 big=0] gbest=537.3 | EKR=0.79 EKV=1.25 EBANK=1.34 ADEC=1.52 TLD=1.98 KDIV=1.15 KVN=1.40 IGN=1.02 TGL=0.07 KV=1.26
  [rfly_replan t=125.7 big=0] gbest=438.0 | EKR=0.92 EKV=1.13 EBANK=1.38 ADEC=1.72 TLD=2.12 KDIV=1.31 KVN=1.39 IGN=0.82 TGL=0.19 KV=1.29
  [imu] reference LOST t=128.95 float=x gimbal rates o/m/i = 45/2/9 deg/s (limit 45) MGA=14.8
  [rfly_replan t=135.7 big=0] gbest=438.0 | EKR=0.92 EKV=1.13 EBANK=1.38 ADEC=1.72 TLD=2.12 KDIV=1.31 KVN=1.39 IGN=0.82 TGL=0.19 KV=1.29
  [rfly_replan t=0.0 big=1] gbest=602.0 | EKR=0.56 EKV=0.65 EBANK=1.50 ADEC=1.02 TLD=0.75 KDIV=1.19 KVN=1.39 IGN=1.10 TGL=0.13 KV=1.36
  [rfly_replan t=5.5 big=0] gbest=5778.1 | EKR=0.30 EKV=0.85 EBANK=1.38 ADEC=0.93 TLD=0.77 KDIV=1.04 KVN=1.65 IGN=1.17 TGL=0.17 KV=1.41
  [rfly_replan t=15.5 big=0] gbest=5778.1 | EKR=0.30 EKV=0.85 EBANK=1.38 ADEC=0.93 TLD=0.77 KDIV=1.04 KVN=1.65 IGN=1.17 TGL=0.17 KV=1.41
  [rfly_replan t=25.5 big=0] gbest=5778.1 | EKR=0.30 EKV=0.85 EBANK=1.38 ADEC=0.93 TLD=0.77 KDIV=1.04 KVN=1.65 IGN=1.17 TGL=0.17 KV=1.41
  [rfly_replan t=33.8 big=0] gbest=5778.1 | EKR=0.30 EKV=0.85 EBANK=1.38 ADEC=0.93 TLD=0.77 KDIV=1.04 KVN=1.65 IGN=1.17 TGL=0.17 KV=1.41
  [rfly_replan t=43.8 big=0] gbest=1529.1 | EKR=0.30 EKV=0.68 EBANK=1.21 ADEC=0.96 TLD=0.79 KDIV=0.80 KVN=1.52 IGN=0.98 TGL=0.07 KV=1.55
  [rfly_replan t=53.8 big=0] gbest=1303.3 | EKR=0.55 EKV=1.05 EBANK=1.06 ADEC=0.80 TLD=0.62 KDIV=0.79 KVN=1.38 IGN=0.92 TGL=0.02 KV=1.51
  [rfly_replan t=63.8 big=0] gbest=1303.3 | EKR=0.55 EKV=1.05 EBANK=1.06 ADEC=0.80 TLD=0.62 KDIV=0.79 KVN=1.38 IGN=0.92 TGL=0.02 KV=1.51
  [rfly_replan t=73.8 big=0] gbest=1303.3 | EKR=0.55 EKV=1.05 EBANK=1.06 ADEC=0.80 TLD=0.62 KDIV=0.79 KVN=1.38 IGN=0.92 TGL=0.02 KV=1.51
  [rfly_replan t=83.8 big=0] gbest=1303.3 | EKR=0.55 EKV=1.05 EBANK=1.06 ADEC=0.80 TLD=0.62 KDIV=0.79 KVN=1.38 IGN=0.92 TGL=0.02 KV=1.51
  [rfly_replan t=93.8 big=0] gbest=966.7 | EKR=0.47 EKV=1.03 EBANK=1.34 ADEC=0.96 TLD=0.34 KDIV=0.80 KVN=1.36 IGN=1.11 TGL=0.14 KV=1.59
  [rfly_replan t=103.8 big=0] gbest=938.4 | EKR=0.31 EKV=1.23 EBANK=1.51 ADEC=0.93 TLD=0.25 KDIV=0.91 KVN=1.39 IGN=1.54 TGL=0.33 KV=1.64
  [rfly_replan t=113.9 big=0] gbest=938.4 | EKR=0.31 EKV=1.23 EBANK=1.51 ADEC=0.93 TLD=0.25 KDIV=0.91 KVN=1.39 IGN=1.54 TGL=0.33 KV=1.64
  [rfly_replan t=0.0 big=1] gbest=452.1 | EKR=0.34 EKV=0.68 EBANK=1.57 ADEC=1.33 TLD=0.57 KDIV=0.40 KVN=0.76 IGN=1.09 TGL=0.40 KV=1.53
  [rfly_replan t=10.0 big=0] gbest=444.8 | EKR=0.30 EKV=0.42 EBANK=1.43 ADEC=1.44 TLD=0.83 KDIV=0.60 KVN=0.91 IGN=0.97 TGL=0.55 KV=1.50
  [rfly_replan t=14.1 big=0] gbest=27578.4 | EKR=0.53 EKV=0.30 EBANK=1.44 ADEC=1.84 TLD=0.92 KDIV=0.68 KVN=0.72 IGN=1.18 TGL=0.43 KV=1.27
  [rfly_replan t=24.1 big=0] gbest=10071.7 | EKR=0.64 EKV=0.31 EBANK=1.40 ADEC=1.87 TLD=0.73 KDIV=0.85 KVN=0.63 IGN=1.28 TGL=0.20 KV=1.07
  [rfly_replan t=29.7 big=0] gbest=6303.6 | EKR=0.88 EKV=0.34 EBANK=0.96 ADEC=1.74 TLD=0.50 KDIV=1.02 KVN=0.64 IGN=1.61 TGL=0.05 KV=0.94
  [rfly_replan t=39.7 big=0] gbest=2016.2 | EKR=0.53 EKV=0.56 EBANK=1.04 ADEC=1.93 TLD=0.48 KDIV=0.89 KVN=0.61 IGN=1.60 TGL=0.07 KV=0.72
  [rfly_replan t=49.7 big=0] gbest=1885.0 | EKR=0.30 EKV=0.57 EBANK=0.91 ADEC=1.84 TLD=0.25 KDIV=0.90 KVN=0.58 IGN=1.58 TGL=0.04 KV=0.70
  [rfly_replan t=59.7 big=0] gbest=1885.0 | EKR=0.30 EKV=0.57 EBANK=0.91 ADEC=1.84 TLD=0.25 KDIV=0.90 KVN=0.58 IGN=1.58 TGL=0.04 KV=0.70
  [rfly_replan t=69.7 big=0] gbest=1870.2 | EKR=0.41 EKV=0.59 EBANK=1.05 ADEC=1.70 TLD=0.25 KDIV=0.93 KVN=0.63 IGN=1.59 TGL=0.11 KV=0.87
  [rfly_replan t=79.7 big=0] gbest=1755.2 | EKR=0.49 EKV=0.30 EBANK=0.90 ADEC=1.69 TLD=0.27 KDIV=0.92 KVN=0.90 IGN=1.56 TGL=0.03 KV=0.84
  [rfly_replan t=89.8 big=0] gbest=1755.2 | EKR=0.49 EKV=0.30 EBANK=0.90 ADEC=1.69 TLD=0.27 KDIV=0.92 KVN=0.90 IGN=1.56 TGL=0.03 KV=0.84
  [rfly_replan t=99.8 big=0] gbest=1688.9 | EKR=0.47 EKV=0.64 EBANK=0.84 ADEC=1.67 TLD=0.27 KDIV=1.00 KVN=1.00 IGN=1.40 TGL=0.00 KV=1.04
  [rfly_replan t=109.8 big=0] gbest=1687.2 | EKR=0.90 EKV=1.13 EBANK=0.66 ADEC=1.88 TLD=0.25 KDIV=1.01 KVN=0.84 IGN=1.65 TGL=0.02 KV=0.95
  [rfly_replan t=0.0 big=1] gbest=497.6 | EKR=1.19 EKV=1.14 EBANK=1.56 ADEC=0.83 TLD=0.36 KDIV=0.71 KVN=0.65 IGN=1.77 TGL=0.18 KV=1.39
  [rfly_replan t=8.8 big=0] gbest=6447.0 | EKR=1.05 EKV=1.34 EBANK=1.67 ADEC=0.99 TLD=0.42 KDIV=0.69 KVN=0.70 IGN=1.43 TGL=0.01 KV=1.62
  [rfly_replan t=18.8 big=0] gbest=6447.0 | EKR=1.05 EKV=1.34 EBANK=1.67 ADEC=0.99 TLD=0.42 KDIV=0.69 KVN=0.70 IGN=1.43 TGL=0.01 KV=1.62
  [rfly_replan t=28.8 big=0] gbest=1176.2 | EKR=0.49 EKV=1.73 EBANK=1.61 ADEC=0.98 TLD=0.25 KDIV=0.56 KVN=0.50 IGN=1.43 TGL=0.01 KV=1.52
  [rfly_replan t=34.4 big=0] gbest=947.3 | EKR=0.54 EKV=1.38 EBANK=1.63 ADEC=0.94 TLD=0.25 KDIV=0.58 KVN=0.51 IGN=1.63 TGL=0.13 KV=1.57
  [rfly_replan t=44.4 big=0] gbest=947.3 | EKR=0.54 EKV=1.38 EBANK=1.63 ADEC=0.94 TLD=0.25 KDIV=0.58 KVN=0.51 IGN=1.63 TGL=0.13 KV=1.57
  [rfly_replan t=54.4 big=0] gbest=947.3 | EKR=0.54 EKV=1.38 EBANK=1.63 ADEC=0.94 TLD=0.25 KDIV=0.58 KVN=0.51 IGN=1.63 TGL=0.13 KV=1.57
  [rfly_replan t=64.4 big=0] gbest=947.3 | EKR=0.54 EKV=1.38 EBANK=1.63 ADEC=0.94 TLD=0.25 KDIV=0.58 KVN=0.51 IGN=1.63 TGL=0.13 KV=1.57
  [rfly_replan t=74.4 big=0] gbest=947.3 | EKR=0.54 EKV=1.38 EBANK=1.63 ADEC=0.94 TLD=0.25 KDIV=0.58 KVN=0.51 IGN=1.63 TGL=0.13 KV=1.57
  [rfly_replan t=84.4 big=0] gbest=947.3 | EKR=0.54 EKV=1.38 EBANK=1.63 ADEC=0.94 TLD=0.25 KDIV=0.58 KVN=0.51 IGN=1.63 TGL=0.13 KV=1.57
  [rfly_replan t=94.4 big=0] gbest=895.7 | EKR=0.55 EKV=1.62 EBANK=1.62 ADEC=1.02 TLD=0.25 KDIV=0.59 KVN=0.69 IGN=1.64 TGL=0.10 KV=1.53
  [rfly_replan t=104.5 big=0] gbest=553.3 | EKR=0.45 EKV=1.43 EBANK=1.78 ADEC=1.15 TLD=0.25 KDIV=0.54 KVN=0.57 IGN=1.13 TGL=0.00 KV=1.74
  [rfly_replan t=114.5 big=0] gbest=460.3 | EKR=0.42 EKV=1.27 EBANK=1.81 ADEC=1.19 TLD=0.25 KDIV=0.50 KVN=0.67 IGN=0.63 TGL=0.03 KV=1.47
  [rfly_replan t=124.5 big=0] gbest=453.0 | EKR=0.35 EKV=1.25 EBANK=1.83 ADEC=1.20 TLD=0.25 KDIV=0.51 KVN=0.66 IGN=0.91 TGL=0.43 KV=1.42
  [rfly_replan t=134.5 big=0] gbest=453.0 | EKR=0.35 EKV=1.25 EBANK=1.83 ADEC=1.20 TLD=0.25 KDIV=0.51 KVN=0.66 IGN=0.91 TGL=0.43 KV=1.42
  [rfly_replan t=0.0 big=1] gbest=416.5 | EKR=1.00 EKV=1.00 EBANK=1.00 ADEC=1.00 TLD=1.00 KDIV=1.00 KVN=1.00 IGN=1.00 TGL=0.00 KV=1.00
  [rfly_replan t=10.0 big=0] gbest=416.5 | EKR=1.00 EKV=1.00 EBANK=1.00 ADEC=1.00 TLD=1.00 KDIV=1.00 KVN=1.00 IGN=1.00 TGL=0.00 KV=1.00
  [rfly_replan t=17.4 big=0] gbest=7587.8 | EKR=1.16 EKV=0.77 EBANK=1.27 ADEC=1.19 TLD=1.35 KDIV=0.98 KVN=1.17 IGN=1.31 TGL=0.01 KV=1.02
  [rfly_replan t=27.4 big=0] gbest=7587.8 | EKR=1.16 EKV=0.77 EBANK=1.27 ADEC=1.19 TLD=1.35 KDIV=0.98 KVN=1.17 IGN=1.31 TGL=0.01 KV=1.02
  [rfly_replan t=29.5 big=0] gbest=7587.8 | EKR=1.16 EKV=0.77 EBANK=1.27 ADEC=1.19 TLD=1.35 KDIV=0.98 KVN=1.17 IGN=1.31 TGL=0.01 KV=1.02
  [rfly_replan t=39.5 big=0] gbest=1718.9 | EKR=1.38 EKV=1.16 EBANK=1.26 ADEC=1.17 TLD=1.28 KDIV=0.94 KVN=1.26 IGN=1.34 TGL=0.15 KV=1.10
  [rfly_replan t=49.5 big=0] gbest=1718.9 | EKR=1.38 EKV=1.16 EBANK=1.26 ADEC=1.17 TLD=1.28 KDIV=0.94 KVN=1.26 IGN=1.34 TGL=0.15 KV=1.10
  [rfly_replan t=59.5 big=0] gbest=1718.9 | EKR=1.38 EKV=1.16 EBANK=1.26 ADEC=1.17 TLD=1.28 KDIV=0.94 KVN=1.26 IGN=1.34 TGL=0.15 KV=1.10
  [rfly_replan t=69.5 big=0] gbest=1718.9 | EKR=1.38 EKV=1.16 EBANK=1.26 ADEC=1.17 TLD=1.28 KDIV=0.94 KVN=1.26 IGN=1.34 TGL=0.15 KV=1.10
  [rfly_replan t=79.5 big=0] gbest=1718.9 | EKR=1.38 EKV=1.16 EBANK=1.26 ADEC=1.17 TLD=1.28 KDIV=0.94 KVN=1.26 IGN=1.34 TGL=0.15 KV=1.10
  [rfly_replan t=89.6 big=0] gbest=1718.9 | EKR=1.38 EKV=1.16 EBANK=1.26 ADEC=1.17 TLD=1.28 KDIV=0.94 KVN=1.26 IGN=1.34 TGL=0.15 KV=1.10
  [rfly_replan t=99.6 big=0] gbest=1412.0 | EKR=1.45 EKV=1.39 EBANK=1.19 ADEC=1.18 TLD=1.32 KDIV=1.05 KVN=1.09 IGN=1.53 TGL=0.00 KV=1.24
  [rfly_replan t=109.6 big=0] gbest=1272.3 | EKR=1.21 EKV=1.55 EBANK=1.15 ADEC=1.18 TLD=1.35 KDIV=0.90 KVN=0.93 IGN=1.49 TGL=0.00 KV=1.22
  [rfly_replan t=119.6 big=0] gbest=1182.9 | EKR=1.23 EKV=1.71 EBANK=1.42 ADEC=1.53 TLD=1.20 KDIV=1.07 KVN=0.68 IGN=1.68 TGL=0.00 KV=1.21
  [rfly_replan t=129.6 big=0] gbest=1182.9 | EKR=1.23 EKV=1.71 EBANK=1.42 ADEC=1.53 TLD=1.20 KDIV=1.07 KVN=0.68 IGN=1.68 TGL=0.00 KV=1.21
  [rfly_replan t=0.0 big=1] gbest=580.6 | EKR=1.41 EKV=1.68 EBANK=0.66 ADEC=1.31 TLD=1.52 KDIV=0.56 KVN=1.52 IGN=0.40 TGL=0.00 KV=0.82
  [rfly_replan t=10.0 big=0] gbest=520.1 | EKR=1.72 EKV=1.67 EBANK=0.64 ADEC=1.30 TLD=1.62 KDIV=0.40 KVN=1.58 IGN=0.41 TGL=0.06 KV=0.85
  [rfly_replan t=12.1 big=0] gbest=1571.8 | EKR=1.47 EKV=1.68 EBANK=0.60 ADEC=1.19 TLD=1.69 KDIV=0.56 KVN=1.43 IGN=0.66 TGL=0.17 KV=0.98
  [rfly_replan t=22.1 big=0] gbest=1571.8 | EKR=1.47 EKV=1.68 EBANK=0.60 ADEC=1.19 TLD=1.69 KDIV=0.56 KVN=1.43 IGN=0.66 TGL=0.17 KV=0.98
  [rfly_replan t=31.1 big=0] gbest=1571.8 | EKR=1.47 EKV=1.68 EBANK=0.60 ADEC=1.19 TLD=1.69 KDIV=0.56 KVN=1.43 IGN=0.66 TGL=0.17 KV=0.98
  [rfly_replan t=41.1 big=0] gbest=1446.5 | EKR=1.43 EKV=1.35 EBANK=0.61 ADEC=1.34 TLD=1.70 KDIV=0.40 KVN=1.51 IGN=0.57 TGL=0.22 KV=0.90
  [rfly_replan t=51.1 big=0] gbest=1053.4 | EKR=1.49 EKV=1.38 EBANK=0.60 ADEC=1.35 TLD=1.64 KDIV=0.40 KVN=1.39 IGN=0.49 TGL=0.12 KV=0.97
  [rfly_replan t=61.1 big=0] gbest=1053.4 | EKR=1.49 EKV=1.38 EBANK=0.60 ADEC=1.35 TLD=1.64 KDIV=0.40 KVN=1.39 IGN=0.49 TGL=0.12 KV=0.97
  [rfly_replan t=71.2 big=0] gbest=1053.4 | EKR=1.49 EKV=1.38 EBANK=0.60 ADEC=1.35 TLD=1.64 KDIV=0.40 KVN=1.39 IGN=0.49 TGL=0.12 KV=0.97
  [rfly_replan t=81.2 big=0] gbest=678.1 | EKR=1.44 EKV=1.32 EBANK=0.65 ADEC=1.26 TLD=1.46 KDIV=0.40 KVN=1.37 IGN=0.40 TGL=0.18 KV=0.81
  [rfly_replan t=91.2 big=0] gbest=678.1 | EKR=1.44 EKV=1.32 EBANK=0.65 ADEC=1.26 TLD=1.46 KDIV=0.40 KVN=1.37 IGN=0.40 TGL=0.18 KV=0.81
  [rfly_replan t=101.2 big=0] gbest=672.6 | EKR=1.91 EKV=1.25 EBANK=0.71 ADEC=1.20 TLD=1.49 KDIV=0.40 KVN=1.32 IGN=0.40 TGL=0.21 KV=0.89
  [rfly_replan t=111.2 big=0] gbest=659.0 | EKR=2.28 EKV=1.39 EBANK=0.94 ADEC=1.20 TLD=1.24 KDIV=0.40 KVN=1.22 IGN=0.65 TGL=0.18 KV=0.96
  [rfly_replan t=121.3 big=0] gbest=659.0 | EKR=2.28 EKV=1.39 EBANK=0.94 ADEC=1.20 TLD=1.24 KDIV=0.40 KVN=1.22 IGN=0.65 TGL=0.18 KV=0.96
  [rfly_replan t=0.0 big=1] gbest=441.4 | EKR=1.18 EKV=1.20 EBANK=1.05 ADEC=0.82 TLD=0.63 KDIV=0.95 KVN=0.87 IGN=2.05 TGL=0.00 KV=1.40
  [rfly_replan t=6.7 big=0] gbest=1519.4 | EKR=0.85 EKV=1.58 EBANK=1.22 ADEC=0.90 TLD=0.25 KDIV=0.88 KVN=0.71 IGN=1.62 TGL=0.00 KV=1.52
  [rfly_replan t=16.7 big=0] gbest=1410.6 | EKR=0.65 EKV=1.62 EBANK=1.17 ADEC=0.87 TLD=0.25 KDIV=0.87 KVN=0.50 IGN=1.25 TGL=0.00 KV=1.43
  [rfly_replan t=26.7 big=0] gbest=876.9 | EKR=0.57 EKV=1.37 EBANK=1.09 ADEC=0.86 TLD=0.25 KDIV=0.84 KVN=0.50 IGN=1.11 TGL=0.05 KV=1.54
  [rfly_replan t=33.9 big=0] gbest=876.9 | EKR=0.57 EKV=1.37 EBANK=1.09 ADEC=0.86 TLD=0.25 KDIV=0.84 KVN=0.50 IGN=1.11 TGL=0.05 KV=1.54
  [rfly_replan t=43.9 big=0] gbest=876.9 | EKR=0.57 EKV=1.37 EBANK=1.09 ADEC=0.86 TLD=0.25 KDIV=0.84 KVN=0.50 IGN=1.11 TGL=0.05 KV=1.54
  [rfly_replan t=53.9 big=0] gbest=876.9 | EKR=0.57 EKV=1.37 EBANK=1.09 ADEC=0.86 TLD=0.25 KDIV=0.84 KVN=0.50 IGN=1.11 TGL=0.05 KV=1.54
  [rfly_replan t=63.9 big=0] gbest=876.9 | EKR=0.57 EKV=1.37 EBANK=1.09 ADEC=0.86 TLD=0.25 KDIV=0.84 KVN=0.50 IGN=1.11 TGL=0.05 KV=1.54
  [rfly_replan t=73.9 big=0] gbest=876.9 | EKR=0.57 EKV=1.37 EBANK=1.09 ADEC=0.86 TLD=0.25 KDIV=0.84 KVN=0.50 IGN=1.11 TGL=0.05 KV=1.54
  [rfly_replan t=84.0 big=0] gbest=876.9 | EKR=0.57 EKV=1.37 EBANK=1.09 ADEC=0.86 TLD=0.25 KDIV=0.84 KVN=0.50 IGN=1.11 TGL=0.05 KV=1.54
  [rfly_replan t=94.0 big=0] gbest=876.9 | EKR=0.57 EKV=1.37 EBANK=1.09 ADEC=0.86 TLD=0.25 KDIV=0.84 KVN=0.50 IGN=1.11 TGL=0.05 KV=1.54
  [rfly_replan t=104.0 big=0] gbest=876.9 | EKR=0.57 EKV=1.37 EBANK=1.09 ADEC=0.86 TLD=0.25 KDIV=0.84 KVN=0.50 IGN=1.11 TGL=0.05 KV=1.54
  [rfly_replan t=114.0 big=0] gbest=846.9 | EKR=0.30 EKV=1.17 EBANK=0.91 ADEC=0.99 TLD=0.25 KDIV=0.95 KVN=0.50 IGN=0.57 TGL=0.00 KV=1.51
  [rfly_replan t=124.0 big=0] gbest=846.9 | EKR=0.30 EKV=1.17 EBANK=0.91 ADEC=0.99 TLD=0.25 KDIV=0.95 KVN=0.50 IGN=0.57 TGL=0.00 KV=1.51
  [rfly_replan t=0.0 big=1] gbest=531.0 | EKR=1.41 EKV=1.06 EBANK=0.60 ADEC=0.96 TLD=0.95 KDIV=0.96 KVN=1.06 IGN=0.66 TGL=0.02 KV=1.00
  [rfly_replan t=10.0 big=0] gbest=531.0 | EKR=1.41 EKV=1.06 EBANK=0.60 ADEC=0.96 TLD=0.95 KDIV=0.96 KVN=1.06 IGN=0.66 TGL=0.02 KV=1.00
  [rfly_replan t=15.4 big=0] gbest=12726.2 | EKR=1.78 EKV=1.17 EBANK=0.74 ADEC=1.23 TLD=0.77 KDIV=1.03 KVN=1.23 IGN=1.28 TGL=0.19 KV=1.02
  [rfly_replan t=25.4 big=0] gbest=10126.9 | EKR=1.83 EKV=1.31 EBANK=0.64 ADEC=1.74 TLD=1.23 KDIV=1.02 KVN=1.35 IGN=1.24 TGL=0.20 KV=1.02
  [rfly_replan t=28.8 big=0] gbest=8854.4 | EKR=1.81 EKV=1.32 EBANK=0.60 ADEC=1.75 TLD=1.18 KDIV=1.07 KVN=1.43 IGN=1.12 TGL=0.22 KV=0.91
  [rfly_replan t=38.8 big=0] gbest=6233.1 | EKR=1.67 EKV=1.36 EBANK=0.64 ADEC=1.69 TLD=1.27 KDIV=1.25 KVN=1.66 IGN=1.15 TGL=0.07 KV=0.94
  [rfly_replan t=48.8 big=0] gbest=6233.1 | EKR=1.67 EKV=1.36 EBANK=0.64 ADEC=1.69 TLD=1.27 KDIV=1.25 KVN=1.66 IGN=1.15 TGL=0.07 KV=0.94
  [rfly_replan t=58.8 big=0] gbest=6233.1 | EKR=1.67 EKV=1.36 EBANK=0.64 ADEC=1.69 TLD=1.27 KDIV=1.25 KVN=1.66 IGN=1.15 TGL=0.07 KV=0.94
  [rfly_replan t=68.8 big=0] gbest=6233.1 | EKR=1.67 EKV=1.36 EBANK=0.64 ADEC=1.69 TLD=1.27 KDIV=1.25 KVN=1.66 IGN=1.15 TGL=0.07 KV=0.94
  [rfly_replan t=78.8 big=0] gbest=6233.1 | EKR=1.67 EKV=1.36 EBANK=0.64 ADEC=1.69 TLD=1.27 KDIV=1.25 KVN=1.66 IGN=1.15 TGL=0.07 KV=0.94
  [rfly_replan t=88.9 big=0] gbest=1548.5 | EKR=1.30 EKV=1.03 EBANK=0.75 ADEC=1.68 TLD=1.36 KDIV=1.29 KVN=1.51 IGN=1.10 TGL=0.34 KV=0.96
  [rfly_replan t=98.9 big=0] gbest=1475.3 | EKR=1.09 EKV=0.99 EBANK=0.60 ADEC=1.79 TLD=1.38 KDIV=1.30 KVN=1.52 IGN=1.10 TGL=0.28 KV=0.89
  [rfly_replan t=108.9 big=0] gbest=1418.3 | EKR=1.36 EKV=0.98 EBANK=0.80 ADEC=1.73 TLD=1.28 KDIV=1.06 KVN=1.52 IGN=0.98 TGL=0.39 KV=1.10
  [rfly_replan t=118.9 big=0] gbest=1418.3 | EKR=1.36 EKV=0.98 EBANK=0.80 ADEC=1.73 TLD=1.28 KDIV=1.06 KVN=1.52 IGN=0.98 TGL=0.39 KV=1.10
  [rfly_replan t=0.0 big=1] gbest=779.5 | EKR=1.41 EKV=1.68 EBANK=0.66 ADEC=1.31 TLD=1.52 KDIV=0.56 KVN=1.52 IGN=0.40 TGL=0.00 KV=0.82
  [rfly_replan t=10.0 big=0] gbest=415.3 | EKR=1.72 EKV=1.67 EBANK=0.64 ADEC=1.30 TLD=1.62 KDIV=0.40 KVN=1.58 IGN=0.41 TGL=0.06 KV=0.85
  [rfly_replan t=10.0 big=0] gbest=7214.4 | EKR=1.50 EKV=1.88 EBANK=0.60 ADEC=1.42 TLD=1.80 KDIV=0.40 KVN=1.55 IGN=0.60 TGL=0.00 KV=0.92
  [rfly_replan t=20.0 big=0] gbest=6270.0 | EKR=1.79 EKV=2.07 EBANK=0.82 ADEC=1.55 TLD=1.62 KDIV=0.54 KVN=1.66 IGN=0.94 TGL=0.00 KV=0.61
  [rfly_replan t=30.1 big=0] gbest=6270.0 | EKR=1.79 EKV=2.07 EBANK=0.82 ADEC=1.55 TLD=1.62 KDIV=0.54 KVN=1.66 IGN=0.94 TGL=0.00 KV=0.61
  [rfly_replan t=33.5 big=0] gbest=6270.0 | EKR=1.79 EKV=2.07 EBANK=0.82 ADEC=1.55 TLD=1.62 KDIV=0.54 KVN=1.66 IGN=0.94 TGL=0.00 KV=0.61
  [rfly_replan t=43.5 big=0] gbest=6270.0 | EKR=1.79 EKV=2.07 EBANK=0.82 ADEC=1.55 TLD=1.62 KDIV=0.54 KVN=1.66 IGN=0.94 TGL=0.00 KV=0.61
  [rfly_replan t=53.5 big=0] gbest=4535.6 | EKR=2.34 EKV=1.93 EBANK=1.24 ADEC=1.36 TLD=1.55 KDIV=0.62 KVN=1.67 IGN=0.68 TGL=0.00 KV=0.59
  [rfly_replan t=63.5 big=0] gbest=4535.6 | EKR=2.34 EKV=1.93 EBANK=1.24 ADEC=1.36 TLD=1.55 KDIV=0.62 KVN=1.67 IGN=0.68 TGL=0.00 KV=0.59
  [rfly_replan t=73.6 big=0] gbest=4535.6 | EKR=2.34 EKV=1.93 EBANK=1.24 ADEC=1.36 TLD=1.55 KDIV=0.62 KVN=1.67 IGN=0.68 TGL=0.00 KV=0.59
  [rfly_replan t=83.6 big=0] gbest=4535.6 | EKR=2.34 EKV=1.93 EBANK=1.24 ADEC=1.36 TLD=1.55 KDIV=0.62 KVN=1.67 IGN=0.68 TGL=0.00 KV=0.59
  [rfly_replan t=93.6 big=0] gbest=4535.6 | EKR=2.34 EKV=1.93 EBANK=1.24 ADEC=1.36 TLD=1.55 KDIV=0.62 KVN=1.67 IGN=0.68 TGL=0.00 KV=0.59
  [rfly_replan t=103.6 big=0] gbest=2052.3 | EKR=2.42 EKV=1.71 EBANK=1.19 ADEC=1.38 TLD=1.53 KDIV=0.65 KVN=1.66 IGN=0.76 TGL=0.00 KV=0.55
  [rfly_replan t=113.6 big=0] gbest=2052.3 | EKR=2.42 EKV=1.71 EBANK=1.19 ADEC=1.38 TLD=1.53 KDIV=0.65 KVN=1.66 IGN=0.76 TGL=0.00 KV=0.55
  [rfly_replan t=123.7 big=0] gbest=2052.3 | EKR=2.42 EKV=1.71 EBANK=1.19 ADEC=1.38 TLD=1.53 KDIV=0.65 KVN=1.66 IGN=0.76 TGL=0.00 KV=0.55
  [rfly_replan t=0.0 big=1] gbest=639.2 | EKR=0.47 EKV=0.38 EBANK=0.60 ADEC=1.03 TLD=0.48 KDIV=0.62 KVN=0.55 IGN=0.40 TGL=0.29 KV=1.27
  [rfly_replan t=4.7 big=0] gbest=1701.5 | EKR=0.30 EKV=0.74 EBANK=0.60 ADEC=1.09 TLD=0.66 KDIV=0.75 KVN=0.56 IGN=0.62 TGL=0.20 KV=1.40
  [rfly_replan t=14.7 big=0] gbest=1701.5 | EKR=0.30 EKV=0.74 EBANK=0.60 ADEC=1.09 TLD=0.66 KDIV=0.75 KVN=0.56 IGN=0.62 TGL=0.20 KV=1.40
  [rfly_replan t=24.7 big=0] gbest=1589.0 | EKR=0.73 EKV=0.77 EBANK=0.60 ADEC=1.05 TLD=0.77 KDIV=0.87 KVN=0.56 IGN=0.61 TGL=0.23 KV=1.14
  [rfly_replan t=34.7 big=0] gbest=923.5 | EKR=0.99 EKV=0.85 EBANK=0.68 ADEC=0.89 TLD=0.54 KDIV=0.85 KVN=0.82 IGN=0.87 TGL=0.27 KV=1.37
  [rfly_replan t=35.4 big=0] gbest=923.5 | EKR=0.99 EKV=0.85 EBANK=0.68 ADEC=0.89 TLD=0.54 KDIV=0.85 KVN=0.82 IGN=0.87 TGL=0.27 KV=1.37
  [rfly_replan t=45.4 big=0] gbest=832.6 | EKR=1.03 EKV=0.91 EBANK=0.71 ADEC=0.90 TLD=0.39 KDIV=0.83 KVN=0.85 IGN=0.91 TGL=0.31 KV=1.34
  [rfly_replan t=55.4 big=0] gbest=832.6 | EKR=1.03 EKV=0.91 EBANK=0.71 ADEC=0.90 TLD=0.39 KDIV=0.83 KVN=0.85 IGN=0.91 TGL=0.31 KV=1.34
  [rfly_replan t=65.4 big=0] gbest=832.6 | EKR=1.03 EKV=0.91 EBANK=0.71 ADEC=0.90 TLD=0.39 KDIV=0.83 KVN=0.85 IGN=0.91 TGL=0.31 KV=1.34
  [rfly_replan t=75.4 big=0] gbest=832.6 | EKR=1.03 EKV=0.91 EBANK=0.71 ADEC=0.90 TLD=0.39 KDIV=0.83 KVN=0.85 IGN=0.91 TGL=0.31 KV=1.34
  [rfly_replan t=85.5 big=0] gbest=832.6 | EKR=1.03 EKV=0.91 EBANK=0.71 ADEC=0.90 TLD=0.39 KDIV=0.83 KVN=0.85 IGN=0.91 TGL=0.31 KV=1.34
  [rfly_replan t=95.5 big=0] gbest=701.5 | EKR=1.05 EKV=1.01 EBANK=0.71 ADEC=0.88 TLD=0.58 KDIV=0.83 KVN=0.55 IGN=0.71 TGL=0.33 KV=1.20
  [rfly_replan t=105.5 big=0] gbest=677.5 | EKR=1.00 EKV=0.82 EBANK=0.69 ADEC=0.83 TLD=0.31 KDIV=0.85 KVN=0.64 IGN=1.12 TGL=0.26 KV=1.12
  [rfly_replan t=115.5 big=0] gbest=677.5 | EKR=1.00 EKV=0.82 EBANK=0.69 ADEC=0.83 TLD=0.31 KDIV=0.85 KVN=0.64 IGN=1.12 TGL=0.26 KV=1.12
  [rfly_replan t=125.5 big=0] gbest=677.5 | EKR=1.00 EKV=0.82 EBANK=0.69 ADEC=0.83 TLD=0.31 KDIV=0.85 KVN=0.64 IGN=1.12 TGL=0.26 KV=1.12
  [rfly_replan t=0.0 big=1] gbest=613.5 | EKR=1.19 EKV=1.14 EBANK=1.56 ADEC=0.83 TLD=0.36 KDIV=0.71 KVN=0.65 IGN=1.77 TGL=0.18 KV=1.39
  [rfly_replan t=10.0 big=0] gbest=460.1 | EKR=0.79 EKV=0.92 EBANK=1.51 ADEC=0.81 TLD=0.25 KDIV=0.65 KVN=0.72 IGN=2.02 TGL=0.00 KV=1.48
  [rfly_replan t=13.3 big=0] gbest=1278.9 | EKR=0.97 EKV=0.44 EBANK=1.35 ADEC=0.97 TLD=0.33 KDIV=0.48 KVN=0.78 IGN=2.16 TGL=0.05 KV=1.36
  [rfly_replan t=23.3 big=0] gbest=1277.0 | EKR=1.24 EKV=0.41 EBANK=1.22 ADEC=0.77 TLD=0.32 KDIV=0.40 KVN=0.75 IGN=2.19 TGL=0.03 KV=1.38
  [rfly_replan t=33.4 big=0] gbest=1016.0 | EKR=1.46 EKV=0.54 EBANK=1.32 ADEC=0.55 TLD=0.31 KDIV=0.40 KVN=0.55 IGN=2.46 TGL=0.00 KV=1.53
  [rfly_replan t=33.4 big=0] gbest=698.8 | EKR=1.18 EKV=0.53 EBANK=1.30 ADEC=0.60 TLD=0.52 KDIV=0.40 KVN=0.52 IGN=2.46 TGL=0.18 KV=1.65
  [rfly_replan t=43.4 big=0] gbest=698.8 | EKR=1.18 EKV=0.53 EBANK=1.30 ADEC=0.60 TLD=0.52 KDIV=0.40 KVN=0.52 IGN=2.46 TGL=0.18 KV=1.65
  [rfly_replan t=53.4 big=0] gbest=678.9 | EKR=1.17 EKV=0.62 EBANK=1.40 ADEC=0.61 TLD=0.54 KDIV=0.41 KVN=0.52 IGN=2.22 TGL=0.09 KV=1.79
  [rfly_replan t=63.4 big=0] gbest=678.9 | EKR=1.17 EKV=0.62 EBANK=1.40 ADEC=0.61 TLD=0.54 KDIV=0.41 KVN=0.52 IGN=2.22 TGL=0.09 KV=1.79
  [rfly_replan t=73.4 big=0] gbest=678.9 | EKR=1.17 EKV=0.62 EBANK=1.40 ADEC=0.61 TLD=0.54 KDIV=0.41 KVN=0.52 IGN=2.22 TGL=0.09 KV=1.79
  [rfly_replan t=83.5 big=0] gbest=628.4 | EKR=0.79 EKV=0.45 EBANK=1.44 ADEC=0.60 TLD=0.46 KDIV=0.41 KVN=0.50 IGN=2.27 TGL=0.12 KV=1.83
  [rfly_replan t=93.5 big=0] gbest=623.7 | EKR=0.78 EKV=0.43 EBANK=1.43 ADEC=0.59 TLD=0.41 KDIV=0.41 KVN=0.50 IGN=2.34 TGL=0.00 KV=2.16
  [rfly_replan t=103.5 big=0] gbest=606.9 | EKR=0.85 EKV=0.39 EBANK=1.58 ADEC=0.53 TLD=0.35 KDIV=0.41 KVN=0.51 IGN=2.09 TGL=0.00 KV=1.96
  [rfly_replan t=113.5 big=0] gbest=606.9 | EKR=0.85 EKV=0.39 EBANK=1.58 ADEC=0.53 TLD=0.35 KDIV=0.41 KVN=0.51 IGN=2.09 TGL=0.00 KV=1.96
  [rfly_replan t=123.5 big=0] gbest=599.5 | EKR=1.05 EKV=0.37 EBANK=1.94 ADEC=0.56 TLD=0.31 KDIV=0.42 KVN=0.52 IGN=1.73 TGL=0.00 KV=1.88
  [rfly_replan t=133.5 big=0] gbest=582.8 | EKR=0.90 EKV=0.30 EBANK=1.95 ADEC=0.69 TLD=0.29 KDIV=0.41 KVN=0.50 IGN=1.60 TGL=0.00 KV=1.82
  [rfly_replan t=143.5 big=0] gbest=582.8 | EKR=0.90 EKV=0.30 EBANK=1.95 ADEC=0.69 TLD=0.29 KDIV=0.41 KVN=0.50 IGN=1.60 TGL=0.00 KV=1.82
  [rfly_replan t=0.0 big=1] gbest=314.9 | EKR=0.34 EKV=0.68 EBANK=1.57 ADEC=1.33 TLD=0.57 KDIV=0.40 KVN=0.76 IGN=1.09 TGL=0.40 KV=1.53
  [rfly_replan t=8.0 big=0] gbest=1625.5 | EKR=0.30 EKV=0.87 EBANK=1.46 ADEC=1.14 TLD=0.64 KDIV=0.40 KVN=0.61 IGN=1.23 TGL=0.72 KV=1.27
  [rfly_replan t=18.0 big=0] gbest=844.2 | EKR=0.51 EKV=1.35 EBANK=1.70 ADEC=1.09 TLD=0.89 KDIV=0.40 KVN=0.71 IGN=1.07 TGL=0.55 KV=1.29
  [rfly_replan t=28.0 big=0] gbest=844.2 | EKR=0.51 EKV=1.35 EBANK=1.70 ADEC=1.09 TLD=0.89 KDIV=0.40 KVN=0.71 IGN=1.07 TGL=0.55 KV=1.29
  [rfly_replan t=33.0 big=0] gbest=844.2 | EKR=0.51 EKV=1.35 EBANK=1.70 ADEC=1.09 TLD=0.89 KDIV=0.40 KVN=0.71 IGN=1.07 TGL=0.55 KV=1.29
  [rfly_replan t=43.0 big=0] gbest=844.2 | EKR=0.51 EKV=1.35 EBANK=1.70 ADEC=1.09 TLD=0.89 KDIV=0.40 KVN=0.71 IGN=1.07 TGL=0.55 KV=1.29
  [rfly_replan t=53.0 big=0] gbest=806.6 | EKR=0.55 EKV=1.37 EBANK=1.19 ADEC=1.11 TLD=1.08 KDIV=0.40 KVN=0.64 IGN=1.24 TGL=0.50 KV=1.27
  [rfly_replan t=63.0 big=0] gbest=749.1 | EKR=0.51 EKV=1.39 EBANK=0.96 ADEC=1.08 TLD=1.01 KDIV=0.40 KVN=0.83 IGN=1.18 TGL=0.48 KV=1.17
  [rfly_replan t=73.0 big=0] gbest=749.1 | EKR=0.51 EKV=1.39 EBANK=0.96 ADEC=1.08 TLD=1.01 KDIV=0.40 KVN=0.83 IGN=1.18 TGL=0.48 KV=1.17
  [rfly_replan t=83.0 big=0] gbest=700.9 | EKR=0.40 EKV=1.45 EBANK=1.19 ADEC=1.07 TLD=0.99 KDIV=0.40 KVN=0.96 IGN=1.09 TGL=0.56 KV=1.06
  [rfly_replan t=93.0 big=0] gbest=691.0 | EKR=0.35 EKV=1.49 EBANK=1.15 ADEC=1.29 TLD=0.95 KDIV=0.41 KVN=0.93 IGN=1.23 TGL=0.36 KV=1.14
  [rfly_replan t=103.0 big=0] gbest=634.8 | EKR=0.30 EKV=1.22 EBANK=1.57 ADEC=1.26 TLD=1.08 KDIV=0.40 KVN=1.04 IGN=1.18 TGL=0.40 KV=1.20
  [rfly_replan t=113.1 big=0] gbest=633.3 | EKR=0.31 EKV=1.28 EBANK=1.31 ADEC=0.96 TLD=1.09 KDIV=0.56 KVN=1.09 IGN=1.31 TGL=0.26 KV=1.00
  [rfly_replan t=0.0 big=1] gbest=808.0 | EKR=1.22 EKV=0.73 EBANK=1.55 ADEC=0.96 TLD=1.31 KDIV=0.41 KVN=0.81 IGN=0.40 TGL=0.25 KV=1.36
  [rfly_replan t=10.0 big=0] gbest=495.8 | EKR=1.18 EKV=0.71 EBANK=1.38 ADEC=1.08 TLD=1.34 KDIV=0.45 KVN=0.87 IGN=0.41 TGL=0.33 KV=1.38
  [rfly_replan t=16.6 big=0] gbest=18784.9 | EKR=1.24 EKV=0.96 EBANK=1.09 ADEC=1.23 TLD=1.38 KDIV=0.47 KVN=0.87 IGN=0.40 TGL=0.40 KV=1.56
  [rfly_replan t=26.7 big=0] gbest=4516.3 | EKR=1.56 EKV=0.76 EBANK=1.20 ADEC=1.24 TLD=1.50 KDIV=0.67 KVN=0.87 IGN=0.40 TGL=0.52 KV=1.46
  [rfly_replan t=29.9 big=0] gbest=4516.3 | EKR=1.56 EKV=0.76 EBANK=1.20 ADEC=1.24 TLD=1.50 KDIV=0.67 KVN=0.87 IGN=0.40 TGL=0.52 KV=1.46
  [rfly_replan t=39.9 big=0] gbest=1964.7 | EKR=1.77 EKV=0.54 EBANK=1.08 ADEC=1.21 TLD=1.34 KDIV=0.68 KVN=1.01 IGN=0.40 TGL=0.52 KV=1.33
  [rfly_replan t=49.9 big=0] gbest=1964.7 | EKR=1.77 EKV=0.54 EBANK=1.08 ADEC=1.21 TLD=1.34 KDIV=0.68 KVN=1.01 IGN=0.40 TGL=0.52 KV=1.33
  [rfly_replan t=59.9 big=0] gbest=1964.7 | EKR=1.77 EKV=0.54 EBANK=1.08 ADEC=1.21 TLD=1.34 KDIV=0.68 KVN=1.01 IGN=0.40 TGL=0.52 KV=1.33
  [rfly_replan t=69.9 big=0] gbest=1964.7 | EKR=1.77 EKV=0.54 EBANK=1.08 ADEC=1.21 TLD=1.34 KDIV=0.68 KVN=1.01 IGN=0.40 TGL=0.52 KV=1.33
  [rfly_replan t=79.9 big=0] gbest=1964.7 | EKR=1.77 EKV=0.54 EBANK=1.08 ADEC=1.21 TLD=1.34 KDIV=0.68 KVN=1.01 IGN=0.40 TGL=0.52 KV=1.33
  [rfly_replan t=89.9 big=0] gbest=1872.7 | EKR=1.84 EKV=0.37 EBANK=1.01 ADEC=1.33 TLD=1.27 KDIV=0.80 KVN=1.01 IGN=0.53 TGL=0.39 KV=1.14
  [rfly_replan t=99.9 big=0] gbest=1872.7 | EKR=1.84 EKV=0.37 EBANK=1.01 ADEC=1.33 TLD=1.27 KDIV=0.80 KVN=1.01 IGN=0.53 TGL=0.39 KV=1.14
  [rfly_replan t=110.0 big=0] gbest=1782.7 | EKR=2.14 EKV=0.34 EBANK=1.05 ADEC=1.28 TLD=1.03 KDIV=0.76 KVN=0.89 IGN=0.42 TGL=0.49 KV=1.18
  [rfly_replan t=120.0 big=0] gbest=1782.7 | EKR=2.14 EKV=0.34 EBANK=1.05 ADEC=1.28 TLD=1.03 KDIV=0.76 KVN=0.89 IGN=0.42 TGL=0.49 KV=1.18
  [rfly_replan t=0.0 big=1] gbest=411.1 | EKR=1.24 EKV=1.57 EBANK=0.72 ADEC=1.33 TLD=1.28 KDIV=0.53 KVN=0.61 IGN=0.52 TGL=0.41 KV=0.92
  [rfly_replan t=10.0 big=0] gbest=411.1 | EKR=1.24 EKV=1.57 EBANK=0.72 ADEC=1.33 TLD=1.28 KDIV=0.53 KVN=0.61 IGN=0.52 TGL=0.41 KV=0.92
  [rfly_replan t=11.3 big=0] gbest=1080.8 | EKR=1.36 EKV=1.66 EBANK=0.60 ADEC=1.47 TLD=1.46 KDIV=0.40 KVN=0.50 IGN=0.40 TGL=0.39 KV=0.93
  [rfly_replan t=21.3 big=0] gbest=1080.8 | EKR=1.36 EKV=1.66 EBANK=0.60 ADEC=1.47 TLD=1.46 KDIV=0.40 KVN=0.50 IGN=0.40 TGL=0.39 KV=0.93
  [rfly_replan t=31.3 big=0] gbest=1016.6 | EKR=1.28 EKV=1.59 EBANK=0.77 ADEC=1.47 TLD=1.43 KDIV=0.41 KVN=0.50 IGN=0.41 TGL=0.42 KV=0.97
  [rfly_replan t=32.6 big=0] gbest=995.7 | EKR=0.96 EKV=1.69 EBANK=0.69 ADEC=1.42 TLD=1.43 KDIV=0.42 KVN=0.50 IGN=0.40 TGL=0.53 KV=1.01
  [rfly_replan t=42.6 big=0] gbest=979.9 | EKR=0.87 EKV=1.74 EBANK=0.69 ADEC=1.36 TLD=1.23 KDIV=0.41 KVN=0.51 IGN=0.42 TGL=0.37 KV=1.07
  [rfly_replan t=52.6 big=0] gbest=979.9 | EKR=0.87 EKV=1.74 EBANK=0.69 ADEC=1.36 TLD=1.23 KDIV=0.41 KVN=0.51 IGN=0.42 TGL=0.37 KV=1.07
  [rfly_replan t=62.6 big=0] gbest=892.5 | EKR=0.74 EKV=1.56 EBANK=0.60 ADEC=1.36 TLD=1.18 KDIV=0.42 KVN=0.51 IGN=0.40 TGL=0.42 KV=0.92
  [rfly_replan t=72.6 big=0] gbest=892.5 | EKR=0.74 EKV=1.56 EBANK=0.60 ADEC=1.36 TLD=1.18 KDIV=0.42 KVN=0.51 IGN=0.40 TGL=0.42 KV=0.92
  [rfly_replan t=82.6 big=0] gbest=892.5 | EKR=0.74 EKV=1.56 EBANK=0.60 ADEC=1.36 TLD=1.18 KDIV=0.42 KVN=0.51 IGN=0.40 TGL=0.42 KV=0.92
  [rfly_replan t=92.6 big=0] gbest=892.5 | EKR=0.74 EKV=1.56 EBANK=0.60 ADEC=1.36 TLD=1.18 KDIV=0.42 KVN=0.51 IGN=0.40 TGL=0.42 KV=0.92
  [rfly_replan t=102.6 big=0] gbest=888.5 | EKR=0.68 EKV=1.43 EBANK=0.61 ADEC=1.34 TLD=1.20 KDIV=0.42 KVN=0.50 IGN=0.41 TGL=0.39 KV=1.11
  [rfly_replan t=112.7 big=0] gbest=888.5 | EKR=0.68 EKV=1.43 EBANK=0.61 ADEC=1.34 TLD=1.20 KDIV=0.42 KVN=0.50 IGN=0.41 TGL=0.39 KV=1.11
  [rfly_replan t=122.7 big=0] gbest=886.7 | EKR=1.03 EKV=1.22 EBANK=0.62 ADEC=1.17 TLD=0.92 KDIV=0.41 KVN=0.52 IGN=0.40 TGL=0.57 KV=0.89
  [rfly_replan t=132.7 big=0] gbest=886.7 | EKR=1.03 EKV=1.22 EBANK=0.62 ADEC=1.17 TLD=0.92 KDIV=0.41 KVN=0.52 IGN=0.40 TGL=0.57 KV=0.89
  [rfly_replan t=0.0 big=1] gbest=462.0 | EKR=0.58 EKV=0.69 EBANK=1.11 ADEC=0.88 TLD=0.37 KDIV=1.12 KVN=1.41 IGN=1.45 TGL=0.54 KV=1.55
  [rfly_replan t=5.9 big=0] gbest=1376.9 | EKR=0.86 EKV=0.69 EBANK=1.07 ADEC=1.02 TLD=0.51 KDIV=0.95 KVN=1.64 IGN=1.85 TGL=0.62 KV=1.31
  [rfly_replan t=15.9 big=0] gbest=1350.7 | EKR=0.88 EKV=0.69 EBANK=1.16 ADEC=0.97 TLD=0.76 KDIV=0.97 KVN=1.66 IGN=1.74 TGL=0.55 KV=1.36
  [rfly_replan t=26.0 big=0] gbest=1350.7 | EKR=0.88 EKV=0.69 EBANK=1.16 ADEC=0.97 TLD=0.76 KDIV=0.97 KVN=1.66 IGN=1.74 TGL=0.55 KV=1.36
  [rfly_replan t=33.4 big=0] gbest=1220.1 | EKR=1.20 EKV=0.59 EBANK=1.17 ADEC=1.01 TLD=0.84 KDIV=0.94 KVN=1.47 IGN=1.64 TGL=0.56 KV=1.38
  [rfly_replan t=43.4 big=0] gbest=1220.1 | EKR=1.20 EKV=0.59 EBANK=1.17 ADEC=1.01 TLD=0.84 KDIV=0.94 KVN=1.47 IGN=1.64 TGL=0.56 KV=1.38
  [rfly_replan t=53.4 big=0] gbest=1119.1 | EKR=1.63 EKV=0.96 EBANK=1.19 ADEC=0.89 TLD=0.82 KDIV=0.98 KVN=1.53 IGN=1.91 TGL=0.28 KV=1.33
  [rfly_replan t=63.4 big=0] gbest=1119.1 | EKR=1.63 EKV=0.96 EBANK=1.19 ADEC=0.89 TLD=0.82 KDIV=0.98 KVN=1.53 IGN=1.91 TGL=0.28 KV=1.33
  [rfly_replan t=73.4 big=0] gbest=1119.1 | EKR=1.63 EKV=0.96 EBANK=1.19 ADEC=0.89 TLD=0.82 KDIV=0.98 KVN=1.53 IGN=1.91 TGL=0.28 KV=1.33
  [rfly_replan t=83.4 big=0] gbest=1119.1 | EKR=1.63 EKV=0.96 EBANK=1.19 ADEC=0.89 TLD=0.82 KDIV=0.98 KVN=1.53 IGN=1.91 TGL=0.28 KV=1.33
  [rfly_replan t=93.4 big=0] gbest=1059.2 | EKR=1.65 EKV=0.98 EBANK=1.24 ADEC=0.87 TLD=0.89 KDIV=0.74 KVN=1.61 IGN=1.74 TGL=0.29 KV=1.44
  [rfly_replan t=103.4 big=0] gbest=977.6 | EKR=1.94 EKV=1.14 EBANK=1.22 ADEC=1.12 TLD=0.71 KDIV=0.67 KVN=1.22 IGN=1.85 TGL=0.42 KV=1.47
  [rfly_replan t=113.5 big=0] gbest=977.6 | EKR=1.94 EKV=1.14 EBANK=1.22 ADEC=1.12 TLD=0.71 KDIV=0.67 KVN=1.22 IGN=1.85 TGL=0.42 KV=1.47
  [rfly_replan t=0.0 big=1] gbest=612.0 | EKR=1.24 EKV=0.77 EBANK=1.60 ADEC=0.53 TLD=0.25 KDIV=1.38 KVN=1.15 IGN=1.50 TGL=0.00 KV=1.27
  [rfly_replan t=10.0 big=0] gbest=612.0 | EKR=1.24 EKV=0.77 EBANK=1.60 ADEC=0.53 TLD=0.25 KDIV=1.38 KVN=1.15 IGN=1.50 TGL=0.00 KV=1.27
  [rfly_replan t=14.6 big=0] gbest=16243.2 | EKR=1.25 EKV=0.30 EBANK=1.42 ADEC=0.41 TLD=0.41 KDIV=1.12 KVN=1.01 IGN=1.22 TGL=0.00 KV=1.04
  [rfly_replan t=24.6 big=0] gbest=6955.8 | EKR=1.24 EKV=0.30 EBANK=1.51 ADEC=0.40 TLD=0.29 KDIV=1.25 KVN=1.10 IGN=1.58 TGL=0.00 KV=1.00
  [rfly_replan t=31.3 big=0] gbest=6955.8 | EKR=1.24 EKV=0.30 EBANK=1.51 ADEC=0.40 TLD=0.29 KDIV=1.25 KVN=1.10 IGN=1.58 TGL=0.00 KV=1.00
  [rfly_replan t=41.3 big=0] gbest=6639.1 | EKR=1.19 EKV=0.32 EBANK=1.54 ADEC=0.40 TLD=0.38 KDIV=1.39 KVN=1.01 IGN=1.64 TGL=0.12 KV=1.01
  [rfly_replan t=51.3 big=0] gbest=6639.1 | EKR=1.19 EKV=0.32 EBANK=1.54 ADEC=0.40 TLD=0.38 KDIV=1.39 KVN=1.01 IGN=1.64 TGL=0.12 KV=1.01
  [rfly_replan t=61.3 big=0] gbest=1354.9 | EKR=1.60 EKV=0.30 EBANK=1.54 ADEC=0.65 TLD=0.49 KDIV=1.23 KVN=0.95 IGN=1.66 TGL=0.08 KV=0.79
  [rfly_replan t=71.4 big=0] gbest=1043.1 | EKR=1.75 EKV=0.30 EBANK=1.55 ADEC=0.66 TLD=0.39 KDIV=1.22 KVN=0.81 IGN=1.66 TGL=0.33 KV=0.97
  [rfly_replan t=81.4 big=0] gbest=1019.0 | EKR=1.35 EKV=0.30 EBANK=1.38 ADEC=0.83 TLD=0.25 KDIV=1.03 KVN=0.68 IGN=1.66 TGL=0.51 KV=0.97
  [rfly_replan t=91.4 big=0] gbest=1019.0 | EKR=1.35 EKV=0.30 EBANK=1.38 ADEC=0.83 TLD=0.25 KDIV=1.03 KVN=0.68 IGN=1.66 TGL=0.51 KV=0.97
  [rfly_replan t=101.4 big=0] gbest=971.6 | EKR=1.42 EKV=0.45 EBANK=1.58 ADEC=0.73 TLD=0.25 KDIV=0.98 KVN=0.83 IGN=1.61 TGL=0.64 KV=1.06
  [rfly_replan t=111.4 big=0] gbest=915.2 | EKR=1.12 EKV=0.43 EBANK=1.61 ADEC=0.77 TLD=0.25 KDIV=1.22 KVN=0.90 IGN=1.28 TGL=0.75 KV=1.07
  [rfly_replan t=121.5 big=0] gbest=888.4 | EKR=1.33 EKV=0.30 EBANK=1.63 ADEC=0.55 TLD=0.26 KDIV=1.42 KVN=0.69 IGN=1.13 TGL=1.01 KV=0.95
  [rfly_replan t=131.5 big=0] gbest=888.4 | EKR=1.33 EKV=0.30 EBANK=1.63 ADEC=0.55 TLD=0.26 KDIV=1.42 KVN=0.69 IGN=1.13 TGL=1.01 KV=0.95
  [rfly_replan t=0.0 big=1] gbest=428.0 | EKR=1.15 EKV=1.64 EBANK=1.53 ADEC=0.81 TLD=0.25 KDIV=0.55 KVN=1.72 IGN=0.66 TGL=0.03 KV=0.82
  [rfly_replan t=9.2 big=0] gbest=5490.3 | EKR=1.12 EKV=1.41 EBANK=1.75 ADEC=1.01 TLD=0.25 KDIV=0.40 KVN=1.96 IGN=0.68 TGL=0.00 KV=0.55
  [rfly_replan t=19.2 big=0] gbest=1398.5 | EKR=1.15 EKV=1.77 EBANK=1.73 ADEC=0.82 TLD=0.25 KDIV=0.40 KVN=2.04 IGN=0.70 TGL=0.01 KV=0.78
  [rfly_replan t=29.3 big=0] gbest=624.1 | EKR=1.36 EKV=1.76 EBANK=1.85 ADEC=0.89 TLD=0.25 KDIV=0.47 KVN=2.12 IGN=0.81 TGL=0.00 KV=0.81
  [rfly_replan t=31.1 big=0] gbest=624.1 | EKR=1.36 EKV=1.76 EBANK=1.85 ADEC=0.89 TLD=0.25 KDIV=0.47 KVN=2.12 IGN=0.81 TGL=0.00 KV=0.81
  [rfly_replan t=41.1 big=0] gbest=624.1 | EKR=1.36 EKV=1.76 EBANK=1.85 ADEC=0.89 TLD=0.25 KDIV=0.47 KVN=2.12 IGN=0.81 TGL=0.00 KV=0.81
  [rfly_replan t=51.1 big=0] gbest=624.1 | EKR=1.36 EKV=1.76 EBANK=1.85 ADEC=0.89 TLD=0.25 KDIV=0.47 KVN=2.12 IGN=0.81 TGL=0.00 KV=0.81
  [rfly_replan t=61.1 big=0] gbest=624.1 | EKR=1.36 EKV=1.76 EBANK=1.85 ADEC=0.89 TLD=0.25 KDIV=0.47 KVN=2.12 IGN=0.81 TGL=0.00 KV=0.81
  [rfly_replan t=71.1 big=0] gbest=565.6 | EKR=1.45 EKV=1.76 EBANK=1.78 ADEC=1.09 TLD=0.44 KDIV=0.40 KVN=2.23 IGN=0.75 TGL=0.02 KV=0.85
  [rfly_replan t=81.1 big=0] gbest=565.6 | EKR=1.45 EKV=1.76 EBANK=1.78 ADEC=1.09 TLD=0.44 KDIV=0.40 KVN=2.23 IGN=0.75 TGL=0.02 KV=0.85
  [rfly_replan t=91.2 big=0] gbest=565.6 | EKR=1.45 EKV=1.76 EBANK=1.78 ADEC=1.09 TLD=0.44 KDIV=0.40 KVN=2.23 IGN=0.75 TGL=0.02 KV=0.85
  [imu] reference LOST t=98.48 float=x gimbal rates o/m/i = -45/8/0 deg/s (limit 45) MGA=1.0
  [rfly_replan t=101.2 big=0] gbest=536.3 | EKR=1.16 EKV=1.96 EBANK=1.48 ADEC=1.02 TLD=0.39 KDIV=0.40 KVN=2.29 IGN=0.70 TGL=0.01 KV=0.87
  [rfly_replan t=111.2 big=0] gbest=536.3 | EKR=1.16 EKV=1.96 EBANK=1.48 ADEC=1.02 TLD=0.39 KDIV=0.40 KVN=2.29 IGN=0.70 TGL=0.01 KV=0.87
  [rfly_replan t=0.0 big=1] gbest=462.3 | EKR=1.29 EKV=0.75 EBANK=1.11 ADEC=0.59 TLD=0.46 KDIV=1.01 KVN=1.09 IGN=0.55 TGL=0.00 KV=1.56
  [rfly_replan t=10.0 big=0] gbest=462.3 | EKR=1.29 EKV=0.75 EBANK=1.11 ADEC=0.59 TLD=0.46 KDIV=1.01 KVN=1.09 IGN=0.55 TGL=0.00 KV=1.56
  [rfly_replan t=17.9 big=0] gbest=7739.9 | EKR=1.43 EKV=0.53 EBANK=0.93 ADEC=0.57 TLD=0.25 KDIV=1.02 KVN=0.94 IGN=0.84 TGL=0.01 KV=1.65
  [rfly_replan t=27.9 big=0] gbest=6266.5 | EKR=0.96 EKV=0.53 EBANK=0.68 ADEC=0.41 TLD=0.25 KDIV=0.92 KVN=0.78 IGN=1.12 TGL=0.00 KV=1.41
  [rfly_replan t=28.9 big=0] gbest=5915.8 | EKR=1.27 EKV=0.31 EBANK=0.67 ADEC=0.40 TLD=0.44 KDIV=0.88 KVN=0.72 IGN=1.03 TGL=0.00 KV=1.42
  [rfly_replan t=38.9 big=0] gbest=5810.8 | EKR=1.26 EKV=0.66 EBANK=0.65 ADEC=0.40 TLD=0.54 KDIV=0.70 KVN=0.61 IGN=0.93 TGL=0.01 KV=1.46
  [rfly_replan t=48.9 big=0] gbest=1649.0 | EKR=1.02 EKV=0.88 EBANK=0.75 ADEC=0.40 TLD=0.25 KDIV=0.68 KVN=0.80 IGN=0.64 TGL=0.16 KV=1.41
  [rfly_replan t=58.9 big=0] gbest=1649.0 | EKR=1.02 EKV=0.88 EBANK=0.75 ADEC=0.40 TLD=0.25 KDIV=0.68 KVN=0.80 IGN=0.64 TGL=0.16 KV=1.41
  [rfly_replan t=68.9 big=0] gbest=1386.6 | EKR=0.84 EKV=1.29 EBANK=0.74 ADEC=0.60 TLD=0.25 KDIV=0.52 KVN=0.83 IGN=0.40 TGL=0.18 KV=1.20
  [rfly_replan t=78.9 big=0] gbest=1337.4 | EKR=0.77 EKV=1.12 EBANK=0.62 ADEC=0.88 TLD=0.25 KDIV=0.65 KVN=1.06 IGN=0.68 TGL=0.38 KV=1.04
  [rfly_replan t=89.0 big=0] gbest=1337.4 | EKR=0.77 EKV=1.12 EBANK=0.62 ADEC=0.88 TLD=0.25 KDIV=0.65 KVN=1.06 IGN=0.68 TGL=0.38 KV=1.04
  [rfly_replan t=99.0 big=0] gbest=1337.4 | EKR=0.77 EKV=1.12 EBANK=0.62 ADEC=0.88 TLD=0.25 KDIV=0.65 KVN=1.06 IGN=0.68 TGL=0.38 KV=1.04
  [rfly_replan t=109.0 big=0] gbest=1180.7 | EKR=0.96 EKV=0.91 EBANK=0.61 ADEC=0.82 TLD=0.30 KDIV=0.98 KVN=0.77 IGN=0.58 TGL=0.26 KV=1.10
  [rfly_replan t=119.0 big=0] gbest=920.9 | EKR=0.70 EKV=0.61 EBANK=0.72 ADEC=0.91 TLD=0.25 KDIV=0.81 KVN=0.68 IGN=0.62 TGL=0.17 KV=1.11
  [rfly_replan t=129.0 big=0] gbest=920.9 | EKR=0.70 EKV=0.61 EBANK=0.72 ADEC=0.91 TLD=0.25 KDIV=0.81 KVN=0.68 IGN=0.62 TGL=0.17 KV=1.11
  [rfly_replan t=0.0 big=1] gbest=485.2 | EKR=1.19 EKV=1.14 EBANK=1.56 ADEC=0.83 TLD=0.36 KDIV=0.71 KVN=0.65 IGN=1.77 TGL=0.18 KV=1.39
  [rfly_replan t=10.0 big=0] gbest=352.2 | EKR=0.91 EKV=1.39 EBANK=1.54 ADEC=0.83 TLD=0.25 KDIV=0.65 KVN=0.63 IGN=2.20 TGL=0.28 KV=1.21
  [rfly_replan t=12.5 big=0] gbest=978.5 | EKR=1.49 EKV=0.64 EBANK=1.40 ADEC=0.88 TLD=0.36 KDIV=0.53 KVN=0.61 IGN=2.21 TGL=0.24 KV=1.10
  [rfly_replan t=22.6 big=0] gbest=923.4 | EKR=1.57 EKV=1.01 EBANK=1.79 ADEC=0.84 TLD=0.47 KDIV=0.47 KVN=0.50 IGN=2.22 TGL=0.19 KV=1.04
  [rfly_replan t=32.6 big=0] gbest=923.4 | EKR=1.57 EKV=1.01 EBANK=1.79 ADEC=0.84 TLD=0.47 KDIV=0.47 KVN=0.50 IGN=2.22 TGL=0.19 KV=1.04
  [rfly_replan t=32.9 big=0] gbest=923.4 | EKR=1.57 EKV=1.01 EBANK=1.79 ADEC=0.84 TLD=0.47 KDIV=0.47 KVN=0.50 IGN=2.22 TGL=0.19 KV=1.04
  [rfly_replan t=42.9 big=0] gbest=923.4 | EKR=1.57 EKV=1.01 EBANK=1.79 ADEC=0.84 TLD=0.47 KDIV=0.47 KVN=0.50 IGN=2.22 TGL=0.19 KV=1.04
  [rfly_replan t=52.9 big=0] gbest=923.4 | EKR=1.57 EKV=1.01 EBANK=1.79 ADEC=0.84 TLD=0.47 KDIV=0.47 KVN=0.50 IGN=2.22 TGL=0.19 KV=1.04
  [rfly_replan t=62.9 big=0] gbest=923.4 | EKR=1.57 EKV=1.01 EBANK=1.79 ADEC=0.84 TLD=0.47 KDIV=0.47 KVN=0.50 IGN=2.22 TGL=0.19 KV=1.04
  [rfly_replan t=72.9 big=0] gbest=923.4 | EKR=1.57 EKV=1.01 EBANK=1.79 ADEC=0.84 TLD=0.47 KDIV=0.47 KVN=0.50 IGN=2.22 TGL=0.19 KV=1.04
  [rfly_replan t=82.9 big=0] gbest=923.4 | EKR=1.57 EKV=1.01 EBANK=1.79 ADEC=0.84 TLD=0.47 KDIV=0.47 KVN=0.50 IGN=2.22 TGL=0.19 KV=1.04
  [rfly_replan t=92.9 big=0] gbest=880.4 | EKR=1.60 EKV=0.96 EBANK=1.53 ADEC=0.82 TLD=0.44 KDIV=0.42 KVN=0.50 IGN=1.99 TGL=0.18 KV=0.97
  [rfly_replan t=102.9 big=0] gbest=785.6 | EKR=1.42 EKV=0.83 EBANK=1.33 ADEC=0.87 TLD=0.56 KDIV=0.43 KVN=0.56 IGN=2.20 TGL=0.10 KV=0.98
  [rfly_replan t=113.0 big=0] gbest=707.5 | EKR=1.32 EKV=0.81 EBANK=1.26 ADEC=0.75 TLD=0.66 KDIV=0.41 KVN=0.53 IGN=2.03 TGL=0.13 KV=1.09
  [rfly_replan t=123.0 big=0] gbest=645.4 | EKR=1.49 EKV=0.95 EBANK=0.70 ADEC=0.89 TLD=0.28 KDIV=0.41 KVN=0.53 IGN=2.62 TGL=0.22 KV=1.21
  [rfly_replan t=133.0 big=0] gbest=645.4 | EKR=1.49 EKV=0.95 EBANK=0.70 ADEC=0.89 TLD=0.28 KDIV=0.41 KVN=0.53 IGN=2.62 TGL=0.22 KV=1.21
  [rfly_replan t=0.0 big=1] gbest=474.7 | EKR=0.68 EKV=1.06 EBANK=0.79 ADEC=0.71 TLD=1.84 KDIV=1.09 KVN=0.72 IGN=0.49 TGL=0.00 KV=1.28
  [rfly_replan t=7.2 big=0] gbest=6117.8 | EKR=0.83 EKV=1.16 EBANK=0.68 ADEC=0.88 TLD=1.84 KDIV=1.22 KVN=0.57 IGN=0.56 TGL=0.09 KV=1.41
  [rfly_replan t=17.2 big=0] gbest=1262.2 | EKR=0.88 EKV=1.53 EBANK=0.74 ADEC=1.05 TLD=1.67 KDIV=1.07 KVN=0.50 IGN=0.80 TGL=0.09 KV=1.42
  [rfly_replan t=27.2 big=0] gbest=1262.2 | EKR=0.88 EKV=1.53 EBANK=0.74 ADEC=1.05 TLD=1.67 KDIV=1.07 KVN=0.50 IGN=0.80 TGL=0.09 KV=1.42
  [rfly_replan t=36.0 big=0] gbest=1262.2 | EKR=0.88 EKV=1.53 EBANK=0.74 ADEC=1.05 TLD=1.67 KDIV=1.07 KVN=0.50 IGN=0.80 TGL=0.09 KV=1.42
  [rfly_replan t=46.0 big=0] gbest=1262.2 | EKR=0.88 EKV=1.53 EBANK=0.74 ADEC=1.05 TLD=1.67 KDIV=1.07 KVN=0.50 IGN=0.80 TGL=0.09 KV=1.42
  [rfly_replan t=56.0 big=0] gbest=1262.2 | EKR=0.88 EKV=1.53 EBANK=0.74 ADEC=1.05 TLD=1.67 KDIV=1.07 KVN=0.50 IGN=0.80 TGL=0.09 KV=1.42
  [rfly_replan t=66.0 big=0] gbest=1262.2 | EKR=0.88 EKV=1.53 EBANK=0.74 ADEC=1.05 TLD=1.67 KDIV=1.07 KVN=0.50 IGN=0.80 TGL=0.09 KV=1.42
  [rfly_replan t=76.0 big=0] gbest=1262.2 | EKR=0.88 EKV=1.53 EBANK=0.74 ADEC=1.05 TLD=1.67 KDIV=1.07 KVN=0.50 IGN=0.80 TGL=0.09 KV=1.42
  [rfly_replan t=86.0 big=0] gbest=1262.2 | EKR=0.88 EKV=1.53 EBANK=0.74 ADEC=1.05 TLD=1.67 KDIV=1.07 KVN=0.50 IGN=0.80 TGL=0.09 KV=1.42
  [rfly_replan t=96.0 big=0] gbest=1259.8 | EKR=1.17 EKV=1.30 EBANK=0.96 ADEC=0.90 TLD=1.51 KDIV=1.20 KVN=0.65 IGN=0.65 TGL=0.00 KV=1.23
  [rfly_replan t=106.0 big=0] gbest=1176.5 | EKR=0.95 EKV=1.53 EBANK=0.85 ADEC=1.06 TLD=1.35 KDIV=1.27 KVN=0.75 IGN=0.55 TGL=0.00 KV=1.38
  [rfly_replan t=116.1 big=0] gbest=1083.4 | EKR=1.02 EKV=1.50 EBANK=0.68 ADEC=1.05 TLD=1.35 KDIV=1.41 KVN=0.73 IGN=0.54 TGL=0.00 KV=1.39
  [rfly_replan t=126.1 big=0] gbest=1078.5 | EKR=1.00 EKV=1.57 EBANK=0.90 ADEC=1.10 TLD=1.11 KDIV=1.57 KVN=0.59 IGN=0.81 TGL=0.16 KV=1.69
  [rfly_replan t=136.1 big=0] gbest=1078.5 | EKR=1.00 EKV=1.57 EBANK=0.90 ADEC=1.10 TLD=1.11 KDIV=1.57 KVN=0.59 IGN=0.81 TGL=0.16 KV=1.69
  [rfly_replan t=0.0 big=1] gbest=685.1 | EKR=1.19 EKV=1.14 EBANK=1.56 ADEC=0.83 TLD=0.36 KDIV=0.71 KVN=0.65 IGN=1.77 TGL=0.18 KV=1.39
  [rfly_replan t=10.0 big=0] gbest=664.2 | EKR=1.15 EKV=1.09 EBANK=1.58 ADEC=0.85 TLD=0.33 KDIV=0.69 KVN=0.70 IGN=1.58 TGL=0.15 KV=1.38
  [rfly_replan t=15.9 big=0] gbest=20570.4 | EKR=1.46 EKV=1.05 EBANK=1.50 ADEC=0.68 TLD=0.25 KDIV=0.40 KVN=0.75 IGN=1.81 TGL=0.19 KV=1.70
  [rfly_replan t=25.9 big=0] gbest=7186.0 | EKR=1.87 EKV=0.75 EBANK=1.58 ADEC=0.77 TLD=0.26 KDIV=0.40 KVN=0.80 IGN=1.55 TGL=0.20 KV=1.53
  [rfly_replan t=30.4 big=0] gbest=6705.4 | EKR=1.69 EKV=0.65 EBANK=1.77 ADEC=0.86 TLD=0.56 KDIV=0.40 KVN=0.83 IGN=1.56 TGL=0.00 KV=1.42
  [rfly_replan t=40.4 big=0] gbest=1856.3 | EKR=1.93 EKV=0.51 EBANK=2.01 ADEC=0.96 TLD=0.62 KDIV=0.40 KVN=1.18 IGN=1.67 TGL=0.00 KV=1.86
  [rfly_replan t=50.4 big=0] gbest=1856.3 | EKR=1.93 EKV=0.51 EBANK=2.01 ADEC=0.96 TLD=0.62 KDIV=0.40 KVN=1.18 IGN=1.67 TGL=0.00 KV=1.86
  [rfly_replan t=60.4 big=0] gbest=1628.1 | EKR=2.11 EKV=0.30 EBANK=2.07 ADEC=1.13 TLD=0.81 KDIV=0.40 KVN=1.00 IGN=1.87 TGL=0.00 KV=1.97
  [rfly_replan t=70.4 big=0] gbest=1628.1 | EKR=2.11 EKV=0.30 EBANK=2.07 ADEC=1.13 TLD=0.81 KDIV=0.40 KVN=1.00 IGN=1.87 TGL=0.00 KV=1.97
  [rfly_replan t=80.5 big=0] gbest=1628.1 | EKR=2.11 EKV=0.30 EBANK=2.07 ADEC=1.13 TLD=0.81 KDIV=0.40 KVN=1.00 IGN=1.87 TGL=0.00 KV=1.97
  [rfly_replan t=90.5 big=0] gbest=1628.1 | EKR=2.11 EKV=0.30 EBANK=2.07 ADEC=1.13 TLD=0.81 KDIV=0.40 KVN=1.00 IGN=1.87 TGL=0.00 KV=1.97
  [rfly_replan t=100.5 big=0] gbest=1511.1 | EKR=2.18 EKV=0.31 EBANK=2.02 ADEC=1.18 TLD=1.31 KDIV=0.41 KVN=0.83 IGN=1.72 TGL=0.00 KV=2.01
  [rfly_replan t=110.5 big=0] gbest=1376.6 | EKR=2.02 EKV=0.32 EBANK=2.04 ADEC=1.31 TLD=1.23 KDIV=0.40 KVN=0.77 IGN=1.75 TGL=0.00 KV=1.96
  [rfly_replan t=120.5 big=0] gbest=1246.4 | EKR=2.05 EKV=0.30 EBANK=2.06 ADEC=1.76 TLD=1.20 KDIV=0.40 KVN=0.66 IGN=1.75 TGL=0.00 KV=2.14
  [rfly_replan t=130.6 big=0] gbest=1110.3 | EKR=2.31 EKV=0.39 EBANK=2.07 ADEC=1.66 TLD=1.11 KDIV=0.40 KVN=0.53 IGN=1.77 TGL=0.13 KV=2.30
  [imu] reference LOST t=132.09 float=x gimbal rates o/m/i = -45/6/1 deg/s (limit 45) MGA=-10.4
  [rfly_replan t=140.6 big=0] gbest=1110.3 | EKR=2.31 EKV=0.39 EBANK=2.07 ADEC=1.66 TLD=1.11 KDIV=0.40 KVN=0.53 IGN=1.77 TGL=0.13 KV=2.30
  [rfly_replan t=0.0 big=1] gbest=389.5 | EKR=1.19 EKV=1.14 EBANK=1.56 ADEC=0.83 TLD=0.36 KDIV=0.71 KVN=0.65 IGN=1.77 TGL=0.18 KV=1.39
  [rfly_replan t=10.0 big=0] gbest=389.5 | EKR=1.19 EKV=1.14 EBANK=1.56 ADEC=0.83 TLD=0.36 KDIV=0.71 KVN=0.65 IGN=1.77 TGL=0.18 KV=1.39
  [rfly_replan t=10.5 big=0] gbest=22642.6 | EKR=0.89 EKV=1.35 EBANK=1.47 ADEC=0.88 TLD=0.25 KDIV=0.92 KVN=0.51 IGN=1.51 TGL=0.17 KV=1.41
  [rfly_replan t=20.5 big=0] gbest=1311.5 | EKR=0.74 EKV=1.55 EBANK=1.30 ADEC=0.80 TLD=0.48 KDIV=1.08 KVN=0.77 IGN=1.63 TGL=0.00 KV=1.54
  [rfly_replan t=30.5 big=0] gbest=1311.5 | EKR=0.74 EKV=1.55 EBANK=1.30 ADEC=0.80 TLD=0.48 KDIV=1.08 KVN=0.77 IGN=1.63 TGL=0.00 KV=1.54
  [rfly_replan t=33.1 big=0] gbest=1311.5 | EKR=0.74 EKV=1.55 EBANK=1.30 ADEC=0.80 TLD=0.48 KDIV=1.08 KVN=0.77 IGN=1.63 TGL=0.00 KV=1.54
  [rfly_replan t=43.1 big=0] gbest=1311.5 | EKR=0.74 EKV=1.55 EBANK=1.30 ADEC=0.80 TLD=0.48 KDIV=1.08 KVN=0.77 IGN=1.63 TGL=0.00 KV=1.54
  [rfly_replan t=53.1 big=0] gbest=1311.5 | EKR=0.74 EKV=1.55 EBANK=1.30 ADEC=0.80 TLD=0.48 KDIV=1.08 KVN=0.77 IGN=1.63 TGL=0.00 KV=1.54
  [rfly_replan t=63.1 big=0] gbest=1311.5 | EKR=0.74 EKV=1.55 EBANK=1.30 ADEC=0.80 TLD=0.48 KDIV=1.08 KVN=0.77 IGN=1.63 TGL=0.00 KV=1.54
  [rfly_replan t=73.1 big=0] gbest=1311.5 | EKR=0.74 EKV=1.55 EBANK=1.30 ADEC=0.80 TLD=0.48 KDIV=1.08 KVN=0.77 IGN=1.63 TGL=0.00 KV=1.54
  [rfly_replan t=83.1 big=0] gbest=1311.5 | EKR=0.74 EKV=1.55 EBANK=1.30 ADEC=0.80 TLD=0.48 KDIV=1.08 KVN=0.77 IGN=1.63 TGL=0.00 KV=1.54
  [rfly_replan t=93.1 big=0] gbest=1223.1 | EKR=0.95 EKV=1.45 EBANK=1.30 ADEC=0.84 TLD=0.25 KDIV=1.35 KVN=0.60 IGN=1.55 TGL=0.05 KV=1.56
  [rfly_replan t=103.1 big=0] gbest=1100.3 | EKR=0.79 EKV=1.48 EBANK=1.28 ADEC=0.83 TLD=0.26 KDIV=1.34 KVN=0.50 IGN=1.54 TGL=0.03 KV=1.55
  [rfly_replan t=113.2 big=0] gbest=946.0 | EKR=0.30 EKV=1.49 EBANK=1.49 ADEC=0.83 TLD=0.26 KDIV=1.53 KVN=0.50 IGN=1.53 TGL=0.00 KV=1.78
  [rfly_replan t=123.2 big=0] gbest=930.4 | EKR=0.30 EKV=1.15 EBANK=1.46 ADEC=0.83 TLD=0.27 KDIV=1.60 KVN=0.51 IGN=1.47 TGL=0.01 KV=1.51
  [rfly_replan t=133.2 big=0] gbest=930.4 | EKR=0.30 EKV=1.15 EBANK=1.46 ADEC=0.83 TLD=0.27 KDIV=1.60 KVN=0.51 IGN=1.47 TGL=0.01 KV=1.51
  [rfly_replan t=0.0 big=1] gbest=583.3 | EKR=0.58 EKV=0.69 EBANK=1.11 ADEC=0.88 TLD=0.37 KDIV=1.12 KVN=1.41 IGN=1.45 TGL=0.54 KV=1.55
  [rfly_replan t=5.2 big=0] gbest=4380.6 | EKR=0.57 EKV=0.56 EBANK=0.97 ADEC=0.95 TLD=0.31 KDIV=1.14 KVN=1.39 IGN=1.63 TGL=0.68 KV=1.77
  [rfly_replan t=15.2 big=0] gbest=1284.6 | EKR=0.30 EKV=0.76 EBANK=1.24 ADEC=0.78 TLD=0.43 KDIV=0.79 KVN=1.37 IGN=1.75 TGL=0.60 KV=1.97
  [rfly_replan t=25.2 big=0] gbest=1284.6 | EKR=0.30 EKV=0.76 EBANK=1.24 ADEC=0.78 TLD=0.43 KDIV=0.79 KVN=1.37 IGN=1.75 TGL=0.60 KV=1.97
  [rfly_replan t=35.0 big=0] gbest=1284.6 | EKR=0.30 EKV=0.76 EBANK=1.24 ADEC=0.78 TLD=0.43 KDIV=0.79 KVN=1.37 IGN=1.75 TGL=0.60 KV=1.97
  [rfly_replan t=45.0 big=0] gbest=1284.6 | EKR=0.30 EKV=0.76 EBANK=1.24 ADEC=0.78 TLD=0.43 KDIV=0.79 KVN=1.37 IGN=1.75 TGL=0.60 KV=1.97
  [rfly_replan t=55.0 big=0] gbest=1074.7 | EKR=0.31 EKV=1.18 EBANK=1.18 ADEC=0.80 TLD=0.27 KDIV=0.93 KVN=1.58 IGN=1.82 TGL=0.63 KV=2.08
  [rfly_replan t=65.0 big=0] gbest=1004.8 | EKR=0.50 EKV=1.12 EBANK=1.33 ADEC=0.77 TLD=0.28 KDIV=1.08 KVN=1.51 IGN=1.62 TGL=0.50 KV=2.15
  [rfly_replan t=75.0 big=0] gbest=901.0 | EKR=0.97 EKV=1.44 EBANK=1.45 ADEC=0.90 TLD=0.30 KDIV=0.97 KVN=1.50 IGN=1.70 TGL=0.49 KV=2.18
  [rfly_replan t=85.1 big=0] gbest=901.0 | EKR=0.97 EKV=1.44 EBANK=1.45 ADEC=0.90 TLD=0.30 KDIV=0.97 KVN=1.50 IGN=1.70 TGL=0.49 KV=2.18
  [rfly_replan t=95.1 big=0] gbest=797.9 | EKR=1.22 EKV=1.36 EBANK=1.29 ADEC=0.95 TLD=0.28 KDIV=0.93 KVN=1.15 IGN=1.43 TGL=0.51 KV=2.20
  [rfly_replan t=105.1 big=0] gbest=674.0 | EKR=0.94 EKV=1.17 EBANK=1.10 ADEC=0.83 TLD=0.25 KDIV=0.86 KVN=0.99 IGN=1.52 TGL=0.75 KV=2.32
  [rfly_replan t=115.1 big=0] gbest=674.0 | EKR=0.94 EKV=1.17 EBANK=1.10 ADEC=0.83 TLD=0.25 KDIV=0.86 KVN=0.99 IGN=1.52 TGL=0.75 KV=2.32
