  [rfly_replan t=0.0 big=1] gbest=487.1 | EKR=1.41 EKV=1.68 EBANK=0.66 ADEC=1.31 TLD=1.52 KDIV=0.56 KVN=1.52 IGN=0.40 TGL=0.00 KV=0.82
  [rfly_replan t=10.0 big=0] gbest=398.6 | EKR=1.37 EKV=1.64 EBANK=0.67 ADEC=1.32 TLD=1.49 KDIV=0.54 KVN=1.58 IGN=0.40 TGL=0.00 KV=0.82
  [rfly_replan t=12.7 big=0] gbest=1044.8 | EKR=1.74 EKV=1.93 EBANK=0.99 ADEC=1.23 TLD=1.72 KDIV=0.40 KVN=1.41 IGN=0.48 TGL=0.15 KV=0.84
  [rfly_replan t=22.7 big=0] gbest=1044.8 | EKR=1.74 EKV=1.93 EBANK=0.99 ADEC=1.23 TLD=1.72 KDIV=0.40 KVN=1.41 IGN=0.48 TGL=0.15 KV=0.84
  [rfly_replan t=30.8 big=0] gbest=1010.9 | EKR=2.07 EKV=1.92 EBANK=0.81 ADEC=0.97 TLD=1.76 KDIV=0.41 KVN=1.56 IGN=0.40 TGL=0.21 KV=1.04
  [rfly_replan t=40.8 big=0] gbest=729.2 | EKR=2.00 EKV=1.92 EBANK=0.94 ADEC=0.96 TLD=1.48 KDIV=0.40 KVN=1.58 IGN=0.40 TGL=0.03 KV=1.04
  [rfly_replan t=50.8 big=0] gbest=729.2 | EKR=2.00 EKV=1.92 EBANK=0.94 ADEC=0.96 TLD=1.48 KDIV=0.40 KVN=1.58 IGN=0.40 TGL=0.03 KV=1.04
  [rfly_replan t=60.8 big=0] gbest=729.2 | EKR=2.00 EKV=1.92 EBANK=0.94 ADEC=0.96 TLD=1.48 KDIV=0.40 KVN=1.58 IGN=0.40 TGL=0.03 KV=1.04
  [rfly_replan t=70.8 big=0] gbest=729.2 | EKR=2.00 EKV=1.92 EBANK=0.94 ADEC=0.96 TLD=1.48 KDIV=0.40 KVN=1.58 IGN=0.40 TGL=0.03 KV=1.04
  [rfly_replan t=80.8 big=0] gbest=729.2 | EKR=2.00 EKV=1.92 EBANK=0.94 ADEC=0.96 TLD=1.48 KDIV=0.40 KVN=1.58 IGN=0.40 TGL=0.03 KV=1.04
  [rfly_replan t=90.9 big=0] gbest=729.2 | EKR=2.00 EKV=1.92 EBANK=0.94 ADEC=0.96 TLD=1.48 KDIV=0.40 KVN=1.58 IGN=0.40 TGL=0.03 KV=1.04
  [rfly_replan t=100.9 big=0] gbest=719.1 | EKR=1.71 EKV=1.70 EBANK=0.80 ADEC=0.86 TLD=1.46 KDIV=0.40 KVN=1.61 IGN=0.41 TGL=0.04 KV=0.90
  [rfly_replan t=110.9 big=0] gbest=658.8 | EKR=1.61 EKV=1.86 EBANK=0.65 ADEC=0.87 TLD=1.41 KDIV=0.40 KVN=1.61 IGN=0.79 TGL=0.00 KV=1.07
  [imu] reference LOST t=111.67 float=x gimbal rates o/m/i = -90/0/-4 deg/s (limit 90) MGA=0.2
  [rfly_replan t=120.9 big=0] gbest=658.8 | EKR=1.61 EKV=1.86 EBANK=0.65 ADEC=0.87 TLD=1.41 KDIV=0.40 KVN=1.61 IGN=0.79 TGL=0.00 KV=1.07
  [rfly_replan t=0.0 big=1] gbest=348.3 | EKR=1.19 EKV=1.14 EBANK=1.56 ADEC=0.83 TLD=0.36 KDIV=0.71 KVN=0.65 IGN=1.77 TGL=0.18 KV=1.39
  [rfly_replan t=7.3 big=0] gbest=1276.5 | EKR=0.92 EKV=1.36 EBANK=2.01 ADEC=1.16 TLD=0.51 KDIV=0.44 KVN=0.56 IGN=1.72 TGL=0.20 KV=1.24
  [rfly_replan t=17.3 big=0] gbest=1040.2 | EKR=1.03 EKV=1.44 EBANK=2.21 ADEC=1.28 TLD=0.71 KDIV=0.40 KVN=0.50 IGN=1.68 TGL=0.35 KV=1.31
  [rfly_replan t=27.3 big=0] gbest=326.0 | EKR=1.66 EKV=1.41 EBANK=2.53 ADEC=1.30 TLD=0.63 KDIV=0.40 KVN=0.61 IGN=1.75 TGL=0.57 KV=1.37
  [rfly_replan t=33.1 big=0] gbest=244.6 | EKR=1.67 EKV=1.30 EBANK=2.37 ADEC=1.46 TLD=0.44 KDIV=0.40 KVN=0.55 IGN=1.77 TGL=0.69 KV=1.06
  [rfly_replan t=43.1 big=0] gbest=244.6 | EKR=1.67 EKV=1.30 EBANK=2.37 ADEC=1.46 TLD=0.44 KDIV=0.40 KVN=0.55 IGN=1.77 TGL=0.69 KV=1.06
  [rfly_replan t=53.1 big=0] gbest=244.6 | EKR=1.67 EKV=1.30 EBANK=2.37 ADEC=1.46 TLD=0.44 KDIV=0.40 KVN=0.55 IGN=1.77 TGL=0.69 KV=1.06
  [rfly_replan t=63.1 big=0] gbest=164.7 | EKR=1.75 EKV=1.07 EBANK=2.24 ADEC=1.37 TLD=0.36 KDIV=0.41 KVN=0.54 IGN=1.69 TGL=0.68 KV=0.93
  [rfly_replan t=73.2 big=0] gbest=164.7 | EKR=1.75 EKV=1.07 EBANK=2.24 ADEC=1.37 TLD=0.36 KDIV=0.41 KVN=0.54 IGN=1.69 TGL=0.68 KV=0.93
  [rfly_replan t=83.2 big=0] gbest=164.7 | EKR=1.75 EKV=1.07 EBANK=2.24 ADEC=1.37 TLD=0.36 KDIV=0.41 KVN=0.54 IGN=1.69 TGL=0.68 KV=0.93
  [rfly_replan t=93.2 big=0] gbest=164.7 | EKR=1.75 EKV=1.07 EBANK=2.24 ADEC=1.37 TLD=0.36 KDIV=0.41 KVN=0.54 IGN=1.69 TGL=0.68 KV=0.93
  [rfly_replan t=103.2 big=0] gbest=164.7 | EKR=1.75 EKV=1.07 EBANK=2.24 ADEC=1.37 TLD=0.36 KDIV=0.41 KVN=0.54 IGN=1.69 TGL=0.68 KV=0.93
  [rfly_replan t=113.2 big=0] gbest=159.1 | EKR=1.74 EKV=1.04 EBANK=2.27 ADEC=1.36 TLD=0.31 KDIV=0.43 KVN=0.50 IGN=1.72 TGL=0.56 KV=0.90
  [rfly_replan t=0.0 big=1] gbest=503.8 | EKR=0.54 EKV=0.71 EBANK=1.45 ADEC=0.60 TLD=0.25 KDIV=0.72 KVN=1.80 IGN=0.59 TGL=0.13 KV=0.81
  [rfly_replan t=10.0 big=0] gbest=503.8 | EKR=0.54 EKV=0.71 EBANK=1.45 ADEC=0.60 TLD=0.25 KDIV=0.72 KVN=1.80 IGN=0.59 TGL=0.13 KV=0.81
  [rfly_replan t=16.0 big=0] gbest=52116.2 | EKR=0.82 EKV=0.69 EBANK=1.10 ADEC=0.61 TLD=0.28 KDIV=0.71 KVN=2.01 IGN=0.40 TGL=0.12 KV=0.95
  [rfly_replan t=26.0 big=0] gbest=17719.7 | EKR=1.11 EKV=0.91 EBANK=1.02 ADEC=0.70 TLD=0.25 KDIV=0.68 KVN=2.07 IGN=0.40 TGL=0.23 KV=0.96
  [rfly_replan t=30.0 big=0] gbest=17719.7 | EKR=1.11 EKV=0.91 EBANK=1.02 ADEC=0.70 TLD=0.25 KDIV=0.68 KVN=2.07 IGN=0.40 TGL=0.23 KV=0.96
  [rfly_replan t=40.0 big=0] gbest=17100.1 | EKR=1.10 EKV=0.86 EBANK=1.07 ADEC=0.96 TLD=0.64 KDIV=0.77 KVN=2.08 IGN=0.42 TGL=0.23 KV=0.95
  [rfly_replan t=50.0 big=0] gbest=17100.1 | EKR=1.10 EKV=0.86 EBANK=1.07 ADEC=0.96 TLD=0.64 KDIV=0.77 KVN=2.08 IGN=0.42 TGL=0.23 KV=0.95
  [rfly_replan t=60.0 big=0] gbest=16134.0 | EKR=1.65 EKV=1.10 EBANK=1.12 ADEC=0.96 TLD=0.66 KDIV=0.74 KVN=1.96 IGN=0.75 TGL=0.30 KV=0.96
  [rfly_replan t=70.0 big=0] gbest=16134.0 | EKR=1.65 EKV=1.10 EBANK=1.12 ADEC=0.96 TLD=0.66 KDIV=0.74 KVN=1.96 IGN=0.75 TGL=0.30 KV=0.96
  [rfly_replan t=80.0 big=0] gbest=16134.0 | EKR=1.65 EKV=1.10 EBANK=1.12 ADEC=0.96 TLD=0.66 KDIV=0.74 KVN=1.96 IGN=0.75 TGL=0.30 KV=0.96
  [rfly_replan t=90.1 big=0] gbest=15862.6 | EKR=1.42 EKV=0.90 EBANK=0.93 ADEC=1.17 TLD=0.68 KDIV=0.68 KVN=1.70 IGN=0.79 TGL=0.33 KV=1.08
  [rfly_replan t=100.1 big=0] gbest=13708.9 | EKR=1.18 EKV=0.51 EBANK=0.94 ADEC=1.46 TLD=0.74 KDIV=0.48 KVN=1.84 IGN=0.40 TGL=0.29 KV=1.18
  [rfly_replan t=110.1 big=0] gbest=10190.6 | EKR=0.98 EKV=0.66 EBANK=1.17 ADEC=1.72 TLD=0.41 KDIV=0.71 KVN=1.88 IGN=0.42 TGL=0.24 KV=1.27
  [rfly_replan t=120.1 big=0] gbest=10099.7 | EKR=0.69 EKV=1.17 EBANK=1.53 ADEC=1.74 TLD=0.26 KDIV=0.86 KVN=2.02 IGN=0.40 TGL=0.43 KV=1.22
  [rfly_replan t=0.0 big=1] gbest=518.9 | EKR=1.21 EKV=0.87 EBANK=1.58 ADEC=1.05 TLD=0.67 KDIV=0.40 KVN=0.81 IGN=0.97 TGL=0.46 KV=1.10
  [rfly_replan t=10.0 big=0] gbest=518.9 | EKR=1.21 EKV=0.87 EBANK=1.58 ADEC=1.05 TLD=0.67 KDIV=0.40 KVN=0.81 IGN=0.97 TGL=0.46 KV=1.10
  [rfly_replan t=10.6 big=0] gbest=11894.6 | EKR=0.75 EKV=1.10 EBANK=1.44 ADEC=1.12 TLD=0.30 KDIV=0.50 KVN=1.18 IGN=1.29 TGL=0.42 KV=1.38
  [rfly_replan t=20.6 big=0] gbest=857.3 | EKR=0.85 EKV=1.31 EBANK=1.35 ADEC=0.66 TLD=0.25 KDIV=0.62 KVN=0.97 IGN=1.30 TGL=0.38 KV=1.48
  [rfly_replan t=30.7 big=0] gbest=647.2 | EKR=0.58 EKV=1.35 EBANK=1.43 ADEC=0.73 TLD=0.25 KDIV=0.61 KVN=0.93 IGN=1.13 TGL=0.37 KV=1.50
  [rfly_replan t=32.2 big=0] gbest=478.5 | EKR=0.84 EKV=1.11 EBANK=1.23 ADEC=0.77 TLD=0.25 KDIV=0.68 KVN=0.79 IGN=1.20 TGL=0.36 KV=1.52
  [rfly_replan t=42.2 big=0] gbest=478.5 | EKR=0.84 EKV=1.11 EBANK=1.23 ADEC=0.77 TLD=0.25 KDIV=0.68 KVN=0.79 IGN=1.20 TGL=0.36 KV=1.52
  [rfly_replan t=52.2 big=0] gbest=478.5 | EKR=0.84 EKV=1.11 EBANK=1.23 ADEC=0.77 TLD=0.25 KDIV=0.68 KVN=0.79 IGN=1.20 TGL=0.36 KV=1.52
  [rfly_replan t=62.2 big=0] gbest=458.7 | EKR=0.86 EKV=1.17 EBANK=1.28 ADEC=0.77 TLD=0.25 KDIV=0.69 KVN=0.82 IGN=0.97 TGL=0.48 KV=1.42
  [rfly_replan t=72.2 big=0] gbest=458.7 | EKR=0.86 EKV=1.17 EBANK=1.28 ADEC=0.77 TLD=0.25 KDIV=0.69 KVN=0.82 IGN=0.97 TGL=0.48 KV=1.42
  [rfly_replan t=82.2 big=0] gbest=458.7 | EKR=0.86 EKV=1.17 EBANK=1.28 ADEC=0.77 TLD=0.25 KDIV=0.69 KVN=0.82 IGN=0.97 TGL=0.48 KV=1.42
  [rfly_replan t=92.2 big=0] gbest=368.4 | EKR=0.91 EKV=1.34 EBANK=1.27 ADEC=0.70 TLD=0.65 KDIV=0.65 KVN=0.75 IGN=1.08 TGL=0.46 KV=1.38
  [rfly_replan t=102.3 big=0] gbest=349.6 | EKR=0.91 EKV=1.34 EBANK=1.27 ADEC=0.70 TLD=0.65 KDIV=0.65 KVN=0.75 IGN=1.08 TGL=0.46 KV=1.38
  [rfly_replan t=112.3 big=0] gbest=368.4 | EKR=0.91 EKV=1.34 EBANK=1.27 ADEC=0.70 TLD=0.65 KDIV=0.65 KVN=0.75 IGN=1.08 TGL=0.46 KV=1.38
  [imu] reference LOST t=114.39 float=x gimbal rates o/m/i = -90/-5/-5 deg/s (limit 90) MGA=5.6
  [rfly_replan t=122.3 big=0] gbest=365.6 | EKR=0.73 EKV=0.93 EBANK=1.32 ADEC=0.70 TLD=0.54 KDIV=0.78 KVN=0.66 IGN=0.89 TGL=0.62 KV=1.22
  [rfly_replan t=0.0 big=1] gbest=274.0 | EKR=1.36 EKV=0.73 EBANK=1.60 ADEC=0.85 TLD=0.68 KDIV=0.74 KVN=0.93 IGN=0.49 TGL=0.01 KV=1.36
  [rfly_replan t=5.3 big=0] gbest=1049.1 | EKR=1.18 EKV=1.07 EBANK=1.72 ADEC=0.81 TLD=0.76 KDIV=0.89 KVN=0.84 IGN=0.40 TGL=0.05 KV=1.55
  [rfly_replan t=15.3 big=0] gbest=1049.1 | EKR=1.18 EKV=1.07 EBANK=1.72 ADEC=0.81 TLD=0.76 KDIV=0.89 KVN=0.84 IGN=0.40 TGL=0.05 KV=1.55
  [rfly_replan t=25.3 big=0] gbest=1002.9 | EKR=1.21 EKV=1.11 EBANK=1.66 ADEC=0.78 TLD=0.75 KDIV=0.80 KVN=0.72 IGN=0.42 TGL=0.07 KV=1.61
  [rfly_replan t=33.5 big=0] gbest=308.8 | EKR=1.58 EKV=0.86 EBANK=1.52 ADEC=0.99 TLD=0.67 KDIV=0.71 KVN=0.74 IGN=0.40 TGL=0.00 KV=1.59
  [rfly_replan t=43.5 big=0] gbest=308.8 | EKR=1.58 EKV=0.86 EBANK=1.52 ADEC=0.99 TLD=0.67 KDIV=0.71 KVN=0.74 IGN=0.40 TGL=0.00 KV=1.59
  [rfly_replan t=53.5 big=0] gbest=308.8 | EKR=1.58 EKV=0.86 EBANK=1.52 ADEC=0.99 TLD=0.67 KDIV=0.71 KVN=0.74 IGN=0.40 TGL=0.00 KV=1.59
  [rfly_replan t=63.5 big=0] gbest=308.8 | EKR=1.58 EKV=0.86 EBANK=1.52 ADEC=0.99 TLD=0.67 KDIV=0.71 KVN=0.74 IGN=0.40 TGL=0.00 KV=1.59
  [rfly_replan t=73.5 big=0] gbest=294.4 | EKR=1.25 EKV=1.07 EBANK=1.45 ADEC=0.82 TLD=0.50 KDIV=0.81 KVN=0.87 IGN=0.75 TGL=0.25 KV=1.51
  [rfly_replan t=83.5 big=0] gbest=294.4 | EKR=1.25 EKV=1.07 EBANK=1.45 ADEC=0.82 TLD=0.50 KDIV=0.81 KVN=0.87 IGN=0.75 TGL=0.25 KV=1.51
  [rfly_replan t=93.6 big=0] gbest=262.8 | EKR=1.29 EKV=1.04 EBANK=1.37 ADEC=0.76 TLD=0.77 KDIV=0.85 KVN=0.67 IGN=0.79 TGL=0.27 KV=1.62
  [rfly_replan t=103.6 big=0] gbest=165.6 | EKR=1.48 EKV=0.84 EBANK=1.64 ADEC=0.47 TLD=0.49 KDIV=0.56 KVN=0.69 IGN=0.73 TGL=0.52 KV=1.55
  [imu] reference LOST t=107.70 float=x gimbal rates o/m/i = -90/-1/12 deg/s (limit 90) MGA=0.0
  [rfly_replan t=113.6 big=0] gbest=165.6 | EKR=1.48 EKV=0.84 EBANK=1.64 ADEC=0.47 TLD=0.49 KDIV=0.56 KVN=0.69 IGN=0.73 TGL=0.52 KV=1.55
  [rfly_replan t=0.0 big=1] gbest=378.5 | EKR=0.63 EKV=1.21 EBANK=1.76 ADEC=0.64 TLD=0.25 KDIV=0.42 KVN=0.80 IGN=0.75 TGL=0.14 KV=1.29
  [rfly_replan t=10.0 big=0] gbest=378.5 | EKR=0.63 EKV=1.21 EBANK=1.76 ADEC=0.64 TLD=0.25 KDIV=0.42 KVN=0.80 IGN=0.75 TGL=0.14 KV=1.29
  [rfly_replan t=13.9 big=0] gbest=24685.8 | EKR=1.18 EKV=1.35 EBANK=1.40 ADEC=0.40 TLD=0.39 KDIV=0.43 KVN=0.96 IGN=0.57 TGL=0.21 KV=1.45
  [rfly_replan t=23.9 big=0] gbest=909.8 | EKR=1.34 EKV=0.99 EBANK=1.41 ADEC=0.40 TLD=0.42 KDIV=0.46 KVN=0.76 IGN=0.81 TGL=0.20 KV=1.32
  [rfly_replan t=31.2 big=0] gbest=716.8 | EKR=1.56 EKV=0.72 EBANK=1.27 ADEC=0.53 TLD=0.63 KDIV=0.56 KVN=0.83 IGN=1.10 TGL=0.05 KV=1.51
  [rfly_replan t=41.2 big=0] gbest=716.8 | EKR=1.56 EKV=0.72 EBANK=1.27 ADEC=0.53 TLD=0.63 KDIV=0.56 KVN=0.83 IGN=1.10 TGL=0.05 KV=1.51
  [rfly_replan t=51.2 big=0] gbest=650.7 | EKR=1.60 EKV=0.53 EBANK=1.37 ADEC=0.43 TLD=0.52 KDIV=0.41 KVN=0.58 IGN=0.73 TGL=0.14 KV=1.62
  [rfly_replan t=61.2 big=0] gbest=647.4 | EKR=1.58 EKV=0.63 EBANK=1.37 ADEC=0.43 TLD=0.52 KDIV=0.41 KVN=0.50 IGN=0.90 TGL=0.18 KV=1.58
  [rfly_replan t=71.2 big=0] gbest=597.1 | EKR=1.44 EKV=0.38 EBANK=1.33 ADEC=0.40 TLD=0.34 KDIV=0.40 KVN=0.50 IGN=1.07 TGL=0.29 KV=1.61
  [rfly_replan t=81.2 big=0] gbest=542.2 | EKR=1.79 EKV=0.30 EBANK=1.55 ADEC=0.46 TLD=0.55 KDIV=0.44 KVN=0.50 IGN=1.08 TGL=0.13 KV=1.43
  [rfly_replan t=91.2 big=0] gbest=542.2 | EKR=1.79 EKV=0.30 EBANK=1.55 ADEC=0.46 TLD=0.55 KDIV=0.44 KVN=0.50 IGN=1.08 TGL=0.13 KV=1.43
  [rfly_replan t=101.3 big=0] gbest=542.2 | EKR=1.79 EKV=0.30 EBANK=1.55 ADEC=0.46 TLD=0.55 KDIV=0.44 KVN=0.50 IGN=1.08 TGL=0.13 KV=1.43
  [rfly_replan t=111.3 big=0] gbest=472.7 | EKR=2.05 EKV=0.30 EBANK=1.51 ADEC=0.40 TLD=0.58 KDIV=0.44 KVN=0.50 IGN=1.16 TGL=0.00 KV=1.36
  [imu] reference LOST t=120.55 float=x gimbal rates o/m/i = -90/-4/2 deg/s (limit 90) MGA=-2.2
  [rfly_replan t=121.3 big=0] gbest=375.0 | EKR=1.52 EKV=0.50 EBANK=1.67 ADEC=0.55 TLD=0.47 KDIV=0.63 KVN=0.51 IGN=1.00 TGL=0.00 KV=1.47
  [rfly_replan t=131.3 big=0] gbest=375.0 | EKR=1.52 EKV=0.50 EBANK=1.67 ADEC=0.55 TLD=0.47 KDIV=0.63 KVN=0.51 IGN=1.00 TGL=0.00 KV=1.47
  [rfly_replan t=0.0 big=1] gbest=685.9 | EKR=1.41 EKV=1.68 EBANK=0.66 ADEC=1.31 TLD=1.52 KDIV=0.56 KVN=1.52 IGN=0.40 TGL=0.00 KV=0.82
  [rfly_replan t=8.6 big=0] gbest=941.6 | EKR=1.09 EKV=1.30 EBANK=0.75 ADEC=1.36 TLD=1.65 KDIV=0.80 KVN=1.77 IGN=0.79 TGL=0.00 KV=0.92
  [rfly_replan t=18.6 big=0] gbest=941.6 | EKR=1.09 EKV=1.30 EBANK=0.75 ADEC=1.36 TLD=1.65 KDIV=0.80 KVN=1.77 IGN=0.79 TGL=0.00 KV=0.92
  [rfly_replan t=28.6 big=0] gbest=710.6 | EKR=1.22 EKV=1.63 EBANK=0.64 ADEC=1.42 TLD=1.65 KDIV=0.81 KVN=1.99 IGN=0.43 TGL=0.08 KV=0.92
  [rfly_replan t=32.4 big=0] gbest=544.4 | EKR=1.03 EKV=1.56 EBANK=0.63 ADEC=1.52 TLD=1.55 KDIV=0.83 KVN=1.98 IGN=0.40 TGL=0.00 KV=0.82
  [rfly_replan t=42.4 big=0] gbest=544.4 | EKR=1.03 EKV=1.56 EBANK=0.63 ADEC=1.52 TLD=1.55 KDIV=0.83 KVN=1.98 IGN=0.40 TGL=0.00 KV=0.82
  [rfly_replan t=52.4 big=0] gbest=544.4 | EKR=1.03 EKV=1.56 EBANK=0.63 ADEC=1.52 TLD=1.55 KDIV=0.83 KVN=1.98 IGN=0.40 TGL=0.00 KV=0.82
  [rfly_replan t=62.4 big=0] gbest=485.6 | EKR=1.07 EKV=1.50 EBANK=0.60 ADEC=1.51 TLD=1.59 KDIV=0.71 KVN=1.98 IGN=0.40 TGL=0.00 KV=0.84
  [rfly_replan t=72.5 big=0] gbest=485.6 | EKR=1.07 EKV=1.50 EBANK=0.60 ADEC=1.51 TLD=1.59 KDIV=0.71 KVN=1.98 IGN=0.40 TGL=0.00 KV=0.84
  [rfly_replan t=82.5 big=0] gbest=485.6 | EKR=1.07 EKV=1.50 EBANK=0.60 ADEC=1.51 TLD=1.59 KDIV=0.71 KVN=1.98 IGN=0.40 TGL=0.00 KV=0.84
  [rfly_replan t=92.5 big=0] gbest=453.9 | EKR=1.10 EKV=1.94 EBANK=0.60 ADEC=1.53 TLD=1.51 KDIV=0.70 KVN=2.15 IGN=0.40 TGL=0.00 KV=0.78
  [rfly_replan t=102.5 big=0] gbest=437.3 | EKR=1.12 EKV=1.98 EBANK=0.60 ADEC=1.48 TLD=1.56 KDIV=0.75 KVN=2.11 IGN=0.52 TGL=0.01 KV=0.92
  [imu] reference LOST t=104.77 float=x gimbal rates o/m/i = -90/-4/7 deg/s (limit 90) MGA=-6.9
  [rfly_replan t=112.5 big=0] gbest=437.3 | EKR=1.12 EKV=1.98 EBANK=0.60 ADEC=1.48 TLD=1.56 KDIV=0.75 KVN=2.11 IGN=0.52 TGL=0.01 KV=0.92
  [rfly_replan t=0.0 big=1] gbest=749.2 | EKR=1.19 EKV=1.14 EBANK=1.56 ADEC=0.83 TLD=0.36 KDIV=0.71 KVN=0.65 IGN=1.77 TGL=0.18 KV=1.39
  [rfly_replan t=10.0 big=0] gbest=460.6 | EKR=1.36 EKV=0.93 EBANK=1.45 ADEC=0.89 TLD=0.52 KDIV=0.60 KVN=0.78 IGN=2.17 TGL=0.40 KV=1.56
  [rfly_replan t=17.2 big=0] gbest=654.2 | EKR=1.43 EKV=0.77 EBANK=1.39 ADEC=0.85 TLD=0.36 KDIV=0.55 KVN=0.86 IGN=2.44 TGL=0.34 KV=1.59
  [rfly_replan t=27.2 big=0] gbest=654.2 | EKR=1.43 EKV=0.77 EBANK=1.39 ADEC=0.85 TLD=0.36 KDIV=0.55 KVN=0.86 IGN=2.44 TGL=0.34 KV=1.59
  [rfly_replan t=32.4 big=0] gbest=654.2 | EKR=1.43 EKV=0.77 EBANK=1.39 ADEC=0.85 TLD=0.36 KDIV=0.55 KVN=0.86 IGN=2.44 TGL=0.34 KV=1.59
  [rfly_replan t=42.4 big=0] gbest=654.2 | EKR=1.43 EKV=0.77 EBANK=1.39 ADEC=0.85 TLD=0.36 KDIV=0.55 KVN=0.86 IGN=2.44 TGL=0.34 KV=1.59
  [rfly_replan t=52.4 big=0] gbest=654.2 | EKR=1.43 EKV=0.77 EBANK=1.39 ADEC=0.85 TLD=0.36 KDIV=0.55 KVN=0.86 IGN=2.44 TGL=0.34 KV=1.59
  [rfly_replan t=62.4 big=0] gbest=654.2 | EKR=1.43 EKV=0.77 EBANK=1.39 ADEC=0.85 TLD=0.36 KDIV=0.55 KVN=0.86 IGN=2.44 TGL=0.34 KV=1.59
  [rfly_replan t=72.5 big=0] gbest=654.2 | EKR=1.43 EKV=0.77 EBANK=1.39 ADEC=0.85 TLD=0.36 KDIV=0.55 KVN=0.86 IGN=2.44 TGL=0.34 KV=1.59
  [rfly_replan t=82.5 big=0] gbest=654.2 | EKR=1.43 EKV=0.77 EBANK=1.39 ADEC=0.85 TLD=0.36 KDIV=0.55 KVN=0.86 IGN=2.44 TGL=0.34 KV=1.59
  [rfly_replan t=92.5 big=0] gbest=654.2 | EKR=1.43 EKV=0.77 EBANK=1.39 ADEC=0.85 TLD=0.36 KDIV=0.55 KVN=0.86 IGN=2.44 TGL=0.34 KV=1.59
  [rfly_replan t=102.5 big=0] gbest=654.2 | EKR=1.43 EKV=0.77 EBANK=1.39 ADEC=0.85 TLD=0.36 KDIV=0.55 KVN=0.86 IGN=2.44 TGL=0.34 KV=1.59
  [rfly_replan t=112.5 big=0] gbest=654.2 | EKR=1.43 EKV=0.77 EBANK=1.39 ADEC=0.85 TLD=0.36 KDIV=0.55 KVN=0.86 IGN=2.44 TGL=0.34 KV=1.59
  [rfly_replan t=122.6 big=0] gbest=654.2 | EKR=1.43 EKV=0.77 EBANK=1.39 ADEC=0.85 TLD=0.36 KDIV=0.55 KVN=0.86 IGN=2.44 TGL=0.34 KV=1.59
  [rfly_replan t=132.6 big=0] gbest=511.4 | EKR=1.64 EKV=0.56 EBANK=1.32 ADEC=0.90 TLD=0.25 KDIV=0.71 KVN=0.75 IGN=2.03 TGL=0.44 KV=1.83
  [imu] reference LOST t=136.87 float=x gimbal rates o/m/i = -90/4/-2 deg/s (limit 90) MGA=-3.3
  [rfly_replan t=142.6 big=0] gbest=511.4 | EKR=1.64 EKV=0.56 EBANK=1.32 ADEC=0.90 TLD=0.25 KDIV=0.71 KVN=0.75 IGN=2.03 TGL=0.44 KV=1.83
  [rfly_replan t=0.0 big=1] gbest=388.0 | EKR=1.00 EKV=1.00 EBANK=1.00 ADEC=1.00 TLD=1.00 KDIV=1.00 KVN=1.00 IGN=1.00 TGL=0.00 KV=1.00
  [rfly_replan t=10.0 big=0] gbest=388.0 | EKR=1.00 EKV=1.00 EBANK=1.00 ADEC=1.00 TLD=1.00 KDIV=1.00 KVN=1.00 IGN=1.00 TGL=0.00 KV=1.00
  [rfly_replan t=11.9 big=0] gbest=6608.5 | EKR=1.14 EKV=1.10 EBANK=1.20 ADEC=1.13 TLD=0.81 KDIV=1.14 KVN=0.93 IGN=1.01 TGL=0.00 KV=0.98
  [rfly_replan t=21.9 big=0] gbest=5331.2 | EKR=1.13 EKV=1.67 EBANK=1.43 ADEC=1.13 TLD=0.78 KDIV=1.16 KVN=0.95 IGN=0.96 TGL=0.00 KV=1.02
  [rfly_replan t=31.9 big=0] gbest=1030.3 | EKR=0.89 EKV=1.85 EBANK=1.29 ADEC=1.14 TLD=0.97 KDIV=1.24 KVN=0.82 IGN=1.18 TGL=0.12 KV=1.19
  [rfly_replan t=32.4 big=0] gbest=954.8 | EKR=0.92 EKV=1.95 EBANK=1.26 ADEC=1.17 TLD=1.03 KDIV=1.25 KVN=0.80 IGN=1.29 TGL=0.00 KV=1.25
  [rfly_replan t=42.4 big=0] gbest=928.1 | EKR=0.87 EKV=1.95 EBANK=1.07 ADEC=1.23 TLD=1.01 KDIV=1.19 KVN=0.76 IGN=1.21 TGL=0.00 KV=1.24
  [rfly_replan t=52.4 big=0] gbest=901.4 | EKR=0.84 EKV=2.15 EBANK=0.76 ADEC=1.29 TLD=1.00 KDIV=1.13 KVN=0.62 IGN=1.23 TGL=0.00 KV=1.37
  [rfly_replan t=62.4 big=0] gbest=735.9 | EKR=1.00 EKV=2.09 EBANK=0.85 ADEC=1.50 TLD=1.07 KDIV=1.06 KVN=0.69 IGN=1.39 TGL=0.04 KV=1.33
  [rfly_replan t=72.5 big=0] gbest=735.9 | EKR=1.00 EKV=2.09 EBANK=0.85 ADEC=1.50 TLD=1.07 KDIV=1.06 KVN=0.69 IGN=1.39 TGL=0.04 KV=1.33
  [rfly_replan t=82.5 big=0] gbest=735.9 | EKR=1.00 EKV=2.09 EBANK=0.85 ADEC=1.50 TLD=1.07 KDIV=1.06 KVN=0.69 IGN=1.39 TGL=0.04 KV=1.33
  [rfly_replan t=92.5 big=0] gbest=735.9 | EKR=1.00 EKV=2.09 EBANK=0.85 ADEC=1.50 TLD=1.07 KDIV=1.06 KVN=0.69 IGN=1.39 TGL=0.04 KV=1.33
  [rfly_replan t=102.5 big=0] gbest=747.7 | EKR=0.98 EKV=2.31 EBANK=0.84 ADEC=1.54 TLD=1.08 KDIV=1.06 KVN=0.69 IGN=1.64 TGL=0.03 KV=1.22
  [rfly_replan t=112.5 big=0] gbest=525.3 | EKR=0.52 EKV=2.22 EBANK=0.93 ADEC=1.67 TLD=1.17 KDIV=0.93 KVN=0.90 IGN=1.95 TGL=0.00 KV=1.20
  [imu] reference LOST t=121.60 float=x gimbal rates o/m/i = -90/-3/-9 deg/s (limit 90) MGA=-5.1
  [rfly_replan t=122.6 big=0] gbest=525.3 | EKR=0.52 EKV=2.22 EBANK=0.93 ADEC=1.67 TLD=1.17 KDIV=0.93 KVN=0.90 IGN=1.95 TGL=0.00 KV=1.20
  [rfly_replan t=0.0 big=1] gbest=518.1 | EKR=1.05 EKV=0.76 EBANK=1.33 ADEC=0.95 TLD=1.44 KDIV=0.92 KVN=1.34 IGN=0.40 TGL=0.38 KV=1.31
  [rfly_replan t=6.5 big=0] gbest=4746.1 | EKR=0.85 EKV=1.15 EBANK=1.57 ADEC=0.78 TLD=1.75 KDIV=1.02 KVN=1.32 IGN=0.41 TGL=0.28 KV=1.19
  [rfly_replan t=16.5 big=0] gbest=897.3 | EKR=0.51 EKV=1.11 EBANK=1.51 ADEC=0.92 TLD=1.84 KDIV=0.91 KVN=1.38 IGN=0.40 TGL=0.34 KV=1.12
  [rfly_replan t=26.6 big=0] gbest=897.3 | EKR=0.51 EKV=1.11 EBANK=1.51 ADEC=0.92 TLD=1.84 KDIV=0.91 KVN=1.38 IGN=0.40 TGL=0.34 KV=1.12
  [rfly_replan t=32.3 big=0] gbest=897.3 | EKR=0.51 EKV=1.11 EBANK=1.51 ADEC=0.92 TLD=1.84 KDIV=0.91 KVN=1.38 IGN=0.40 TGL=0.34 KV=1.12
  [rfly_replan t=42.3 big=0] gbest=613.7 | EKR=0.50 EKV=0.88 EBANK=1.66 ADEC=1.06 TLD=1.86 KDIV=0.76 KVN=1.43 IGN=0.40 TGL=0.22 KV=1.15
  [rfly_replan t=52.3 big=0] gbest=462.1 | EKR=0.68 EKV=0.84 EBANK=1.76 ADEC=1.11 TLD=1.78 KDIV=0.99 KVN=1.31 IGN=0.40 TGL=0.40 KV=1.09
  [rfly_replan t=62.3 big=0] gbest=462.1 | EKR=0.68 EKV=0.84 EBANK=1.76 ADEC=1.11 TLD=1.78 KDIV=0.99 KVN=1.31 IGN=0.40 TGL=0.40 KV=1.09
  [rfly_replan t=72.3 big=0] gbest=462.1 | EKR=0.68 EKV=0.84 EBANK=1.76 ADEC=1.11 TLD=1.78 KDIV=0.99 KVN=1.31 IGN=0.40 TGL=0.40 KV=1.09
  [rfly_replan t=82.3 big=0] gbest=462.1 | EKR=0.68 EKV=0.84 EBANK=1.76 ADEC=1.11 TLD=1.78 KDIV=0.99 KVN=1.31 IGN=0.40 TGL=0.40 KV=1.09
  [rfly_replan t=92.4 big=0] gbest=215.2 | EKR=1.07 EKV=0.93 EBANK=1.45 ADEC=1.28 TLD=2.04 KDIV=1.07 KVN=1.20 IGN=0.57 TGL=0.19 KV=1.15
  [rfly_replan t=102.4 big=0] gbest=189.2 | EKR=1.15 EKV=0.77 EBANK=1.41 ADEC=1.27 TLD=2.32 KDIV=0.94 KVN=1.16 IGN=0.53 TGL=0.33 KV=1.25
  [imu] reference LOST t=106.09 float=x gimbal rates o/m/i = -90/-5/-3 deg/s (limit 90) MGA=7.8
  [rfly_replan t=112.4 big=0] gbest=189.2 | EKR=1.15 EKV=0.77 EBANK=1.41 ADEC=1.27 TLD=2.32 KDIV=0.94 KVN=1.16 IGN=0.53 TGL=0.33 KV=1.25
  [rfly_replan t=0.0 big=1] gbest=499.1 | EKR=1.20 EKV=0.73 EBANK=0.60 ADEC=0.54 TLD=0.52 KDIV=1.26 KVN=1.07 IGN=0.91 TGL=0.00 KV=1.34
  [rfly_replan t=10.0 big=0] gbest=499.1 | EKR=1.20 EKV=0.73 EBANK=0.60 ADEC=0.54 TLD=0.52 KDIV=1.26 KVN=1.07 IGN=0.91 TGL=0.00 KV=1.34
  [rfly_replan t=15.2 big=0] gbest=5130.3 | EKR=1.28 EKV=0.76 EBANK=0.68 ADEC=0.58 TLD=0.25 KDIV=1.43 KVN=1.04 IGN=0.71 TGL=0.00 KV=1.51
  [rfly_replan t=25.2 big=0] gbest=1641.3 | EKR=1.30 EKV=0.72 EBANK=0.72 ADEC=0.56 TLD=0.53 KDIV=1.45 KVN=1.22 IGN=0.87 TGL=0.01 KV=1.53
  [rfly_replan t=29.9 big=0] gbest=832.9 | EKR=1.67 EKV=0.95 EBANK=0.73 ADEC=0.71 TLD=0.51 KDIV=1.60 KVN=1.35 IGN=0.76 TGL=0.00 KV=1.57
  [rfly_replan t=39.9 big=0] gbest=832.9 | EKR=1.67 EKV=0.95 EBANK=0.73 ADEC=0.71 TLD=0.51 KDIV=1.60 KVN=1.35 IGN=0.76 TGL=0.00 KV=1.57
  [rfly_replan t=49.9 big=0] gbest=654.8 | EKR=1.42 EKV=1.31 EBANK=0.68 ADEC=0.72 TLD=0.54 KDIV=1.56 KVN=1.52 IGN=0.76 TGL=0.12 KV=1.62
  [rfly_replan t=59.9 big=0] gbest=654.8 | EKR=1.42 EKV=1.31 EBANK=0.68 ADEC=0.72 TLD=0.54 KDIV=1.56 KVN=1.52 IGN=0.76 TGL=0.12 KV=1.62
  [rfly_replan t=69.9 big=0] gbest=654.8 | EKR=1.42 EKV=1.31 EBANK=0.68 ADEC=0.72 TLD=0.54 KDIV=1.56 KVN=1.52 IGN=0.76 TGL=0.12 KV=1.62
  [rfly_replan t=79.9 big=0] gbest=635.9 | EKR=1.33 EKV=1.14 EBANK=0.70 ADEC=0.67 TLD=0.33 KDIV=1.63 KVN=1.36 IGN=0.79 TGL=0.13 KV=1.60
  [rfly_replan t=89.9 big=0] gbest=589.5 | EKR=1.48 EKV=1.13 EBANK=0.98 ADEC=0.69 TLD=0.60 KDIV=1.58 KVN=1.35 IGN=0.88 TGL=0.00 KV=1.61
  [rfly_replan t=100.0 big=0] gbest=248.8 | EKR=1.32 EKV=1.01 EBANK=0.84 ADEC=0.89 TLD=0.87 KDIV=1.45 KVN=1.14 IGN=0.70 TGL=0.12 KV=1.70
  [rfly_replan t=110.0 big=0] gbest=218.2 | EKR=1.25 EKV=0.78 EBANK=0.89 ADEC=0.92 TLD=0.86 KDIV=1.51 KVN=1.20 IGN=1.00 TGL=0.07 KV=1.81
  [imu] reference LOST t=117.54 float=x gimbal rates o/m/i = 90/-2/10 deg/s (limit 90) MGA=8.6
  [rfly_replan t=120.0 big=0] gbest=218.0 | EKR=1.34 EKV=0.67 EBANK=0.69 ADEC=1.10 TLD=1.05 KDIV=1.42 KVN=1.06 IGN=0.66 TGL=0.22 KV=1.72
  [rfly_replan t=0.0 big=1] gbest=503.9 | EKR=1.53 EKV=1.35 EBANK=1.58 ADEC=1.25 TLD=1.43 KDIV=0.40 KVN=1.64 IGN=0.40 TGL=0.25 KV=0.92
  [rfly_replan t=9.8 big=0] gbest=806.0 | EKR=1.39 EKV=1.57 EBANK=1.45 ADEC=1.48 TLD=1.44 KDIV=0.54 KVN=1.78 IGN=0.40 TGL=0.00 KV=1.10
  [rfly_replan t=19.9 big=0] gbest=298.4 | EKR=1.52 EKV=1.65 EBANK=1.34 ADEC=1.54 TLD=1.38 KDIV=0.67 KVN=1.65 IGN=0.40 TGL=0.00 KV=1.08
  [rfly_replan t=29.9 big=0] gbest=298.4 | EKR=1.52 EKV=1.65 EBANK=1.34 ADEC=1.54 TLD=1.38 KDIV=0.67 KVN=1.65 IGN=0.40 TGL=0.00 KV=1.08
  [rfly_replan t=33.2 big=0] gbest=272.6 | EKR=1.86 EKV=1.41 EBANK=1.50 ADEC=1.31 TLD=1.16 KDIV=0.60 KVN=1.81 IGN=0.40 TGL=0.00 KV=1.32
  [rfly_replan t=43.2 big=0] gbest=272.6 | EKR=1.86 EKV=1.41 EBANK=1.50 ADEC=1.31 TLD=1.16 KDIV=0.60 KVN=1.81 IGN=0.40 TGL=0.00 KV=1.32
  [rfly_replan t=53.2 big=0] gbest=270.2 | EKR=2.08 EKV=1.51 EBANK=1.63 ADEC=1.34 TLD=1.16 KDIV=0.76 KVN=1.76 IGN=0.42 TGL=0.05 KV=1.33
  [rfly_replan t=63.2 big=0] gbest=256.5 | EKR=1.77 EKV=1.33 EBANK=1.63 ADEC=1.37 TLD=1.24 KDIV=0.69 KVN=1.71 IGN=0.44 TGL=0.13 KV=1.26
  [rfly_replan t=73.3 big=0] gbest=256.5 | EKR=1.77 EKV=1.33 EBANK=1.63 ADEC=1.37 TLD=1.24 KDIV=0.69 KVN=1.71 IGN=0.44 TGL=0.13 KV=1.26
  [rfly_replan t=83.3 big=0] gbest=256.5 | EKR=1.77 EKV=1.33 EBANK=1.63 ADEC=1.37 TLD=1.24 KDIV=0.69 KVN=1.71 IGN=0.44 TGL=0.13 KV=1.26
  [rfly_replan t=93.3 big=0] gbest=192.6 | EKR=1.94 EKV=1.39 EBANK=1.48 ADEC=1.35 TLD=1.27 KDIV=0.67 KVN=1.57 IGN=0.45 TGL=0.14 KV=1.17
  [rfly_replan t=103.3 big=0] gbest=192.6 | EKR=1.94 EKV=1.39 EBANK=1.48 ADEC=1.35 TLD=1.27 KDIV=0.67 KVN=1.57 IGN=0.45 TGL=0.14 KV=1.17
  [rfly_replan t=113.3 big=0] gbest=162.9 | EKR=1.56 EKV=1.66 EBANK=1.60 ADEC=1.24 TLD=1.04 KDIV=0.54 KVN=1.35 IGN=0.40 TGL=0.00 KV=1.28
  [imu] reference LOST t=117.72 float=x gimbal rates o/m/i = -90/-2/6 deg/s (limit 90) MGA=-6.2
  [rfly_replan t=123.4 big=0] gbest=162.9 | EKR=1.56 EKV=1.66 EBANK=1.60 ADEC=1.24 TLD=1.04 KDIV=0.54 KVN=1.35 IGN=0.40 TGL=0.00 KV=1.28
  [rfly_replan t=0.0 big=1] gbest=780.9 | EKR=0.81 EKV=0.40 EBANK=0.60 ADEC=0.95 TLD=1.36 KDIV=0.84 KVN=0.59 IGN=0.40 TGL=0.30 KV=0.63
  [rfly_replan t=4.5 big=0] gbest=5925.5 | EKR=0.42 EKV=0.64 EBANK=0.74 ADEC=0.89 TLD=1.56 KDIV=0.93 KVN=0.60 IGN=0.40 TGL=0.22 KV=0.57
  [rfly_replan t=14.5 big=0] gbest=1581.9 | EKR=0.43 EKV=0.65 EBANK=0.66 ADEC=0.80 TLD=1.54 KDIV=0.95 KVN=0.73 IGN=0.41 TGL=0.16 KV=0.50
  [rfly_replan t=24.5 big=0] gbest=1581.9 | EKR=0.43 EKV=0.65 EBANK=0.66 ADEC=0.80 TLD=1.54 KDIV=0.95 KVN=0.73 IGN=0.41 TGL=0.16 KV=0.50
  [rfly_replan t=32.6 big=0] gbest=997.2 | EKR=0.33 EKV=0.30 EBANK=0.63 ADEC=0.68 TLD=1.58 KDIV=1.04 KVN=0.74 IGN=0.40 TGL=0.22 KV=0.51
  [rfly_replan t=42.6 big=0] gbest=997.2 | EKR=0.33 EKV=0.30 EBANK=0.63 ADEC=0.68 TLD=1.58 KDIV=1.04 KVN=0.74 IGN=0.40 TGL=0.22 KV=0.51
  [rfly_replan t=52.6 big=0] gbest=424.9 | EKR=0.30 EKV=0.31 EBANK=0.63 ADEC=0.69 TLD=1.54 KDIV=1.06 KVN=0.74 IGN=0.40 TGL=0.35 KV=0.50
  [rfly_replan t=62.6 big=0] gbest=424.9 | EKR=0.30 EKV=0.31 EBANK=0.63 ADEC=0.69 TLD=1.54 KDIV=1.06 KVN=0.74 IGN=0.40 TGL=0.35 KV=0.50
  [rfly_replan t=72.6 big=0] gbest=394.0 | EKR=0.30 EKV=0.30 EBANK=0.66 ADEC=0.68 TLD=1.58 KDIV=1.14 KVN=0.86 IGN=0.56 TGL=0.57 KV=0.50
  [rfly_replan t=82.6 big=0] gbest=348.9 | EKR=0.32 EKV=0.30 EBANK=0.60 ADEC=0.88 TLD=2.07 KDIV=1.21 KVN=0.50 IGN=0.94 TGL=0.65 KV=0.60
  [rfly_replan t=92.7 big=0] gbest=348.9 | EKR=0.32 EKV=0.30 EBANK=0.60 ADEC=0.88 TLD=2.07 KDIV=1.21 KVN=0.50 IGN=0.94 TGL=0.65 KV=0.60
  [rfly_replan t=0.0 big=1] gbest=470.2 | EKR=1.09 EKV=2.05 EBANK=0.70 ADEC=1.33 TLD=0.76 KDIV=1.36 KVN=0.64 IGN=0.55 TGL=0.00 KV=0.58
  [rfly_replan t=10.0 big=0] gbest=470.2 | EKR=1.09 EKV=2.05 EBANK=0.70 ADEC=1.33 TLD=0.76 KDIV=1.36 KVN=0.64 IGN=0.55 TGL=0.00 KV=0.58
  [rfly_replan t=13.1 big=0] gbest=5800.9 | EKR=1.43 EKV=1.93 EBANK=0.60 ADEC=1.20 TLD=0.67 KDIV=1.72 KVN=0.82 IGN=0.85 TGL=0.15 KV=0.51
  [rfly_replan t=23.2 big=0] gbest=1052.8 | EKR=1.27 EKV=1.81 EBANK=0.69 ADEC=1.23 TLD=0.95 KDIV=1.86 KVN=0.80 IGN=0.92 TGL=0.16 KV=0.51
  [rfly_replan t=29.9 big=0] gbest=806.6 | EKR=1.44 EKV=1.75 EBANK=0.77 ADEC=1.26 TLD=1.25 KDIV=1.84 KVN=0.83 IGN=0.90 TGL=0.47 KV=0.52
  [rfly_replan t=39.9 big=0] gbest=733.8 | EKR=1.08 EKV=1.77 EBANK=0.76 ADEC=1.25 TLD=1.47 KDIV=1.83 KVN=0.75 IGN=0.90 TGL=0.51 KV=0.80
  [rfly_replan t=49.9 big=0] gbest=733.8 | EKR=1.08 EKV=1.77 EBANK=0.76 ADEC=1.25 TLD=1.47 KDIV=1.83 KVN=0.75 IGN=0.90 TGL=0.51 KV=0.80
  [rfly_replan t=59.9 big=0] gbest=733.8 | EKR=1.08 EKV=1.77 EBANK=0.76 ADEC=1.25 TLD=1.47 KDIV=1.83 KVN=0.75 IGN=0.90 TGL=0.51 KV=0.80
  [rfly_replan t=69.9 big=0] gbest=733.8 | EKR=1.08 EKV=1.77 EBANK=0.76 ADEC=1.25 TLD=1.47 KDIV=1.83 KVN=0.75 IGN=0.90 TGL=0.51 KV=0.80
  [rfly_replan t=79.9 big=0] gbest=733.8 | EKR=1.08 EKV=1.77 EBANK=0.76 ADEC=1.25 TLD=1.47 KDIV=1.83 KVN=0.75 IGN=0.90 TGL=0.51 KV=0.80
  [rfly_replan t=90.0 big=0] gbest=733.8 | EKR=1.08 EKV=1.77 EBANK=0.76 ADEC=1.25 TLD=1.47 KDIV=1.83 KVN=0.75 IGN=0.90 TGL=0.51 KV=0.80
  [rfly_replan t=100.0 big=0] gbest=535.4 | EKR=0.92 EKV=1.78 EBANK=0.60 ADEC=1.20 TLD=1.57 KDIV=1.86 KVN=0.74 IGN=0.52 TGL=0.54 KV=0.79
  [imu] reference LOST t=107.23 float=x gimbal rates o/m/i = -90/-3/12 deg/s (limit 90) MGA=1.8
  [rfly_replan t=110.0 big=0] gbest=532.7 | EKR=0.59 EKV=1.64 EBANK=0.60 ADEC=0.96 TLD=1.36 KDIV=1.86 KVN=0.83 IGN=0.40 TGL=0.56 KV=0.74
  [rfly_replan t=120.0 big=0] gbest=532.7 | EKR=0.59 EKV=1.64 EBANK=0.60 ADEC=0.96 TLD=1.36 KDIV=1.86 KVN=0.83 IGN=0.40 TGL=0.56 KV=0.74
  [rfly_replan t=0.0 big=1] gbest=370.2 | EKR=1.09 EKV=2.05 EBANK=0.70 ADEC=1.33 TLD=0.76 KDIV=1.36 KVN=0.64 IGN=0.55 TGL=0.00 KV=0.58
  [rfly_replan t=7.8 big=0] gbest=1113.4 | EKR=0.47 EKV=1.77 EBANK=0.82 ADEC=1.56 TLD=0.60 KDIV=1.49 KVN=0.89 IGN=0.76 TGL=0.00 KV=0.58
  [rfly_replan t=17.8 big=0] gbest=862.0 | EKR=0.30 EKV=2.04 EBANK=0.87 ADEC=1.59 TLD=0.78 KDIV=1.29 KVN=0.73 IGN=0.75 TGL=0.00 KV=0.78
  [rfly_replan t=27.8 big=0] gbest=607.8 | EKR=0.47 EKV=2.32 EBANK=0.89 ADEC=1.75 TLD=0.88 KDIV=1.28 KVN=0.85 IGN=0.52 TGL=0.17 KV=0.96
  [rfly_replan t=35.2 big=0] gbest=607.8 | EKR=0.47 EKV=2.32 EBANK=0.89 ADEC=1.75 TLD=0.88 KDIV=1.28 KVN=0.85 IGN=0.52 TGL=0.17 KV=0.96
  [rfly_replan t=45.2 big=0] gbest=607.8 | EKR=0.47 EKV=2.32 EBANK=0.89 ADEC=1.75 TLD=0.88 KDIV=1.28 KVN=0.85 IGN=0.52 TGL=0.17 KV=0.96
  [rfly_replan t=55.2 big=0] gbest=546.2 | EKR=0.66 EKV=2.13 EBANK=0.98 ADEC=1.74 TLD=0.86 KDIV=1.27 KVN=0.63 IGN=0.57 TGL=0.50 KV=1.01
  [rfly_replan t=65.2 big=0] gbest=546.2 | EKR=0.66 EKV=2.13 EBANK=0.98 ADEC=1.74 TLD=0.86 KDIV=1.27 KVN=0.63 IGN=0.57 TGL=0.50 KV=1.01
  [rfly_replan t=75.2 big=0] gbest=546.2 | EKR=0.66 EKV=2.13 EBANK=0.98 ADEC=1.74 TLD=0.86 KDIV=1.27 KVN=0.63 IGN=0.57 TGL=0.50 KV=1.01
  [rfly_replan t=85.3 big=0] gbest=546.2 | EKR=0.66 EKV=2.13 EBANK=0.98 ADEC=1.74 TLD=0.86 KDIV=1.27 KVN=0.63 IGN=0.57 TGL=0.50 KV=1.01
  [rfly_replan t=95.3 big=0] gbest=546.2 | EKR=0.66 EKV=2.13 EBANK=0.98 ADEC=1.74 TLD=0.86 KDIV=1.27 KVN=0.63 IGN=0.57 TGL=0.50 KV=1.01
  [rfly_replan t=105.3 big=0] gbest=546.2 | EKR=0.66 EKV=2.13 EBANK=0.98 ADEC=1.74 TLD=0.86 KDIV=1.27 KVN=0.63 IGN=0.57 TGL=0.50 KV=1.01
  [rfly_replan t=115.3 big=0] gbest=527.5 | EKR=0.87 EKV=2.03 EBANK=1.09 ADEC=1.69 TLD=1.10 KDIV=1.33 KVN=0.50 IGN=0.49 TGL=0.57 KV=1.09
  [rfly_replan t=125.3 big=0] gbest=527.5 | EKR=0.87 EKV=2.03 EBANK=1.09 ADEC=1.69 TLD=1.10 KDIV=1.33 KVN=0.50 IGN=0.49 TGL=0.57 KV=1.09
  [rfly_replan t=135.3 big=0] gbest=527.5 | EKR=0.87 EKV=2.03 EBANK=1.09 ADEC=1.69 TLD=1.10 KDIV=1.33 KVN=0.50 IGN=0.49 TGL=0.57 KV=1.09
  [rfly_replan t=0.0 big=1] gbest=464.9 | EKR=1.31 EKV=0.71 EBANK=1.42 ADEC=0.85 TLD=0.43 KDIV=0.60 KVN=0.66 IGN=0.40 TGL=0.00 KV=1.42
  [rfly_replan t=10.0 big=0] gbest=464.9 | EKR=1.31 EKV=0.71 EBANK=1.42 ADEC=0.85 TLD=0.43 KDIV=0.60 KVN=0.66 IGN=0.40 TGL=0.00 KV=1.42
  [rfly_replan t=16.4 big=0] gbest=680.0 | EKR=1.61 EKV=0.77 EBANK=1.30 ADEC=0.70 TLD=0.39 KDIV=0.52 KVN=0.72 IGN=0.48 TGL=0.03 KV=1.40
  [rfly_replan t=26.5 big=0] gbest=545.7 | EKR=1.67 EKV=0.79 EBANK=1.05 ADEC=0.75 TLD=0.26 KDIV=0.40 KVN=0.81 IGN=0.42 TGL=0.12 KV=1.25
  [rfly_replan t=29.2 big=0] gbest=512.0 | EKR=1.36 EKV=1.03 EBANK=0.89 ADEC=0.77 TLD=0.25 KDIV=0.43 KVN=0.68 IGN=0.74 TGL=0.01 KV=1.04
  [rfly_replan t=39.2 big=0] gbest=512.0 | EKR=1.36 EKV=1.03 EBANK=0.89 ADEC=0.77 TLD=0.25 KDIV=0.43 KVN=0.68 IGN=0.74 TGL=0.01 KV=1.04
  [rfly_replan t=49.2 big=0] gbest=512.0 | EKR=1.36 EKV=1.03 EBANK=0.89 ADEC=0.77 TLD=0.25 KDIV=0.43 KVN=0.68 IGN=0.74 TGL=0.01 KV=1.04
  [rfly_replan t=59.2 big=0] gbest=512.0 | EKR=1.36 EKV=1.03 EBANK=0.89 ADEC=0.77 TLD=0.25 KDIV=0.43 KVN=0.68 IGN=0.74 TGL=0.01 KV=1.04
  [rfly_replan t=69.2 big=0] gbest=407.6 | EKR=0.86 EKV=0.79 EBANK=1.02 ADEC=0.72 TLD=0.32 KDIV=0.56 KVN=0.50 IGN=0.83 TGL=0.00 KV=0.92
  [rfly_replan t=79.2 big=0] gbest=407.6 | EKR=0.86 EKV=0.79 EBANK=1.02 ADEC=0.72 TLD=0.32 KDIV=0.56 KVN=0.50 IGN=0.83 TGL=0.00 KV=0.92
  [rfly_replan t=89.2 big=0] gbest=407.6 | EKR=0.86 EKV=0.79 EBANK=1.02 ADEC=0.72 TLD=0.32 KDIV=0.56 KVN=0.50 IGN=0.83 TGL=0.00 KV=0.92
  [rfly_replan t=99.2 big=0] gbest=256.0 | EKR=1.01 EKV=0.66 EBANK=0.98 ADEC=0.84 TLD=0.53 KDIV=0.55 KVN=0.50 IGN=0.81 TGL=0.00 KV=0.97
  [rfly_replan t=109.3 big=0] gbest=242.8 | EKR=0.70 EKV=0.64 EBANK=1.24 ADEC=0.76 TLD=0.48 KDIV=0.55 KVN=0.50 IGN=0.90 TGL=0.01 KV=0.93
  [rfly_replan t=119.3 big=0] gbest=242.8 | EKR=0.70 EKV=0.64 EBANK=1.24 ADEC=0.76 TLD=0.48 KDIV=0.55 KVN=0.50 IGN=0.90 TGL=0.01 KV=0.93
  [imu] reference LOST t=119.93 float=x gimbal rates o/m/i = -90/1/-2 deg/s (limit 90) MGA=-12.6
  [rfly_replan t=129.3 big=0] gbest=242.8 | EKR=0.70 EKV=0.64 EBANK=1.24 ADEC=0.76 TLD=0.48 KDIV=0.55 KVN=0.50 IGN=0.90 TGL=0.01 KV=0.93
  [rfly_replan t=0.0 big=1] gbest=251.2 | EKR=1.35 EKV=0.86 EBANK=1.63 ADEC=0.83 TLD=0.47 KDIV=0.44 KVN=0.75 IGN=0.46 TGL=0.00 KV=1.57
  [rfly_replan t=10.0 big=0] gbest=251.2 | EKR=1.35 EKV=0.86 EBANK=1.63 ADEC=0.83 TLD=0.47 KDIV=0.44 KVN=0.75 IGN=0.46 TGL=0.00 KV=1.57
  [rfly_replan t=11.1 big=0] gbest=1043.7 | EKR=1.26 EKV=1.61 EBANK=1.95 ADEC=0.77 TLD=0.25 KDIV=0.61 KVN=0.57 IGN=0.57 TGL=0.00 KV=1.66
  [rfly_replan t=21.1 big=0] gbest=641.1 | EKR=1.46 EKV=1.51 EBANK=2.10 ADEC=0.93 TLD=0.66 KDIV=0.74 KVN=0.50 IGN=0.41 TGL=0.13 KV=1.68
  [rfly_replan t=31.1 big=0] gbest=641.1 | EKR=1.46 EKV=1.51 EBANK=2.10 ADEC=0.93 TLD=0.66 KDIV=0.74 KVN=0.50 IGN=0.41 TGL=0.13 KV=1.68
  [rfly_replan t=31.6 big=0] gbest=641.1 | EKR=1.46 EKV=1.51 EBANK=2.10 ADEC=0.93 TLD=0.66 KDIV=0.74 KVN=0.50 IGN=0.41 TGL=0.13 KV=1.68
  [rfly_replan t=41.6 big=0] gbest=381.8 | EKR=1.29 EKV=1.71 EBANK=2.24 ADEC=0.95 TLD=0.59 KDIV=0.94 KVN=0.58 IGN=0.40 TGL=0.06 KV=1.57
  [rfly_replan t=51.6 big=0] gbest=381.8 | EKR=1.29 EKV=1.71 EBANK=2.24 ADEC=0.95 TLD=0.59 KDIV=0.94 KVN=0.58 IGN=0.40 TGL=0.06 KV=1.57
  [rfly_replan t=61.6 big=0] gbest=298.2 | EKR=0.99 EKV=1.23 EBANK=2.42 ADEC=0.97 TLD=0.61 KDIV=0.97 KVN=0.74 IGN=0.60 TGL=0.00 KV=1.58
  [rfly_replan t=71.6 big=0] gbest=252.7 | EKR=1.19 EKV=0.91 EBANK=2.22 ADEC=0.98 TLD=0.58 KDIV=1.01 KVN=0.76 IGN=0.40 TGL=0.01 KV=1.75
  [rfly_replan t=81.6 big=0] gbest=252.7 | EKR=1.19 EKV=0.91 EBANK=2.22 ADEC=0.98 TLD=0.58 KDIV=1.01 KVN=0.76 IGN=0.40 TGL=0.01 KV=1.75
  [rfly_replan t=91.7 big=0] gbest=252.7 | EKR=1.19 EKV=0.91 EBANK=2.22 ADEC=0.98 TLD=0.58 KDIV=1.01 KVN=0.76 IGN=0.40 TGL=0.01 KV=1.75
  [rfly_replan t=101.7 big=0] gbest=252.7 | EKR=1.19 EKV=0.91 EBANK=2.22 ADEC=0.98 TLD=0.58 KDIV=1.01 KVN=0.76 IGN=0.40 TGL=0.01 KV=1.75
  [rfly_replan t=111.7 big=0] gbest=219.2 | EKR=1.69 EKV=0.79 EBANK=2.42 ADEC=1.12 TLD=0.88 KDIV=0.81 KVN=0.50 IGN=0.75 TGL=0.00 KV=1.55
  [imu] reference LOST t=113.26 float=x gimbal rates o/m/i = -90/2/0 deg/s (limit 90) MGA=-6.9
  [rfly_replan t=0.0 big=1] gbest=906.0 | EKR=1.29 EKV=0.94 EBANK=0.63 ADEC=0.92 TLD=0.48 KDIV=1.05 KVN=1.50 IGN=0.80 TGL=0.17 KV=1.25
  [rfly_replan t=5.8 big=0] gbest=830.7 | EKR=0.87 EKV=1.17 EBANK=0.74 ADEC=1.00 TLD=0.50 KDIV=0.86 KVN=1.41 IGN=1.18 TGL=0.39 KV=1.18
  [rfly_replan t=15.8 big=0] gbest=604.8 | EKR=0.94 EKV=1.21 EBANK=0.72 ADEC=1.03 TLD=0.46 KDIV=1.01 KVN=1.41 IGN=1.82 TGL=0.38 KV=1.39
  [rfly_replan t=25.8 big=0] gbest=604.8 | EKR=0.94 EKV=1.21 EBANK=0.72 ADEC=1.03 TLD=0.46 KDIV=1.01 KVN=1.41 IGN=1.82 TGL=0.38 KV=1.39
  [rfly_replan t=35.7 big=0] gbest=604.8 | EKR=0.94 EKV=1.21 EBANK=0.72 ADEC=1.03 TLD=0.46 KDIV=1.01 KVN=1.41 IGN=1.82 TGL=0.38 KV=1.39
  [rfly_replan t=45.7 big=0] gbest=474.8 | EKR=0.69 EKV=1.72 EBANK=0.69 ADEC=1.01 TLD=0.42 KDIV=0.97 KVN=1.41 IGN=1.55 TGL=0.37 KV=1.11
  [rfly_replan t=55.7 big=0] gbest=474.8 | EKR=0.69 EKV=1.72 EBANK=0.69 ADEC=1.01 TLD=0.42 KDIV=0.97 KVN=1.41 IGN=1.55 TGL=0.37 KV=1.11
  [rfly_replan t=65.7 big=0] gbest=449.2 | EKR=0.72 EKV=1.90 EBANK=0.82 ADEC=1.01 TLD=0.40 KDIV=0.93 KVN=1.40 IGN=1.56 TGL=0.36 KV=0.91
  [rfly_replan t=75.7 big=0] gbest=449.2 | EKR=0.72 EKV=1.90 EBANK=0.82 ADEC=1.01 TLD=0.40 KDIV=0.93 KVN=1.40 IGN=1.56 TGL=0.36 KV=0.91
  [rfly_replan t=85.7 big=0] gbest=449.2 | EKR=0.72 EKV=1.90 EBANK=0.82 ADEC=1.01 TLD=0.40 KDIV=0.93 KVN=1.40 IGN=1.56 TGL=0.36 KV=0.91
  [rfly_replan t=95.7 big=0] gbest=449.2 | EKR=0.72 EKV=1.90 EBANK=0.82 ADEC=1.01 TLD=0.40 KDIV=0.93 KVN=1.40 IGN=1.56 TGL=0.36 KV=0.91
  [rfly_replan t=105.7 big=0] gbest=357.1 | EKR=0.77 EKV=2.16 EBANK=0.75 ADEC=1.03 TLD=0.32 KDIV=0.80 KVN=1.43 IGN=1.81 TGL=0.39 KV=1.08
  [rfly_replan t=115.8 big=0] gbest=357.1 | EKR=0.77 EKV=2.16 EBANK=0.75 ADEC=1.03 TLD=0.32 KDIV=0.80 KVN=1.43 IGN=1.81 TGL=0.39 KV=1.08
  [rfly_replan t=125.8 big=0] gbest=352.8 | EKR=0.52 EKV=2.36 EBANK=0.95 ADEC=0.90 TLD=0.25 KDIV=1.07 KVN=1.61 IGN=2.26 TGL=0.34 KV=1.20
  [imu] reference LOST t=127.67 float=x gimbal rates o/m/i = -90/4/4 deg/s (limit 90) MGA=2.9
  [rfly_replan t=135.8 big=0] gbest=352.8 | EKR=0.52 EKV=2.36 EBANK=0.95 ADEC=0.90 TLD=0.25 KDIV=1.07 KVN=1.61 IGN=2.26 TGL=0.34 KV=1.20
  [rfly_replan t=0.0 big=1] gbest=442.8 | EKR=1.19 EKV=1.14 EBANK=1.56 ADEC=0.83 TLD=0.36 KDIV=0.71 KVN=0.65 IGN=1.77 TGL=0.18 KV=1.39
  [rfly_replan t=10.0 big=0] gbest=442.8 | EKR=1.19 EKV=1.14 EBANK=1.56 ADEC=0.83 TLD=0.36 KDIV=0.71 KVN=0.65 IGN=1.77 TGL=0.18 KV=1.39
  [rfly_replan t=14.4 big=0] gbest=5619.5 | EKR=1.12 EKV=1.24 EBANK=1.63 ADEC=0.88 TLD=0.36 KDIV=0.83 KVN=0.82 IGN=1.84 TGL=0.32 KV=1.39
  [rfly_replan t=24.4 big=0] gbest=729.1 | EKR=1.33 EKV=1.52 EBANK=1.51 ADEC=0.83 TLD=0.42 KDIV=0.67 KVN=0.85 IGN=2.07 TGL=0.45 KV=1.35
  [rfly_replan t=29.6 big=0] gbest=626.2 | EKR=1.62 EKV=1.61 EBANK=1.53 ADEC=0.81 TLD=0.32 KDIV=0.67 KVN=0.83 IGN=2.11 TGL=0.48 KV=1.36
  [rfly_replan t=39.6 big=0] gbest=626.2 | EKR=1.62 EKV=1.61 EBANK=1.53 ADEC=0.81 TLD=0.32 KDIV=0.67 KVN=0.83 IGN=2.11 TGL=0.48 KV=1.36
  [rfly_replan t=49.6 big=0] gbest=626.2 | EKR=1.62 EKV=1.61 EBANK=1.53 ADEC=0.81 TLD=0.32 KDIV=0.67 KVN=0.83 IGN=2.11 TGL=0.48 KV=1.36
  [rfly_replan t=59.6 big=0] gbest=626.2 | EKR=1.62 EKV=1.61 EBANK=1.53 ADEC=0.81 TLD=0.32 KDIV=0.67 KVN=0.83 IGN=2.11 TGL=0.48 KV=1.36
  [rfly_replan t=69.6 big=0] gbest=626.2 | EKR=1.62 EKV=1.61 EBANK=1.53 ADEC=0.81 TLD=0.32 KDIV=0.67 KVN=0.83 IGN=2.11 TGL=0.48 KV=1.36
  [rfly_replan t=79.6 big=0] gbest=626.2 | EKR=1.62 EKV=1.61 EBANK=1.53 ADEC=0.81 TLD=0.32 KDIV=0.67 KVN=0.83 IGN=2.11 TGL=0.48 KV=1.36
  [rfly_replan t=89.6 big=0] gbest=626.2 | EKR=1.62 EKV=1.61 EBANK=1.53 ADEC=0.81 TLD=0.32 KDIV=0.67 KVN=0.83 IGN=2.11 TGL=0.48 KV=1.36
  [rfly_replan t=99.7 big=0] gbest=626.2 | EKR=1.62 EKV=1.61 EBANK=1.53 ADEC=0.81 TLD=0.32 KDIV=0.67 KVN=0.83 IGN=2.11 TGL=0.48 KV=1.36
  [rfly_replan t=109.7 big=0] gbest=626.2 | EKR=1.62 EKV=1.61 EBANK=1.53 ADEC=0.81 TLD=0.32 KDIV=0.67 KVN=0.83 IGN=2.11 TGL=0.48 KV=1.36
  [rfly_replan t=119.7 big=0] gbest=625.6 | EKR=1.87 EKV=1.83 EBANK=1.87 ADEC=0.71 TLD=0.48 KDIV=0.51 KVN=0.73 IGN=1.86 TGL=0.64 KV=1.10
  [rfly_replan t=129.7 big=0] gbest=625.6 | EKR=1.87 EKV=1.83 EBANK=1.87 ADEC=0.71 TLD=0.48 KDIV=0.51 KVN=0.73 IGN=1.86 TGL=0.64 KV=1.10
  [rfly_replan t=0.0 big=1] gbest=419.7 | EKR=0.34 EKV=0.68 EBANK=1.57 ADEC=1.33 TLD=0.57 KDIV=0.40 KVN=0.76 IGN=1.09 TGL=0.40 KV=1.53
  [rfly_replan t=9.1 big=0] gbest=738.2 | EKR=0.54 EKV=0.68 EBANK=1.55 ADEC=1.34 TLD=0.64 KDIV=0.40 KVN=0.93 IGN=0.92 TGL=0.42 KV=1.50
  [rfly_replan t=19.1 big=0] gbest=480.4 | EKR=0.63 EKV=0.80 EBANK=1.55 ADEC=1.56 TLD=0.51 KDIV=0.42 KVN=0.86 IGN=0.78 TGL=0.41 KV=1.45
  [rfly_replan t=29.1 big=0] gbest=480.4 | EKR=0.63 EKV=0.80 EBANK=1.55 ADEC=1.56 TLD=0.51 KDIV=0.42 KVN=0.86 IGN=0.78 TGL=0.41 KV=1.45
  [rfly_replan t=30.7 big=0] gbest=480.4 | EKR=0.63 EKV=0.80 EBANK=1.55 ADEC=1.56 TLD=0.51 KDIV=0.42 KVN=0.86 IGN=0.78 TGL=0.41 KV=1.45
  [rfly_replan t=40.7 big=0] gbest=480.4 | EKR=0.63 EKV=0.80 EBANK=1.55 ADEC=1.56 TLD=0.51 KDIV=0.42 KVN=0.86 IGN=0.78 TGL=0.41 KV=1.45
  [rfly_replan t=50.7 big=0] gbest=356.7 | EKR=0.58 EKV=1.18 EBANK=1.43 ADEC=1.60 TLD=0.50 KDIV=0.43 KVN=1.04 IGN=0.81 TGL=0.35 KV=1.61
  [rfly_replan t=60.7 big=0] gbest=356.7 | EKR=0.58 EKV=1.18 EBANK=1.43 ADEC=1.60 TLD=0.50 KDIV=0.43 KVN=1.04 IGN=0.81 TGL=0.35 KV=1.61
  [rfly_replan t=70.7 big=0] gbest=356.7 | EKR=0.58 EKV=1.18 EBANK=1.43 ADEC=1.60 TLD=0.50 KDIV=0.43 KVN=1.04 IGN=0.81 TGL=0.35 KV=1.61
  [rfly_replan t=80.8 big=0] gbest=337.2 | EKR=0.56 EKV=1.32 EBANK=1.28 ADEC=1.64 TLD=0.53 KDIV=0.46 KVN=1.13 IGN=0.85 TGL=0.37 KV=1.51
  [rfly_replan t=90.8 big=0] gbest=229.5 | EKR=0.59 EKV=1.31 EBANK=1.28 ADEC=1.65 TLD=0.53 KDIV=0.47 KVN=1.20 IGN=0.86 TGL=0.21 KV=1.56
  [rfly_replan t=100.8 big=0] gbest=129.1 | EKR=0.83 EKV=1.11 EBANK=1.40 ADEC=1.84 TLD=0.75 KDIV=0.40 KVN=1.38 IGN=0.80 TGL=0.28 KV=1.51
  [imu] reference LOST t=101.76 float=x gimbal rates o/m/i = -90/-10/1 deg/s (limit 90) MGA=-3.3
  [rfly_replan t=0.0 big=1] gbest=676.3 | EKR=1.20 EKV=0.73 EBANK=0.60 ADEC=0.54 TLD=0.52 KDIV=1.26 KVN=1.07 IGN=0.91 TGL=0.00 KV=1.34
  [rfly_replan t=10.0 big=0] gbest=634.4 | EKR=0.85 EKV=0.68 EBANK=0.61 ADEC=0.55 TLD=0.26 KDIV=1.21 KVN=1.12 IGN=0.80 TGL=0.00 KV=1.31
  [rfly_replan t=17.7 big=0] gbest=9781.7 | EKR=1.18 EKV=0.87 EBANK=0.68 ADEC=0.81 TLD=0.34 KDIV=1.37 KVN=1.09 IGN=0.40 TGL=0.04 KV=1.10
  [rfly_replan t=27.7 big=0] gbest=8846.1 | EKR=0.94 EKV=0.73 EBANK=0.60 ADEC=0.78 TLD=0.35 KDIV=1.46 KVN=1.22 IGN=0.63 TGL=0.00 KV=1.10
  [rfly_replan t=28.7 big=0] gbest=7468.4 | EKR=1.33 EKV=0.83 EBANK=0.67 ADEC=1.02 TLD=0.42 KDIV=1.48 KVN=1.19 IGN=0.65 TGL=0.00 KV=0.92
  [rfly_replan t=38.7 big=0] gbest=7001.1 | EKR=0.82 EKV=0.81 EBANK=0.60 ADEC=1.13 TLD=0.47 KDIV=1.49 KVN=1.17 IGN=0.70 TGL=0.01 KV=0.95
  [rfly_replan t=48.7 big=0] gbest=6361.5 | EKR=0.80 EKV=1.05 EBANK=0.60 ADEC=1.28 TLD=0.53 KDIV=1.65 KVN=1.31 IGN=0.41 TGL=0.19 KV=1.07
  [rfly_replan t=58.7 big=0] gbest=6361.5 | EKR=0.80 EKV=1.05 EBANK=0.60 ADEC=1.28 TLD=0.53 KDIV=1.65 KVN=1.31 IGN=0.41 TGL=0.19 KV=1.07
  [rfly_replan t=68.8 big=0] gbest=6304.7 | EKR=0.53 EKV=1.07 EBANK=0.64 ADEC=1.41 TLD=0.79 KDIV=1.84 KVN=1.31 IGN=0.40 TGL=0.15 KV=1.52
  [rfly_replan t=78.8 big=0] gbest=6108.6 | EKR=0.30 EKV=0.94 EBANK=0.60 ADEC=1.22 TLD=0.45 KDIV=1.84 KVN=1.09 IGN=0.40 TGL=0.18 KV=1.65
  [rfly_replan t=88.8 big=0] gbest=6108.6 | EKR=0.30 EKV=0.94 EBANK=0.60 ADEC=1.22 TLD=0.45 KDIV=1.84 KVN=1.09 IGN=0.40 TGL=0.18 KV=1.65
  [rfly_replan t=98.8 big=0] gbest=6108.6 | EKR=0.30 EKV=0.94 EBANK=0.60 ADEC=1.22 TLD=0.45 KDIV=1.84 KVN=1.09 IGN=0.40 TGL=0.18 KV=1.65
  [rfly_replan t=108.8 big=0] gbest=6108.6 | EKR=0.30 EKV=0.94 EBANK=0.60 ADEC=1.22 TLD=0.45 KDIV=1.84 KVN=1.09 IGN=0.40 TGL=0.18 KV=1.65
  [rfly_replan t=118.9 big=0] gbest=6018.9 | EKR=0.30 EKV=0.94 EBANK=0.64 ADEC=1.34 TLD=0.35 KDIV=1.71 KVN=0.89 IGN=0.80 TGL=0.02 KV=1.48
  [rfly_replan t=0.0 big=1] gbest=601.0 | EKR=1.01 EKV=1.30 EBANK=1.47 ADEC=1.14 TLD=0.52 KDIV=0.56 KVN=0.61 IGN=0.68 TGL=0.41 KV=0.66
  [rfly_replan t=10.0 big=0] gbest=458.4 | EKR=0.97 EKV=1.17 EBANK=1.47 ADEC=1.11 TLD=0.46 KDIV=0.54 KVN=0.73 IGN=0.40 TGL=0.33 KV=0.51
  [rfly_replan t=12.4 big=0] gbest=1100.4 | EKR=1.15 EKV=1.06 EBANK=1.66 ADEC=0.99 TLD=0.53 KDIV=0.40 KVN=0.80 IGN=0.40 TGL=0.39 KV=0.50
  [rfly_replan t=22.4 big=0] gbest=814.2 | EKR=1.43 EKV=0.83 EBANK=1.66 ADEC=1.09 TLD=0.56 KDIV=0.41 KVN=0.76 IGN=0.40 TGL=0.23 KV=0.50
  [rfly_replan t=32.4 big=0] gbest=700.3 | EKR=1.42 EKV=0.58 EBANK=1.47 ADEC=1.29 TLD=0.69 KDIV=0.40 KVN=0.70 IGN=0.40 TGL=0.04 KV=0.63
  [rfly_replan t=32.8 big=0] gbest=685.2 | EKR=1.55 EKV=0.68 EBANK=1.68 ADEC=1.25 TLD=0.64 KDIV=0.40 KVN=0.72 IGN=0.42 TGL=0.05 KV=0.61
  [rfly_replan t=42.8 big=0] gbest=576.9 | EKR=1.79 EKV=0.64 EBANK=1.78 ADEC=1.27 TLD=0.67 KDIV=0.40 KVN=0.65 IGN=0.56 TGL=0.05 KV=0.61
  [rfly_replan t=52.8 big=0] gbest=554.4 | EKR=1.72 EKV=0.65 EBANK=1.82 ADEC=1.26 TLD=0.66 KDIV=0.40 KVN=0.50 IGN=0.45 TGL=0.08 KV=0.63
  [rfly_replan t=62.8 big=0] gbest=554.4 | EKR=1.72 EKV=0.65 EBANK=1.82 ADEC=1.26 TLD=0.66 KDIV=0.40 KVN=0.50 IGN=0.45 TGL=0.08 KV=0.63
  [rfly_replan t=72.8 big=0] gbest=530.4 | EKR=1.85 EKV=0.38 EBANK=2.00 ADEC=1.40 TLD=0.88 KDIV=0.59 KVN=0.55 IGN=0.40 TGL=0.00 KV=0.50
  [rfly_replan t=82.8 big=0] gbest=530.4 | EKR=1.85 EKV=0.38 EBANK=2.00 ADEC=1.40 TLD=0.88 KDIV=0.59 KVN=0.55 IGN=0.40 TGL=0.00 KV=0.50
  [rfly_replan t=92.9 big=0] gbest=530.4 | EKR=1.85 EKV=0.38 EBANK=2.00 ADEC=1.40 TLD=0.88 KDIV=0.59 KVN=0.55 IGN=0.40 TGL=0.00 KV=0.50
  [rfly_replan t=102.9 big=0] gbest=408.1 | EKR=2.10 EKV=0.50 EBANK=1.97 ADEC=1.41 TLD=0.78 KDIV=0.60 KVN=0.54 IGN=0.41 TGL=0.16 KV=0.58
  [rfly_replan t=112.9 big=0] gbest=403.7 | EKR=2.10 EKV=0.50 EBANK=1.97 ADEC=1.41 TLD=0.78 KDIV=0.60 KVN=0.54 IGN=0.41 TGL=0.16 KV=0.58
  [rfly_replan t=122.9 big=0] gbest=408.1 | EKR=2.10 EKV=0.50 EBANK=1.97 ADEC=1.41 TLD=0.78 KDIV=0.60 KVN=0.54 IGN=0.41 TGL=0.16 KV=0.58
  [imu] reference LOST t=126.45 float=x gimbal rates o/m/i = -90/-0/4 deg/s (limit 90) MGA=-6.6
  [rfly_replan t=132.9 big=0] gbest=408.1 | EKR=2.10 EKV=0.50 EBANK=1.97 ADEC=1.41 TLD=0.78 KDIV=0.60 KVN=0.54 IGN=0.41 TGL=0.16 KV=0.58
  [rfly_replan t=0.0 big=1] gbest=546.9 | EKR=0.99 EKV=0.78 EBANK=0.68 ADEC=0.40 TLD=0.58 KDIV=0.55 KVN=1.71 IGN=1.20 TGL=0.47 KV=1.66
  [rfly_replan t=7.0 big=0] gbest=744.3 | EKR=1.32 EKV=0.92 EBANK=0.99 ADEC=0.68 TLD=0.31 KDIV=0.55 KVN=1.44 IGN=1.51 TGL=0.73 KV=1.58
  [rfly_replan t=17.0 big=0] gbest=594.1 | EKR=1.30 EKV=0.89 EBANK=0.91 ADEC=0.75 TLD=0.34 KDIV=0.53 KVN=1.43 IGN=1.50 TGL=0.86 KV=1.57
  [rfly_replan t=27.0 big=0] gbest=594.1 | EKR=1.30 EKV=0.89 EBANK=0.91 ADEC=0.75 TLD=0.34 KDIV=0.53 KVN=1.43 IGN=1.50 TGL=0.86 KV=1.57
  [rfly_replan t=33.9 big=0] gbest=398.9 | EKR=1.07 EKV=1.03 EBANK=1.02 ADEC=0.75 TLD=0.25 KDIV=0.54 KVN=1.59 IGN=1.48 TGL=0.95 KV=1.44
  [rfly_replan t=43.9 big=0] gbest=398.9 | EKR=1.07 EKV=1.03 EBANK=1.02 ADEC=0.75 TLD=0.25 KDIV=0.54 KVN=1.59 IGN=1.48 TGL=0.95 KV=1.44
  [rfly_replan t=53.9 big=0] gbest=398.9 | EKR=1.07 EKV=1.03 EBANK=1.02 ADEC=0.75 TLD=0.25 KDIV=0.54 KVN=1.59 IGN=1.48 TGL=0.95 KV=1.44
  [rfly_replan t=63.9 big=0] gbest=398.9 | EKR=1.07 EKV=1.03 EBANK=1.02 ADEC=0.75 TLD=0.25 KDIV=0.54 KVN=1.59 IGN=1.48 TGL=0.95 KV=1.44
  [rfly_replan t=73.9 big=0] gbest=398.9 | EKR=1.07 EKV=1.03 EBANK=1.02 ADEC=0.75 TLD=0.25 KDIV=0.54 KVN=1.59 IGN=1.48 TGL=0.95 KV=1.44
  [rfly_replan t=83.9 big=0] gbest=398.9 | EKR=1.07 EKV=1.03 EBANK=1.02 ADEC=0.75 TLD=0.25 KDIV=0.54 KVN=1.59 IGN=1.48 TGL=0.95 KV=1.44
  [rfly_replan t=93.9 big=0] gbest=388.8 | EKR=0.79 EKV=1.22 EBANK=0.82 ADEC=0.79 TLD=0.25 KDIV=0.50 KVN=1.89 IGN=1.49 TGL=0.97 KV=1.33
  [rfly_replan t=103.9 big=0] gbest=388.8 | EKR=0.79 EKV=1.22 EBANK=0.82 ADEC=0.79 TLD=0.25 KDIV=0.50 KVN=1.89 IGN=1.49 TGL=0.97 KV=1.33
  [imu] reference LOST t=113.56 float=x gimbal rates o/m/i = -90/10/-3 deg/s (limit 90) MGA=-4.6
  [rfly_replan t=114.0 big=0] gbest=376.2 | EKR=0.99 EKV=1.44 EBANK=0.68 ADEC=0.58 TLD=0.25 KDIV=0.40 KVN=1.86 IGN=1.70 TGL=1.04 KV=1.14
  [rfly_replan t=124.0 big=0] gbest=376.2 | EKR=0.99 EKV=1.44 EBANK=0.68 ADEC=0.58 TLD=0.25 KDIV=0.40 KVN=1.86 IGN=1.70 TGL=1.04 KV=1.14
  [rfly_replan t=0.0 big=1] gbest=835.0 | EKR=0.30 EKV=0.32 EBANK=1.42 ADEC=0.87 TLD=1.40 KDIV=1.49 KVN=0.84 IGN=0.49 TGL=0.18 KV=1.44
  [rfly_replan t=10.0 big=0] gbest=835.0 | EKR=0.30 EKV=0.32 EBANK=1.42 ADEC=0.87 TLD=1.40 KDIV=1.49 KVN=0.84 IGN=0.49 TGL=0.18 KV=1.44
  [rfly_replan t=15.7 big=0] gbest=128738.8 | EKR=0.56 EKV=0.32 EBANK=1.13 ADEC=1.04 TLD=1.74 KDIV=1.52 KVN=0.94 IGN=0.40 TGL=0.28 KV=1.30
  [rfly_replan t=25.7 big=0] gbest=49940.0 | EKR=0.89 EKV=0.46 EBANK=0.92 ADEC=1.36 TLD=1.79 KDIV=1.40 KVN=0.77 IGN=0.48 TGL=0.22 KV=1.58
  [rfly_replan t=30.6 big=0] gbest=48735.3 | EKR=0.96 EKV=0.43 EBANK=0.89 ADEC=1.38 TLD=1.48 KDIV=1.44 KVN=0.79 IGN=0.59 TGL=0.09 KV=1.71
  [rfly_replan t=40.6 big=0] gbest=47226.0 | EKR=1.02 EKV=0.31 EBANK=1.13 ADEC=1.57 TLD=1.72 KDIV=1.67 KVN=0.78 IGN=1.04 TGL=0.22 KV=1.45
  [rfly_replan t=50.6 big=0] gbest=46661.4 | EKR=0.64 EKV=0.62 EBANK=1.24 ADEC=1.55 TLD=1.51 KDIV=1.62 KVN=1.00 IGN=1.18 TGL=0.41 KV=1.69
  [rfly_replan t=60.6 big=0] gbest=46573.6 | EKR=0.69 EKV=0.69 EBANK=1.23 ADEC=1.32 TLD=1.23 KDIV=1.57 KVN=1.04 IGN=1.18 TGL=0.56 KV=1.68
  [rfly_replan t=70.6 big=0] gbest=46505.8 | EKR=0.74 EKV=0.72 EBANK=1.20 ADEC=1.33 TLD=1.28 KDIV=1.59 KVN=1.20 IGN=1.20 TGL=0.53 KV=1.72
  [rfly_replan t=80.6 big=0] gbest=46505.8 | EKR=0.74 EKV=0.72 EBANK=1.20 ADEC=1.33 TLD=1.28 KDIV=1.59 KVN=1.20 IGN=1.20 TGL=0.53 KV=1.72
  [rfly_replan t=90.6 big=0] gbest=46428.9 | EKR=0.72 EKV=0.68 EBANK=1.20 ADEC=1.32 TLD=1.15 KDIV=1.58 KVN=1.25 IGN=1.22 TGL=0.31 KV=1.70
  [rfly_replan t=100.7 big=0] gbest=46428.9 | EKR=0.72 EKV=0.68 EBANK=1.20 ADEC=1.32 TLD=1.15 KDIV=1.58 KVN=1.25 IGN=1.22 TGL=0.31 KV=1.70
  [rfly_replan t=110.7 big=0] gbest=46262.5 | EKR=1.01 EKV=0.54 EBANK=1.06 ADEC=1.59 TLD=1.18 KDIV=1.60 KVN=1.25 IGN=1.20 TGL=0.25 KV=1.73
  [rfly_replan t=120.7 big=0] gbest=46162.3 | EKR=1.40 EKV=0.33 EBANK=1.16 ADEC=1.43 TLD=1.29 KDIV=1.65 KVN=1.19 IGN=1.23 TGL=0.20 KV=1.78
  [imu] reference LOST t=129.70 float=x gimbal rates o/m/i = -90/-2/6 deg/s (limit 90) MGA=-2.0
  [rfly_replan t=130.7 big=0] gbest=46162.3 | EKR=1.48 EKV=0.30 EBANK=1.31 ADEC=1.22 TLD=1.37 KDIV=1.60 KVN=1.18 IGN=0.92 TGL=0.10 KV=1.71
  [rfly_replan t=0.0 big=1] gbest=524.2 | EKR=0.89 EKV=1.40 EBANK=1.23 ADEC=0.80 TLD=2.29 KDIV=0.92 KVN=0.92 IGN=1.13 TGL=0.00 KV=1.33
  [rfly_replan t=10.0 big=0] gbest=513.0 | EKR=0.83 EKV=1.20 EBANK=1.34 ADEC=0.66 TLD=2.24 KDIV=0.94 KVN=0.95 IGN=0.99 TGL=0.00 KV=1.62
  [rfly_replan t=10.3 big=0] gbest=1303.2 | EKR=0.81 EKV=1.50 EBANK=0.92 ADEC=0.72 TLD=2.12 KDIV=0.97 KVN=0.80 IGN=1.04 TGL=0.14 KV=1.51
  [rfly_replan t=20.3 big=0] gbest=1303.2 | EKR=0.81 EKV=1.50 EBANK=0.92 ADEC=0.72 TLD=2.12 KDIV=0.97 KVN=0.80 IGN=1.04 TGL=0.14 KV=1.51
  [rfly_replan t=30.4 big=0] gbest=559.6 | EKR=0.56 EKV=1.29 EBANK=0.63 ADEC=0.70 TLD=1.90 KDIV=0.81 KVN=0.76 IGN=1.04 TGL=0.27 KV=1.46
  [rfly_replan t=31.1 big=0] gbest=559.6 | EKR=0.56 EKV=1.29 EBANK=0.63 ADEC=0.70 TLD=1.90 KDIV=0.81 KVN=0.76 IGN=1.04 TGL=0.27 KV=1.46
  [rfly_replan t=41.1 big=0] gbest=559.6 | EKR=0.56 EKV=1.29 EBANK=0.63 ADEC=0.70 TLD=1.90 KDIV=0.81 KVN=0.76 IGN=1.04 TGL=0.27 KV=1.46
  [rfly_replan t=51.1 big=0] gbest=559.6 | EKR=0.56 EKV=1.29 EBANK=0.63 ADEC=0.70 TLD=1.90 KDIV=0.81 KVN=0.76 IGN=1.04 TGL=0.27 KV=1.46
  [rfly_replan t=61.1 big=0] gbest=311.8 | EKR=0.53 EKV=1.57 EBANK=0.65 ADEC=0.71 TLD=1.88 KDIV=0.82 KVN=0.62 IGN=1.05 TGL=0.21 KV=1.47
  [rfly_replan t=71.1 big=0] gbest=311.8 | EKR=0.53 EKV=1.57 EBANK=0.65 ADEC=0.71 TLD=1.88 KDIV=0.82 KVN=0.62 IGN=1.05 TGL=0.21 KV=1.47
  [rfly_replan t=81.1 big=0] gbest=311.8 | EKR=0.53 EKV=1.57 EBANK=0.65 ADEC=0.71 TLD=1.88 KDIV=0.82 KVN=0.62 IGN=1.05 TGL=0.21 KV=1.47
  [rfly_replan t=91.1 big=0] gbest=311.8 | EKR=0.53 EKV=1.57 EBANK=0.65 ADEC=0.71 TLD=1.88 KDIV=0.82 KVN=0.62 IGN=1.05 TGL=0.21 KV=1.47
  [rfly_replan t=101.1 big=0] gbest=287.9 | EKR=0.46 EKV=1.60 EBANK=0.60 ADEC=0.59 TLD=1.71 KDIV=0.90 KVN=0.66 IGN=0.84 TGL=0.39 KV=1.59
  [imu] reference LOST t=107.09 float=x gimbal rates o/m/i = 90/8/-5 deg/s (limit 90) MGA=5.6
  [rfly_replan t=111.2 big=0] gbest=287.9 | EKR=0.46 EKV=1.60 EBANK=0.60 ADEC=0.59 TLD=1.71 KDIV=0.90 KVN=0.66 IGN=0.84 TGL=0.39 KV=1.59
  [rfly_replan t=0.0 big=1] gbest=284.0 | EKR=0.87 EKV=0.50 EBANK=0.63 ADEC=0.51 TLD=1.17 KDIV=1.20 KVN=1.58 IGN=1.61 TGL=0.63 KV=1.56
  [rfly_replan t=5.0 big=0] gbest=534.5 | EKR=0.65 EKV=0.68 EBANK=0.73 ADEC=0.48 TLD=1.03 KDIV=1.19 KVN=1.65 IGN=1.77 TGL=0.80 KV=1.46
  [rfly_replan t=15.0 big=0] gbest=534.5 | EKR=0.65 EKV=0.68 EBANK=0.73 ADEC=0.48 TLD=1.03 KDIV=1.19 KVN=1.65 IGN=1.77 TGL=0.80 KV=1.46
  [rfly_replan t=25.0 big=0] gbest=534.5 | EKR=0.65 EKV=0.68 EBANK=0.73 ADEC=0.48 TLD=1.03 KDIV=1.19 KVN=1.65 IGN=1.77 TGL=0.80 KV=1.46
  [rfly_replan t=33.5 big=0] gbest=315.3 | EKR=0.36 EKV=0.67 EBANK=0.73 ADEC=0.47 TLD=1.25 KDIV=1.15 KVN=1.84 IGN=1.71 TGL=0.73 KV=1.42
  [rfly_replan t=43.5 big=0] gbest=315.3 | EKR=0.36 EKV=0.67 EBANK=0.73 ADEC=0.47 TLD=1.25 KDIV=1.15 KVN=1.84 IGN=1.71 TGL=0.73 KV=1.42
  [rfly_replan t=53.5 big=0] gbest=279.4 | EKR=0.32 EKV=0.66 EBANK=0.78 ADEC=0.49 TLD=1.39 KDIV=1.22 KVN=2.04 IGN=1.73 TGL=0.93 KV=1.56
  [rfly_replan t=63.5 big=0] gbest=279.4 | EKR=0.32 EKV=0.66 EBANK=0.78 ADEC=0.49 TLD=1.39 KDIV=1.22 KVN=2.04 IGN=1.73 TGL=0.93 KV=1.56
  [rfly_replan t=73.5 big=0] gbest=279.4 | EKR=0.32 EKV=0.66 EBANK=0.78 ADEC=0.49 TLD=1.39 KDIV=1.22 KVN=2.04 IGN=1.73 TGL=0.93 KV=1.56
  [rfly_replan t=83.5 big=0] gbest=217.7 | EKR=0.37 EKV=0.81 EBANK=0.92 ADEC=0.48 TLD=1.40 KDIV=1.36 KVN=2.25 IGN=1.91 TGL=0.97 KV=1.56
  [rfly_replan t=93.5 big=0] gbest=217.8 | EKR=0.37 EKV=0.81 EBANK=0.92 ADEC=0.48 TLD=1.40 KDIV=1.36 KVN=2.25 IGN=1.91 TGL=0.97 KV=1.56
  [imu] reference LOST t=98.07 float=x gimbal rates o/m/i = -90/-8/-7 deg/s (limit 90) MGA=4.3
  [rfly_replan t=103.5 big=0] gbest=215.0 | EKR=0.30 EKV=1.07 EBANK=0.92 ADEC=0.53 TLD=1.19 KDIV=1.42 KVN=2.46 IGN=1.91 TGL=0.90 KV=1.65
  [rfly_replan t=0.0 big=1] gbest=354.3 | EKR=1.20 EKV=0.73 EBANK=0.60 ADEC=0.54 TLD=0.52 KDIV=1.26 KVN=1.07 IGN=0.91 TGL=0.00 KV=1.34
  [rfly_replan t=10.0 big=0] gbest=354.3 | EKR=1.20 EKV=0.73 EBANK=0.60 ADEC=0.54 TLD=0.52 KDIV=1.26 KVN=1.07 IGN=0.91 TGL=0.00 KV=1.34
  [rfly_replan t=13.6 big=0] gbest=5752.8 | EKR=1.14 EKV=1.15 EBANK=0.72 ADEC=0.63 TLD=0.71 KDIV=0.99 KVN=0.98 IGN=0.93 TGL=0.00 KV=1.38
  [rfly_replan t=23.6 big=0] gbest=1083.7 | EKR=1.63 EKV=1.19 EBANK=0.67 ADEC=0.66 TLD=0.66 KDIV=0.91 KVN=0.89 IGN=0.93 TGL=0.19 KV=1.41
  [rfly_replan t=30.9 big=0] gbest=1083.7 | EKR=1.63 EKV=1.19 EBANK=0.67 ADEC=0.66 TLD=0.66 KDIV=0.91 KVN=0.89 IGN=0.93 TGL=0.19 KV=1.41
  [rfly_replan t=40.9 big=0] gbest=1083.7 | EKR=1.63 EKV=1.19 EBANK=0.67 ADEC=0.66 TLD=0.66 KDIV=0.91 KVN=0.89 IGN=0.93 TGL=0.19 KV=1.41
  [rfly_replan t=50.9 big=0] gbest=628.7 | EKR=1.06 EKV=1.25 EBANK=0.75 ADEC=0.43 TLD=0.68 KDIV=1.09 KVN=0.84 IGN=1.11 TGL=0.16 KV=1.35
  [rfly_replan t=60.9 big=0] gbest=517.6 | EKR=1.34 EKV=1.20 EBANK=0.71 ADEC=0.40 TLD=0.69 KDIV=1.27 KVN=0.79 IGN=1.12 TGL=0.34 KV=1.33
  [rfly_replan t=70.9 big=0] gbest=517.6 | EKR=1.34 EKV=1.20 EBANK=0.71 ADEC=0.40 TLD=0.69 KDIV=1.27 KVN=0.79 IGN=1.12 TGL=0.34 KV=1.33
  [rfly_replan t=81.0 big=0] gbest=493.2 | EKR=1.52 EKV=1.36 EBANK=0.70 ADEC=0.40 TLD=0.70 KDIV=1.29 KVN=0.77 IGN=1.39 TGL=0.32 KV=1.25
  [rfly_replan t=91.0 big=0] gbest=493.2 | EKR=1.52 EKV=1.36 EBANK=0.70 ADEC=0.40 TLD=0.70 KDIV=1.29 KVN=0.77 IGN=1.39 TGL=0.32 KV=1.25
  [rfly_replan t=101.0 big=0] gbest=454.6 | EKR=1.62 EKV=1.48 EBANK=0.60 ADEC=0.40 TLD=0.58 KDIV=1.30 KVN=0.52 IGN=1.41 TGL=0.24 KV=1.28
  [rfly_replan t=111.0 big=0] gbest=434.2 | EKR=1.18 EKV=1.70 EBANK=0.61 ADEC=0.40 TLD=0.43 KDIV=1.36 KVN=0.67 IGN=1.29 TGL=0.23 KV=1.25
  [imu] reference LOST t=116.97 float=x gimbal rates o/m/i = -90/0/-9 deg/s (limit 90) MGA=-0.8
  [rfly_replan t=121.0 big=0] gbest=434.2 | EKR=1.18 EKV=1.70 EBANK=0.61 ADEC=0.40 TLD=0.43 KDIV=1.36 KVN=0.67 IGN=1.29 TGL=0.23 KV=1.25
  [rfly_replan t=0.0 big=1] gbest=629.2 | EKR=0.34 EKV=0.68 EBANK=1.57 ADEC=1.33 TLD=0.57 KDIV=0.40 KVN=0.76 IGN=1.09 TGL=0.40 KV=1.53
  [rfly_replan t=8.3 big=0] gbest=651.8 | EKR=0.34 EKV=0.87 EBANK=1.61 ADEC=1.35 TLD=0.33 KDIV=0.52 KVN=0.79 IGN=0.83 TGL=0.27 KV=1.52
  [rfly_replan t=18.3 big=0] gbest=651.8 | EKR=0.34 EKV=0.87 EBANK=1.61 ADEC=1.35 TLD=0.33 KDIV=0.52 KVN=0.79 IGN=0.83 TGL=0.27 KV=1.52
  [rfly_replan t=28.3 big=0] gbest=600.2 | EKR=0.54 EKV=0.65 EBANK=1.42 ADEC=1.20 TLD=0.50 KDIV=0.42 KVN=0.74 IGN=0.86 TGL=0.26 KV=1.60
  [rfly_replan t=32.7 big=0] gbest=600.2 | EKR=0.54 EKV=0.65 EBANK=1.42 ADEC=1.20 TLD=0.50 KDIV=0.42 KVN=0.74 IGN=0.86 TGL=0.26 KV=1.60
  [rfly_replan t=42.7 big=0] gbest=427.1 | EKR=0.52 EKV=0.98 EBANK=1.42 ADEC=1.66 TLD=0.59 KDIV=0.40 KVN=0.74 IGN=0.93 TGL=0.19 KV=1.53
  [rfly_replan t=52.7 big=0] gbest=346.8 | EKR=0.54 EKV=1.04 EBANK=1.77 ADEC=1.59 TLD=0.46 KDIV=0.40 KVN=0.76 IGN=0.83 TGL=0.11 KV=1.55
  [rfly_replan t=62.7 big=0] gbest=256.0 | EKR=0.46 EKV=1.05 EBANK=1.63 ADEC=1.61 TLD=0.64 KDIV=0.40 KVN=0.71 IGN=0.49 TGL=0.25 KV=1.55
  [rfly_replan t=72.7 big=0] gbest=256.0 | EKR=0.46 EKV=1.05 EBANK=1.63 ADEC=1.61 TLD=0.64 KDIV=0.40 KVN=0.71 IGN=0.49 TGL=0.25 KV=1.55
  [rfly_replan t=82.7 big=0] gbest=256.0 | EKR=0.46 EKV=1.05 EBANK=1.63 ADEC=1.61 TLD=0.64 KDIV=0.40 KVN=0.71 IGN=0.49 TGL=0.25 KV=1.55
  [rfly_replan t=92.8 big=0] gbest=256.0 | EKR=0.46 EKV=1.05 EBANK=1.63 ADEC=1.61 TLD=0.64 KDIV=0.40 KVN=0.71 IGN=0.49 TGL=0.25 KV=1.55
  [rfly_replan t=102.8 big=0] gbest=189.3 | EKR=0.88 EKV=1.21 EBANK=1.54 ADEC=1.78 TLD=0.81 KDIV=0.40 KVN=0.73 IGN=0.68 TGL=0.33 KV=1.67
  [imu] reference LOST t=107.67 float=x gimbal rates o/m/i = -90/-3/6 deg/s (limit 90) MGA=-4.5
  [rfly_replan t=112.8 big=0] gbest=189.3 | EKR=0.88 EKV=1.21 EBANK=1.54 ADEC=1.78 TLD=0.81 KDIV=0.40 KVN=0.73 IGN=0.68 TGL=0.33 KV=1.67
  [rfly_replan t=0.0 big=1] gbest=529.7 | EKR=0.47 EKV=0.62 EBANK=1.07 ADEC=0.85 TLD=0.25 KDIV=0.98 KVN=0.50 IGN=1.06 TGL=0.01 KV=0.92
  [rfly_replan t=10.0 big=0] gbest=401.5 | EKR=0.38 EKV=0.37 EBANK=1.20 ADEC=0.75 TLD=0.25 KDIV=0.97 KVN=0.51 IGN=0.99 TGL=0.00 KV=1.09
  [rfly_replan t=16.9 big=0] gbest=53808.3 | EKR=0.49 EKV=0.56 EBANK=1.36 ADEC=0.59 TLD=0.27 KDIV=0.95 KVN=0.56 IGN=1.42 TGL=0.00 KV=1.18
  [rfly_replan t=27.0 big=0] gbest=53808.3 | EKR=0.49 EKV=0.56 EBANK=1.36 ADEC=0.59 TLD=0.27 KDIV=0.95 KVN=0.56 IGN=1.42 TGL=0.00 KV=1.18
  [rfly_replan t=30.8 big=0] gbest=53796.3 | EKR=0.60 EKV=0.32 EBANK=1.28 ADEC=0.60 TLD=0.25 KDIV=0.92 KVN=0.52 IGN=1.39 TGL=0.00 KV=1.22
  [rfly_replan t=40.8 big=0] gbest=53795.3 | EKR=0.62 EKV=0.45 EBANK=1.09 ADEC=0.87 TLD=0.42 KDIV=0.86 KVN=0.51 IGN=1.28 TGL=0.05 KV=1.35
  [rfly_replan t=50.8 big=0] gbest=53795.3 | EKR=0.62 EKV=0.45 EBANK=1.09 ADEC=0.87 TLD=0.42 KDIV=0.86 KVN=0.51 IGN=1.28 TGL=0.05 KV=1.35
  [rfly_replan t=60.8 big=0] gbest=53795.3 | EKR=0.62 EKV=0.45 EBANK=1.09 ADEC=0.87 TLD=0.42 KDIV=0.86 KVN=0.51 IGN=1.28 TGL=0.05 KV=1.35
  [rfly_replan t=70.8 big=0] gbest=53792.2 | EKR=0.72 EKV=0.49 EBANK=1.40 ADEC=1.06 TLD=0.39 KDIV=1.06 KVN=0.72 IGN=1.23 TGL=0.14 KV=1.45
  [rfly_replan t=80.9 big=0] gbest=53761.6 | EKR=0.48 EKV=0.30 EBANK=1.23 ADEC=1.08 TLD=0.25 KDIV=1.18 KVN=0.69 IGN=1.19 TGL=0.35 KV=1.54
  [rfly_replan t=90.9 big=0] gbest=53735.8 | EKR=0.30 EKV=0.31 EBANK=1.20 ADEC=1.15 TLD=0.25 KDIV=1.28 KVN=0.72 IGN=1.28 TGL=0.34 KV=1.44
  [rfly_replan t=100.9 big=0] gbest=53735.8 | EKR=0.30 EKV=0.31 EBANK=1.20 ADEC=1.15 TLD=0.25 KDIV=1.28 KVN=0.72 IGN=1.28 TGL=0.34 KV=1.44
  [rfly_replan t=110.9 big=0] gbest=53735.8 | EKR=0.30 EKV=0.31 EBANK=1.20 ADEC=1.15 TLD=0.25 KDIV=1.28 KVN=0.72 IGN=1.28 TGL=0.34 KV=1.44
  [rfly_replan t=120.9 big=0] gbest=53724.7 | EKR=0.71 EKV=0.31 EBANK=1.21 ADEC=1.12 TLD=0.25 KDIV=1.26 KVN=0.69 IGN=1.42 TGL=0.14 KV=1.55
  [imu] reference LOST t=129.38 float=x gimbal rates o/m/i = -90/-1/5 deg/s (limit 90) MGA=-11.9
  [rfly_replan t=131.0 big=0] gbest=53724.7 | EKR=0.90 EKV=0.30 EBANK=1.43 ADEC=1.30 TLD=0.31 KDIV=1.30 KVN=0.77 IGN=1.22 TGL=0.23 KV=1.21
  [rfly_replan t=0.0 big=1] gbest=357.5 | EKR=0.34 EKV=0.68 EBANK=1.57 ADEC=1.33 TLD=0.57 KDIV=0.40 KVN=0.76 IGN=1.09 TGL=0.40 KV=1.53
  [rfly_replan t=10.0 big=0] gbest=357.5 | EKR=0.34 EKV=0.68 EBANK=1.57 ADEC=1.33 TLD=0.57 KDIV=0.40 KVN=0.76 IGN=1.09 TGL=0.40 KV=1.53
  [rfly_replan t=11.6 big=0] gbest=1302.0 | EKR=0.76 EKV=0.39 EBANK=1.74 ADEC=1.31 TLD=0.86 KDIV=0.44 KVN=0.81 IGN=1.21 TGL=0.24 KV=1.44
  [rfly_replan t=21.6 big=0] gbest=1016.8 | EKR=0.81 EKV=0.35 EBANK=1.65 ADEC=1.30 TLD=0.99 KDIV=0.40 KVN=0.68 IGN=1.26 TGL=0.24 KV=1.45
  [rfly_replan t=30.3 big=0] gbest=522.3 | EKR=0.77 EKV=0.31 EBANK=1.90 ADEC=1.35 TLD=0.79 KDIV=0.40 KVN=0.63 IGN=1.48 TGL=0.34 KV=1.54
  [rfly_replan t=40.3 big=0] gbest=522.3 | EKR=0.77 EKV=0.31 EBANK=1.90 ADEC=1.35 TLD=0.79 KDIV=0.40 KVN=0.63 IGN=1.48 TGL=0.34 KV=1.54
  [rfly_replan t=50.3 big=0] gbest=515.0 | EKR=0.76 EKV=0.48 EBANK=1.94 ADEC=1.49 TLD=0.94 KDIV=0.49 KVN=0.50 IGN=1.61 TGL=0.18 KV=1.66
  [rfly_replan t=60.3 big=0] gbest=515.0 | EKR=0.76 EKV=0.48 EBANK=1.94 ADEC=1.49 TLD=0.94 KDIV=0.49 KVN=0.50 IGN=1.61 TGL=0.18 KV=1.66
  [rfly_replan t=70.3 big=0] gbest=429.3 | EKR=0.66 EKV=0.47 EBANK=1.84 ADEC=1.61 TLD=1.17 KDIV=0.48 KVN=0.57 IGN=1.63 TGL=0.20 KV=1.68
  [rfly_replan t=80.3 big=0] gbest=429.3 | EKR=0.66 EKV=0.47 EBANK=1.84 ADEC=1.61 TLD=1.17 KDIV=0.48 KVN=0.57 IGN=1.63 TGL=0.20 KV=1.68
  [rfly_replan t=90.4 big=0] gbest=403.5 | EKR=0.45 EKV=0.48 EBANK=2.15 ADEC=1.64 TLD=0.87 KDIV=0.48 KVN=0.62 IGN=1.60 TGL=0.20 KV=1.70
  [rfly_replan t=100.4 big=0] gbest=403.5 | EKR=0.45 EKV=0.48 EBANK=2.15 ADEC=1.64 TLD=0.87 KDIV=0.48 KVN=0.62 IGN=1.60 TGL=0.20 KV=1.70
  [rfly_replan t=110.4 big=0] gbest=306.7 | EKR=0.30 EKV=0.52 EBANK=2.26 ADEC=1.43 TLD=0.37 KDIV=0.49 KVN=0.50 IGN=1.71 TGL=0.32 KV=1.86
  [rfly_replan t=120.4 big=0] gbest=306.7 | EKR=0.30 EKV=0.52 EBANK=2.26 ADEC=1.43 TLD=0.37 KDIV=0.49 KVN=0.50 IGN=1.71 TGL=0.32 KV=1.86
  [rfly_replan t=0.0 big=1] gbest=479.2 | EKR=0.40 EKV=0.35 EBANK=0.68 ADEC=0.84 TLD=1.75 KDIV=0.93 KVN=1.82 IGN=1.22 TGL=0.32 KV=1.52
  [rfly_replan t=6.2 big=0] gbest=1333.7 | EKR=0.30 EKV=0.56 EBANK=0.83 ADEC=0.78 TLD=1.41 KDIV=0.84 KVN=1.77 IGN=1.73 TGL=0.24 KV=1.52
  [rfly_replan t=16.2 big=0] gbest=1060.0 | EKR=0.70 EKV=0.81 EBANK=0.68 ADEC=0.82 TLD=1.06 KDIV=0.97 KVN=1.87 IGN=1.94 TGL=0.22 KV=1.31
  [rfly_replan t=26.3 big=0] gbest=1060.0 | EKR=0.70 EKV=0.81 EBANK=0.68 ADEC=0.82 TLD=1.06 KDIV=0.97 KVN=1.87 IGN=1.94 TGL=0.22 KV=1.31
  [rfly_replan t=33.7 big=0] gbest=703.0 | EKR=0.77 EKV=0.96 EBANK=0.87 ADEC=0.70 TLD=1.20 KDIV=0.83 KVN=2.05 IGN=2.15 TGL=0.35 KV=1.11
  [rfly_replan t=43.7 big=0] gbest=703.0 | EKR=0.77 EKV=0.96 EBANK=0.87 ADEC=0.70 TLD=1.20 KDIV=0.83 KVN=2.05 IGN=2.15 TGL=0.35 KV=1.11
  [rfly_replan t=53.7 big=0] gbest=593.7 | EKR=0.53 EKV=0.83 EBANK=0.74 ADEC=0.61 TLD=0.95 KDIV=0.72 KVN=2.12 IGN=1.73 TGL=0.36 KV=1.10
  [rfly_replan t=63.7 big=0] gbest=593.7 | EKR=0.53 EKV=0.83 EBANK=0.74 ADEC=0.61 TLD=0.95 KDIV=0.72 KVN=2.12 IGN=1.73 TGL=0.36 KV=1.10
  [rfly_replan t=73.7 big=0] gbest=593.7 | EKR=0.53 EKV=0.83 EBANK=0.74 ADEC=0.61 TLD=0.95 KDIV=0.72 KVN=2.12 IGN=1.73 TGL=0.36 KV=1.10
  [rfly_replan t=83.7 big=0] gbest=593.7 | EKR=0.53 EKV=0.83 EBANK=0.74 ADEC=0.61 TLD=0.95 KDIV=0.72 KVN=2.12 IGN=1.73 TGL=0.36 KV=1.10
  [rfly_replan t=93.7 big=0] gbest=434.5 | EKR=0.36 EKV=0.54 EBANK=1.16 ADEC=0.87 TLD=0.62 KDIV=0.72 KVN=1.96 IGN=1.88 TGL=0.50 KV=1.02
  [rfly_replan t=103.8 big=0] gbest=290.2 | EKR=0.32 EKV=0.52 EBANK=1.15 ADEC=0.94 TLD=0.69 KDIV=0.66 KVN=1.97 IGN=1.76 TGL=0.43 KV=1.07
  [imu] reference LOST t=110.81 float=x gimbal rates o/m/i = -90/11/7 deg/s (limit 90) MGA=-7.4
  [rfly_replan t=113.8 big=0] gbest=284.3 | EKR=0.37 EKV=0.30 EBANK=0.98 ADEC=0.91 TLD=0.78 KDIV=0.54 KVN=2.18 IGN=1.13 TGL=0.53 KV=1.41
  [rfly_replan t=0.0 big=1] gbest=629.8 | EKR=0.30 EKV=0.30 EBANK=0.72 ADEC=0.73 TLD=0.71 KDIV=0.93 KVN=1.02 IGN=1.13 TGL=0.42 KV=1.02
  [rfly_replan t=10.0 big=0] gbest=629.8 | EKR=0.30 EKV=0.30 EBANK=0.72 ADEC=0.73 TLD=0.71 KDIV=0.93 KVN=1.02 IGN=1.13 TGL=0.42 KV=1.02
  [rfly_replan t=14.9 big=0] gbest=10288.6 | EKR=0.61 EKV=0.30 EBANK=1.01 ADEC=0.90 TLD=0.59 KDIV=0.78 KVN=1.23 IGN=1.31 TGL=0.37 KV=0.91
  [rfly_replan t=24.9 big=0] gbest=1196.0 | EKR=0.90 EKV=0.30 EBANK=1.12 ADEC=1.01 TLD=0.87 KDIV=0.75 KVN=1.27 IGN=1.39 TGL=0.45 KV=0.73
  [rfly_replan t=30.7 big=0] gbest=870.3 | EKR=0.51 EKV=0.30 EBANK=1.09 ADEC=0.90 TLD=0.74 KDIV=0.70 KVN=1.43 IGN=1.58 TGL=0.28 KV=0.69
  [rfly_replan t=40.7 big=0] gbest=420.9 | EKR=0.45 EKV=0.30 EBANK=1.13 ADEC=0.90 TLD=0.72 KDIV=0.71 KVN=1.36 IGN=1.58 TGL=0.33 KV=0.70
  [rfly_replan t=50.7 big=0] gbest=420.9 | EKR=0.45 EKV=0.30 EBANK=1.13 ADEC=0.90 TLD=0.72 KDIV=0.71 KVN=1.36 IGN=1.58 TGL=0.33 KV=0.70
  [rfly_replan t=60.7 big=0] gbest=420.9 | EKR=0.45 EKV=0.30 EBANK=1.13 ADEC=0.90 TLD=0.72 KDIV=0.71 KVN=1.36 IGN=1.58 TGL=0.33 KV=0.70
  [rfly_replan t=70.8 big=0] gbest=420.9 | EKR=0.45 EKV=0.30 EBANK=1.13 ADEC=0.90 TLD=0.72 KDIV=0.71 KVN=1.36 IGN=1.58 TGL=0.33 KV=0.70
  [rfly_replan t=80.8 big=0] gbest=420.9 | EKR=0.45 EKV=0.30 EBANK=1.13 ADEC=0.90 TLD=0.72 KDIV=0.71 KVN=1.36 IGN=1.58 TGL=0.33 KV=0.70
  [rfly_replan t=90.8 big=0] gbest=420.9 | EKR=0.45 EKV=0.30 EBANK=1.13 ADEC=0.90 TLD=0.72 KDIV=0.71 KVN=1.36 IGN=1.58 TGL=0.33 KV=0.70
  [rfly_replan t=100.8 big=0] gbest=420.9 | EKR=0.45 EKV=0.30 EBANK=1.13 ADEC=0.90 TLD=0.72 KDIV=0.71 KVN=1.36 IGN=1.58 TGL=0.33 KV=0.70
  [rfly_replan t=110.8 big=0] gbest=420.9 | EKR=0.45 EKV=0.30 EBANK=1.13 ADEC=0.90 TLD=0.72 KDIV=0.71 KVN=1.36 IGN=1.58 TGL=0.33 KV=0.70
  [rfly_replan t=120.9 big=0] gbest=420.9 | EKR=0.45 EKV=0.30 EBANK=1.13 ADEC=0.90 TLD=0.72 KDIV=0.71 KVN=1.36 IGN=1.58 TGL=0.33 KV=0.70
  [rfly_replan t=130.9 big=0] gbest=394.9 | EKR=0.41 EKV=0.30 EBANK=1.18 ADEC=0.90 TLD=0.89 KDIV=0.79 KVN=1.40 IGN=1.79 TGL=0.55 KV=0.93
  [imu] reference LOST t=131.11 float=x gimbal rates o/m/i = -90/-3/-6 deg/s (limit 90) MGA=2.9
  [rfly_replan t=140.9 big=0] gbest=394.9 | EKR=0.41 EKV=0.30 EBANK=1.18 ADEC=0.90 TLD=0.89 KDIV=0.79 KVN=1.40 IGN=1.79 TGL=0.55 KV=0.93
  [rfly_replan t=0.0 big=1] gbest=583.7 | EKR=0.68 EKV=1.06 EBANK=0.79 ADEC=0.71 TLD=1.84 KDIV=1.09 KVN=0.72 IGN=0.49 TGL=0.00 KV=1.28
  [rfly_replan t=9.5 big=0] gbest=408.1 | EKR=0.59 EKV=1.24 EBANK=0.87 ADEC=0.79 TLD=1.91 KDIV=0.87 KVN=0.79 IGN=0.47 TGL=0.00 KV=1.26
  [rfly_replan t=19.5 big=0] gbest=408.1 | EKR=0.59 EKV=1.24 EBANK=0.87 ADEC=0.79 TLD=1.91 KDIV=0.87 KVN=0.79 IGN=0.47 TGL=0.00 KV=1.26
  [rfly_replan t=29.6 big=0] gbest=408.1 | EKR=0.59 EKV=1.24 EBANK=0.87 ADEC=0.79 TLD=1.91 KDIV=0.87 KVN=0.79 IGN=0.47 TGL=0.00 KV=1.26
  [rfly_replan t=33.0 big=0] gbest=408.1 | EKR=0.59 EKV=1.24 EBANK=0.87 ADEC=0.79 TLD=1.91 KDIV=0.87 KVN=0.79 IGN=0.47 TGL=0.00 KV=1.26
  [rfly_replan t=43.0 big=0] gbest=408.1 | EKR=0.59 EKV=1.24 EBANK=0.87 ADEC=0.79 TLD=1.91 KDIV=0.87 KVN=0.79 IGN=0.47 TGL=0.00 KV=1.26
  [rfly_replan t=53.0 big=0] gbest=408.1 | EKR=0.59 EKV=1.24 EBANK=0.87 ADEC=0.79 TLD=1.91 KDIV=0.87 KVN=0.79 IGN=0.47 TGL=0.00 KV=1.26
  [rfly_replan t=63.0 big=0] gbest=408.1 | EKR=0.59 EKV=1.24 EBANK=0.87 ADEC=0.79 TLD=1.91 KDIV=0.87 KVN=0.79 IGN=0.47 TGL=0.00 KV=1.26
  [rfly_replan t=73.0 big=0] gbest=408.1 | EKR=0.59 EKV=1.24 EBANK=0.87 ADEC=0.79 TLD=1.91 KDIV=0.87 KVN=0.79 IGN=0.47 TGL=0.00 KV=1.26
  [rfly_replan t=83.0 big=0] gbest=408.1 | EKR=0.59 EKV=1.24 EBANK=0.87 ADEC=0.79 TLD=1.91 KDIV=0.87 KVN=0.79 IGN=0.47 TGL=0.00 KV=1.26
  [rfly_replan t=93.0 big=0] gbest=408.1 | EKR=0.59 EKV=1.24 EBANK=0.87 ADEC=0.79 TLD=1.91 KDIV=0.87 KVN=0.79 IGN=0.47 TGL=0.00 KV=1.26
  [rfly_replan t=103.1 big=0] gbest=500.8 | EKR=0.71 EKV=1.05 EBANK=0.92 ADEC=0.65 TLD=1.80 KDIV=0.87 KVN=0.70 IGN=0.53 TGL=0.11 KV=1.40
  [rfly_replan t=113.1 big=0] gbest=334.2 | EKR=0.86 EKV=0.82 EBANK=0.86 ADEC=0.82 TLD=1.54 KDIV=0.95 KVN=0.78 IGN=0.69 TGL=0.04 KV=1.58
  [imu] reference LOST t=118.43 float=x gimbal rates o/m/i = 90/1/-10 deg/s (limit 90) MGA=-6.4
  [rfly_replan t=123.1 big=0] gbest=334.2 | EKR=0.86 EKV=0.82 EBANK=0.86 ADEC=0.82 TLD=1.54 KDIV=0.95 KVN=0.78 IGN=0.69 TGL=0.04 KV=1.58
  [rfly_replan t=0.0 big=1] gbest=702.7 | EKR=1.06 EKV=0.96 EBANK=0.60 ADEC=1.03 TLD=0.89 KDIV=0.92 KVN=0.65 IGN=0.50 TGL=0.28 KV=1.04
  [rfly_replan t=4.2 big=0] gbest=842.9 | EKR=1.26 EKV=1.03 EBANK=0.77 ADEC=1.23 TLD=0.74 KDIV=0.77 KVN=0.71 IGN=0.40 TGL=0.13 KV=1.12
  [rfly_replan t=14.2 big=0] gbest=842.9 | EKR=1.26 EKV=1.03 EBANK=0.77 ADEC=1.23 TLD=0.74 KDIV=0.77 KVN=0.71 IGN=0.40 TGL=0.13 KV=1.12
  [rfly_replan t=24.2 big=0] gbest=311.9 | EKR=1.72 EKV=1.30 EBANK=0.82 ADEC=1.22 TLD=0.84 KDIV=0.67 KVN=0.83 IGN=0.41 TGL=0.00 KV=1.35
  [rfly_replan t=34.2 big=0] gbest=311.9 | EKR=1.72 EKV=1.30 EBANK=0.82 ADEC=1.22 TLD=0.84 KDIV=0.67 KVN=0.83 IGN=0.41 TGL=0.00 KV=1.35
  [rfly_replan t=34.5 big=0] gbest=311.9 | EKR=1.72 EKV=1.30 EBANK=0.82 ADEC=1.22 TLD=0.84 KDIV=0.67 KVN=0.83 IGN=0.41 TGL=0.00 KV=1.35
  [rfly_replan t=44.5 big=0] gbest=311.9 | EKR=1.72 EKV=1.30 EBANK=0.82 ADEC=1.22 TLD=0.84 KDIV=0.67 KVN=0.83 IGN=0.41 TGL=0.00 KV=1.35
  [rfly_replan t=54.5 big=0] gbest=311.9 | EKR=1.72 EKV=1.30 EBANK=0.82 ADEC=1.22 TLD=0.84 KDIV=0.67 KVN=0.83 IGN=0.41 TGL=0.00 KV=1.35
  [rfly_replan t=64.5 big=0] gbest=311.9 | EKR=1.72 EKV=1.30 EBANK=0.82 ADEC=1.22 TLD=0.84 KDIV=0.67 KVN=0.83 IGN=0.41 TGL=0.00 KV=1.35
  [rfly_replan t=74.6 big=0] gbest=311.9 | EKR=1.72 EKV=1.30 EBANK=0.82 ADEC=1.22 TLD=0.84 KDIV=0.67 KVN=0.83 IGN=0.41 TGL=0.00 KV=1.35
  [rfly_replan t=84.6 big=0] gbest=311.9 | EKR=1.72 EKV=1.30 EBANK=0.82 ADEC=1.22 TLD=0.84 KDIV=0.67 KVN=0.83 IGN=0.41 TGL=0.00 KV=1.35
  [rfly_replan t=94.6 big=0] gbest=294.9 | EKR=1.72 EKV=1.04 EBANK=0.60 ADEC=1.16 TLD=0.84 KDIV=0.68 KVN=0.54 IGN=0.56 TGL=0.00 KV=1.31
  [rfly_replan t=104.6 big=0] gbest=294.9 | EKR=1.72 EKV=1.04 EBANK=0.60 ADEC=1.16 TLD=0.84 KDIV=0.68 KVN=0.54 IGN=0.56 TGL=0.00 KV=1.31
  [imu] reference LOST t=112.70 float=x gimbal rates o/m/i = -90/2/0 deg/s (limit 90) MGA=-1.3
  [rfly_replan t=114.6 big=0] gbest=294.9 | EKR=1.72 EKV=1.04 EBANK=0.60 ADEC=1.16 TLD=0.84 KDIV=0.68 KVN=0.54 IGN=0.56 TGL=0.00 KV=1.31
  [rfly_replan t=0.0 big=1] gbest=439.8 | EKR=0.30 EKV=0.30 EBANK=0.60 ADEC=0.40 TLD=0.48 KDIV=1.13 KVN=1.09 IGN=1.10 TGL=0.42 KV=1.27
  [rfly_replan t=10.0 big=0] gbest=439.8 | EKR=0.30 EKV=0.30 EBANK=0.60 ADEC=0.40 TLD=0.48 KDIV=1.13 KVN=1.09 IGN=1.10 TGL=0.42 KV=1.27
  [rfly_replan t=12.8 big=0] gbest=543.8 | EKR=0.52 EKV=0.30 EBANK=0.60 ADEC=0.56 TLD=0.25 KDIV=1.11 KVN=1.28 IGN=0.90 TGL=0.26 KV=1.36
  [rfly_replan t=22.9 big=0] gbest=543.8 | EKR=0.52 EKV=0.30 EBANK=0.60 ADEC=0.56 TLD=0.25 KDIV=1.11 KVN=1.28 IGN=0.90 TGL=0.26 KV=1.36
  [rfly_replan t=28.3 big=0] gbest=530.5 | EKR=0.45 EKV=0.33 EBANK=0.61 ADEC=0.60 TLD=0.45 KDIV=1.10 KVN=1.25 IGN=0.86 TGL=0.00 KV=1.38
  [rfly_replan t=38.3 big=0] gbest=530.5 | EKR=0.45 EKV=0.33 EBANK=0.61 ADEC=0.60 TLD=0.45 KDIV=1.10 KVN=1.25 IGN=0.86 TGL=0.00 KV=1.38
  [rfly_replan t=48.3 big=0] gbest=530.5 | EKR=0.45 EKV=0.33 EBANK=0.61 ADEC=0.60 TLD=0.45 KDIV=1.10 KVN=1.25 IGN=0.86 TGL=0.00 KV=1.38
  [rfly_replan t=58.3 big=0] gbest=479.5 | EKR=0.84 EKV=0.30 EBANK=0.60 ADEC=0.65 TLD=0.40 KDIV=1.01 KVN=1.31 IGN=0.78 TGL=0.00 KV=1.35
  [rfly_replan t=68.3 big=0] gbest=479.5 | EKR=0.84 EKV=0.30 EBANK=0.60 ADEC=0.65 TLD=0.40 KDIV=1.01 KVN=1.31 IGN=0.78 TGL=0.00 KV=1.35
  [rfly_replan t=78.4 big=0] gbest=479.5 | EKR=0.84 EKV=0.30 EBANK=0.60 ADEC=0.65 TLD=0.40 KDIV=1.01 KVN=1.31 IGN=0.78 TGL=0.00 KV=1.35
  [rfly_replan t=88.4 big=0] gbest=479.5 | EKR=0.84 EKV=0.30 EBANK=0.60 ADEC=0.65 TLD=0.40 KDIV=1.01 KVN=1.31 IGN=0.78 TGL=0.00 KV=1.35
  [rfly_replan t=98.4 big=0] gbest=457.3 | EKR=0.47 EKV=0.30 EBANK=0.78 ADEC=0.50 TLD=0.25 KDIV=1.01 KVN=1.01 IGN=0.66 TGL=0.00 KV=1.48
  [imu] reference LOST t=103.11 float=x gimbal rates o/m/i = -90/3/0 deg/s (limit 90) MGA=2.0
  [rfly_replan t=108.4 big=0] gbest=457.3 | EKR=0.47 EKV=0.30 EBANK=0.78 ADEC=0.50 TLD=0.25 KDIV=1.01 KVN=1.01 IGN=0.66 TGL=0.00 KV=1.48
  [rfly_replan t=0.0 big=1] gbest=357.7 | EKR=1.19 EKV=1.14 EBANK=1.56 ADEC=0.83 TLD=0.36 KDIV=0.71 KVN=0.65 IGN=1.77 TGL=0.18 KV=1.39
  [rfly_replan t=7.5 big=0] gbest=1433.6 | EKR=1.47 EKV=1.22 EBANK=1.65 ADEC=0.84 TLD=0.25 KDIV=0.92 KVN=0.69 IGN=1.54 TGL=0.26 KV=1.36
  [rfly_replan t=17.5 big=0] gbest=1433.6 | EKR=1.47 EKV=1.22 EBANK=1.65 ADEC=0.84 TLD=0.25 KDIV=0.92 KVN=0.69 IGN=1.54 TGL=0.26 KV=1.36
  [rfly_replan t=27.5 big=0] gbest=1005.2 | EKR=0.90 EKV=1.58 EBANK=2.12 ADEC=0.93 TLD=0.48 KDIV=0.76 KVN=0.75 IGN=0.99 TGL=0.43 KV=1.14
  [rfly_replan t=33.9 big=0] gbest=521.1 | EKR=1.43 EKV=1.87 EBANK=2.28 ADEC=0.99 TLD=0.25 KDIV=0.72 KVN=0.62 IGN=0.84 TGL=0.29 KV=1.27
  [rfly_replan t=43.9 big=0] gbest=521.1 | EKR=1.43 EKV=1.87 EBANK=2.28 ADEC=0.99 TLD=0.25 KDIV=0.72 KVN=0.62 IGN=0.84 TGL=0.29 KV=1.27
  [rfly_replan t=53.9 big=0] gbest=521.1 | EKR=1.43 EKV=1.87 EBANK=2.28 ADEC=0.99 TLD=0.25 KDIV=0.72 KVN=0.62 IGN=0.84 TGL=0.29 KV=1.27
  [rfly_replan t=63.9 big=0] gbest=521.1 | EKR=1.43 EKV=1.87 EBANK=2.28 ADEC=0.99 TLD=0.25 KDIV=0.72 KVN=0.62 IGN=0.84 TGL=0.29 KV=1.27
  [rfly_replan t=73.9 big=0] gbest=479.8 | EKR=1.85 EKV=1.84 EBANK=2.34 ADEC=1.03 TLD=0.46 KDIV=0.69 KVN=0.63 IGN=0.71 TGL=0.31 KV=1.32
  [rfly_replan t=83.9 big=0] gbest=411.5 | EKR=1.73 EKV=1.89 EBANK=2.46 ADEC=1.05 TLD=0.36 KDIV=0.67 KVN=0.53 IGN=0.64 TGL=0.30 KV=1.32
  [rfly_replan t=93.9 big=0] gbest=352.1 | EKR=1.92 EKV=1.92 EBANK=2.27 ADEC=0.94 TLD=0.25 KDIV=0.48 KVN=0.50 IGN=0.40 TGL=0.27 KV=1.30
  [rfly_replan t=103.9 big=0] gbest=281.1 | EKR=1.99 EKV=1.43 EBANK=2.33 ADEC=1.17 TLD=0.25 KDIV=0.46 KVN=0.50 IGN=0.77 TGL=0.27 KV=1.39
  [imu] reference LOST t=109.86 float=x gimbal rates o/m/i = -90/-0/4 deg/s (limit 90) MGA=-2.4
  [rfly_replan t=114.0 big=0] gbest=281.1 | EKR=1.99 EKV=1.43 EBANK=2.33 ADEC=1.17 TLD=0.25 KDIV=0.46 KVN=0.50 IGN=0.77 TGL=0.27 KV=1.39
  [rfly_replan t=0.0 big=1] gbest=530.2 | EKR=1.20 EKV=0.73 EBANK=0.60 ADEC=0.54 TLD=0.52 KDIV=1.26 KVN=1.07 IGN=0.91 TGL=0.00 KV=1.34
  [rfly_replan t=10.0 big=0] gbest=530.2 | EKR=1.20 EKV=0.73 EBANK=0.60 ADEC=0.54 TLD=0.52 KDIV=1.26 KVN=1.07 IGN=0.91 TGL=0.00 KV=1.34
  [rfly_replan t=16.2 big=0] gbest=640.3 | EKR=1.29 EKV=0.75 EBANK=0.70 ADEC=0.55 TLD=0.38 KDIV=1.19 KVN=1.01 IGN=1.07 TGL=0.00 KV=1.41
  [rfly_replan t=26.2 big=0] gbest=640.3 | EKR=1.29 EKV=0.75 EBANK=0.70 ADEC=0.55 TLD=0.38 KDIV=1.19 KVN=1.01 IGN=1.07 TGL=0.00 KV=1.41
  [rfly_replan t=28.4 big=0] gbest=640.3 | EKR=1.29 EKV=0.75 EBANK=0.70 ADEC=0.55 TLD=0.38 KDIV=1.19 KVN=1.01 IGN=1.07 TGL=0.00 KV=1.41
  [rfly_replan t=38.4 big=0] gbest=640.3 | EKR=1.29 EKV=0.75 EBANK=0.70 ADEC=0.55 TLD=0.38 KDIV=1.19 KVN=1.01 IGN=1.07 TGL=0.00 KV=1.41
  [rfly_replan t=48.4 big=0] gbest=640.3 | EKR=1.29 EKV=0.75 EBANK=0.70 ADEC=0.55 TLD=0.38 KDIV=1.19 KVN=1.01 IGN=1.07 TGL=0.00 KV=1.41
  [rfly_replan t=58.4 big=0] gbest=640.3 | EKR=1.29 EKV=0.75 EBANK=0.70 ADEC=0.55 TLD=0.38 KDIV=1.19 KVN=1.01 IGN=1.07 TGL=0.00 KV=1.41
  [rfly_replan t=68.4 big=0] gbest=640.3 | EKR=1.29 EKV=0.75 EBANK=0.70 ADEC=0.55 TLD=0.38 KDIV=1.19 KVN=1.01 IGN=1.07 TGL=0.00 KV=1.41
  [rfly_replan t=78.4 big=0] gbest=640.3 | EKR=1.29 EKV=0.75 EBANK=0.70 ADEC=0.55 TLD=0.38 KDIV=1.19 KVN=1.01 IGN=1.07 TGL=0.00 KV=1.41
  [rfly_replan t=88.5 big=0] gbest=640.3 | EKR=1.29 EKV=0.75 EBANK=0.70 ADEC=0.55 TLD=0.38 KDIV=1.19 KVN=1.01 IGN=1.07 TGL=0.00 KV=1.41
  [rfly_replan t=98.5 big=0] gbest=531.9 | EKR=1.50 EKV=0.97 EBANK=0.60 ADEC=0.61 TLD=0.60 KDIV=1.26 KVN=1.00 IGN=0.85 TGL=0.00 KV=1.20
  [rfly_replan t=108.5 big=0] gbest=492.1 | EKR=1.47 EKV=0.99 EBANK=0.83 ADEC=0.60 TLD=0.64 KDIV=1.30 KVN=1.05 IGN=0.92 TGL=0.05 KV=1.22
  [imu] reference LOST t=111.14 float=x gimbal rates o/m/i = 90/11/1 deg/s (limit 90) MGA=-0.4
  [rfly_replan t=118.5 big=0] gbest=492.1 | EKR=1.47 EKV=0.99 EBANK=0.83 ADEC=0.60 TLD=0.64 KDIV=1.30 KVN=1.05 IGN=0.92 TGL=0.05 KV=1.22
  [rfly_replan t=0.0 big=1] gbest=845.2 | EKR=1.45 EKV=1.40 EBANK=1.59 ADEC=1.20 TLD=1.75 KDIV=0.72 KVN=1.40 IGN=0.41 TGL=0.19 KV=0.87
  [rfly_replan t=10.0 big=0] gbest=679.7 | EKR=1.53 EKV=1.23 EBANK=1.47 ADEC=1.02 TLD=2.07 KDIV=0.85 KVN=1.27 IGN=0.40 TGL=0.44 KV=0.60
  [rfly_replan t=10.8 big=0] gbest=55950.9 | EKR=1.37 EKV=1.46 EBANK=1.50 ADEC=0.89 TLD=1.48 KDIV=0.72 KVN=1.26 IGN=0.51 TGL=0.56 KV=0.64
  [rfly_replan t=20.8 big=0] gbest=1859.8 | EKR=1.00 EKV=1.65 EBANK=1.55 ADEC=1.12 TLD=1.42 KDIV=0.71 KVN=1.11 IGN=0.40 TGL=0.37 KV=0.53
  [rfly_replan t=30.8 big=0] gbest=1165.8 | EKR=0.91 EKV=1.65 EBANK=1.53 ADEC=1.05 TLD=1.25 KDIV=0.89 KVN=1.11 IGN=0.52 TGL=0.50 KV=0.60
  [rfly_replan t=35.6 big=0] gbest=1030.9 | EKR=0.89 EKV=1.61 EBANK=1.41 ADEC=1.18 TLD=1.32 KDIV=0.92 KVN=1.14 IGN=0.48 TGL=0.31 KV=0.56
  [rfly_replan t=45.6 big=0] gbest=1030.9 | EKR=0.89 EKV=1.61 EBANK=1.41 ADEC=1.18 TLD=1.32 KDIV=0.92 KVN=1.14 IGN=0.48 TGL=0.31 KV=0.56
  [rfly_replan t=55.6 big=0] gbest=428.3 | EKR=0.89 EKV=2.02 EBANK=1.61 ADEC=1.33 TLD=0.96 KDIV=0.91 KVN=0.90 IGN=0.45 TGL=0.32 KV=0.70
  [rfly_replan t=65.6 big=0] gbest=428.3 | EKR=0.89 EKV=2.02 EBANK=1.61 ADEC=1.33 TLD=0.96 KDIV=0.91 KVN=0.90 IGN=0.45 TGL=0.32 KV=0.70
  [rfly_replan t=75.6 big=0] gbest=428.3 | EKR=0.89 EKV=2.02 EBANK=1.61 ADEC=1.33 TLD=0.96 KDIV=0.91 KVN=0.90 IGN=0.45 TGL=0.32 KV=0.70
  [rfly_replan t=85.7 big=0] gbest=428.3 | EKR=0.89 EKV=2.02 EBANK=1.61 ADEC=1.33 TLD=0.96 KDIV=0.91 KVN=0.90 IGN=0.45 TGL=0.32 KV=0.70
  [rfly_replan t=95.7 big=0] gbest=428.3 | EKR=0.89 EKV=2.02 EBANK=1.61 ADEC=1.33 TLD=0.96 KDIV=0.91 KVN=0.90 IGN=0.45 TGL=0.32 KV=0.70
  [rfly_replan t=105.7 big=0] gbest=428.3 | EKR=0.89 EKV=2.02 EBANK=1.61 ADEC=1.33 TLD=0.96 KDIV=0.91 KVN=0.90 IGN=0.45 TGL=0.32 KV=0.70
  [rfly_replan t=115.7 big=0] gbest=406.8 | EKR=0.89 EKV=1.71 EBANK=1.60 ADEC=1.31 TLD=0.94 KDIV=0.95 KVN=0.89 IGN=0.42 TGL=0.25 KV=0.73
  [rfly_replan t=125.7 big=0] gbest=406.8 | EKR=0.89 EKV=1.71 EBANK=1.60 ADEC=1.31 TLD=0.94 KDIV=0.95 KVN=0.89 IGN=0.42 TGL=0.25 KV=0.73
  [rfly_replan t=135.7 big=0] gbest=406.8 | EKR=0.89 EKV=1.71 EBANK=1.60 ADEC=1.31 TLD=0.94 KDIV=0.95 KVN=0.89 IGN=0.42 TGL=0.25 KV=0.73
  [rfly_replan t=0.0 big=1] gbest=602.0 | EKR=0.56 EKV=0.65 EBANK=1.50 ADEC=1.02 TLD=0.75 KDIV=1.19 KVN=1.39 IGN=1.10 TGL=0.13 KV=1.36
  [rfly_replan t=5.5 big=0] gbest=591.6 | EKR=0.61 EKV=0.56 EBANK=1.61 ADEC=1.02 TLD=0.68 KDIV=1.04 KVN=1.64 IGN=0.99 TGL=0.13 KV=1.32
  [rfly_replan t=15.5 big=0] gbest=591.6 | EKR=0.61 EKV=0.56 EBANK=1.61 ADEC=1.02 TLD=0.68 KDIV=1.04 KVN=1.64 IGN=0.99 TGL=0.13 KV=1.32
  [rfly_replan t=25.5 big=0] gbest=591.6 | EKR=0.61 EKV=0.56 EBANK=1.61 ADEC=1.02 TLD=0.68 KDIV=1.04 KVN=1.64 IGN=0.99 TGL=0.13 KV=1.32
  [rfly_replan t=33.9 big=0] gbest=591.6 | EKR=0.61 EKV=0.56 EBANK=1.61 ADEC=1.02 TLD=0.68 KDIV=1.04 KVN=1.64 IGN=0.99 TGL=0.13 KV=1.32
  [rfly_replan t=43.9 big=0] gbest=379.5 | EKR=0.67 EKV=0.35 EBANK=1.62 ADEC=1.01 TLD=0.66 KDIV=1.03 KVN=1.69 IGN=0.85 TGL=0.12 KV=1.54
  [rfly_replan t=53.9 big=0] gbest=379.5 | EKR=0.67 EKV=0.35 EBANK=1.62 ADEC=1.01 TLD=0.66 KDIV=1.03 KVN=1.69 IGN=0.85 TGL=0.12 KV=1.54
  [rfly_replan t=63.9 big=0] gbest=379.5 | EKR=0.67 EKV=0.35 EBANK=1.62 ADEC=1.01 TLD=0.66 KDIV=1.03 KVN=1.69 IGN=0.85 TGL=0.12 KV=1.54
  [rfly_replan t=73.9 big=0] gbest=379.5 | EKR=0.67 EKV=0.35 EBANK=1.62 ADEC=1.01 TLD=0.66 KDIV=1.03 KVN=1.69 IGN=0.85 TGL=0.12 KV=1.54
  [rfly_replan t=83.9 big=0] gbest=379.5 | EKR=0.67 EKV=0.35 EBANK=1.62 ADEC=1.01 TLD=0.66 KDIV=1.03 KVN=1.69 IGN=0.85 TGL=0.12 KV=1.54
  [rfly_replan t=93.9 big=0] gbest=314.1 | EKR=0.45 EKV=0.38 EBANK=1.76 ADEC=0.86 TLD=0.31 KDIV=1.05 KVN=1.48 IGN=0.71 TGL=0.06 KV=1.42
  [rfly_replan t=104.0 big=0] gbest=244.2 | EKR=0.30 EKV=0.67 EBANK=1.97 ADEC=0.74 TLD=0.25 KDIV=1.20 KVN=1.31 IGN=0.83 TGL=0.19 KV=1.27
  [rfly_replan t=114.0 big=0] gbest=244.2 | EKR=0.30 EKV=0.67 EBANK=1.97 ADEC=0.74 TLD=0.25 KDIV=1.20 KVN=1.31 IGN=0.83 TGL=0.19 KV=1.27
  [rfly_replan t=0.0 big=1] gbest=452.1 | EKR=0.34 EKV=0.68 EBANK=1.57 ADEC=1.33 TLD=0.57 KDIV=0.40 KVN=0.76 IGN=1.09 TGL=0.40 KV=1.53
  [rfly_replan t=10.0 big=0] gbest=444.8 | EKR=0.30 EKV=0.42 EBANK=1.43 ADEC=1.44 TLD=0.83 KDIV=0.60 KVN=0.91 IGN=0.97 TGL=0.55 KV=1.50
  [rfly_replan t=14.1 big=0] gbest=999.8 | EKR=0.53 EKV=0.30 EBANK=1.52 ADEC=1.38 TLD=0.70 KDIV=0.67 KVN=0.96 IGN=1.27 TGL=0.62 KV=1.36
  [rfly_replan t=24.1 big=0] gbest=999.8 | EKR=0.53 EKV=0.30 EBANK=1.52 ADEC=1.38 TLD=0.70 KDIV=0.67 KVN=0.96 IGN=1.27 TGL=0.62 KV=1.36
  [rfly_replan t=29.7 big=0] gbest=790.5 | EKR=0.77 EKV=0.30 EBANK=1.12 ADEC=1.23 TLD=0.49 KDIV=0.85 KVN=0.95 IGN=1.41 TGL=0.41 KV=1.35
  [rfly_replan t=39.7 big=0] gbest=790.5 | EKR=0.77 EKV=0.30 EBANK=1.12 ADEC=1.23 TLD=0.49 KDIV=0.85 KVN=0.95 IGN=1.41 TGL=0.41 KV=1.35
  [rfly_replan t=49.7 big=0] gbest=786.7 | EKR=0.35 EKV=0.30 EBANK=1.23 ADEC=1.28 TLD=0.42 KDIV=0.89 KVN=1.16 IGN=1.37 TGL=0.24 KV=1.31
  [rfly_replan t=59.7 big=0] gbest=786.7 | EKR=0.35 EKV=0.30 EBANK=1.23 ADEC=1.28 TLD=0.42 KDIV=0.89 KVN=1.16 IGN=1.37 TGL=0.24 KV=1.31
  [rfly_replan t=69.7 big=0] gbest=631.8 | EKR=0.30 EKV=0.30 EBANK=1.38 ADEC=1.26 TLD=0.41 KDIV=0.90 KVN=1.14 IGN=1.42 TGL=0.32 KV=1.30
  [rfly_replan t=79.7 big=0] gbest=631.8 | EKR=0.30 EKV=0.30 EBANK=1.38 ADEC=1.26 TLD=0.41 KDIV=0.90 KVN=1.14 IGN=1.42 TGL=0.32 KV=1.30
  [rfly_replan t=89.8 big=0] gbest=631.8 | EKR=0.30 EKV=0.30 EBANK=1.38 ADEC=1.26 TLD=0.41 KDIV=0.90 KVN=1.14 IGN=1.42 TGL=0.32 KV=1.30
  [rfly_replan t=99.8 big=0] gbest=613.4 | EKR=0.31 EKV=0.31 EBANK=1.38 ADEC=1.29 TLD=0.45 KDIV=0.87 KVN=1.22 IGN=1.83 TGL=0.31 KV=1.40
  [rfly_replan t=109.8 big=0] gbest=612.1 | EKR=0.61 EKV=0.56 EBANK=1.50 ADEC=1.42 TLD=0.66 KDIV=0.67 KVN=1.18 IGN=1.48 TGL=0.36 KV=1.28
  [rfly_replan t=119.8 big=0] gbest=612.1 | EKR=0.61 EKV=0.56 EBANK=1.50 ADEC=1.42 TLD=0.66 KDIV=0.67 KVN=1.18 IGN=1.48 TGL=0.36 KV=1.28
  [rfly_replan t=0.0 big=1] gbest=497.6 | EKR=1.19 EKV=1.14 EBANK=1.56 ADEC=0.83 TLD=0.36 KDIV=0.71 KVN=0.65 IGN=1.77 TGL=0.18 KV=1.39
  [rfly_replan t=8.8 big=0] gbest=671.0 | EKR=0.86 EKV=1.45 EBANK=1.27 ADEC=0.98 TLD=0.59 KDIV=0.54 KVN=0.59 IGN=1.46 TGL=0.30 KV=1.15
  [rfly_replan t=18.8 big=0] gbest=583.5 | EKR=0.78 EKV=1.22 EBANK=1.26 ADEC=1.16 TLD=0.41 KDIV=0.40 KVN=0.57 IGN=1.49 TGL=0.40 KV=1.16
  [rfly_replan t=28.8 big=0] gbest=366.7 | EKR=0.57 EKV=1.22 EBANK=1.28 ADEC=1.26 TLD=0.55 KDIV=0.48 KVN=0.52 IGN=1.85 TGL=0.33 KV=1.19
  [rfly_replan t=34.4 big=0] gbest=366.7 | EKR=0.57 EKV=1.22 EBANK=1.28 ADEC=1.26 TLD=0.55 KDIV=0.48 KVN=0.52 IGN=1.85 TGL=0.33 KV=1.19
  [rfly_replan t=44.4 big=0] gbest=346.3 | EKR=0.48 EKV=1.24 EBANK=1.08 ADEC=1.29 TLD=0.29 KDIV=0.49 KVN=0.67 IGN=2.05 TGL=0.39 KV=1.25
  [rfly_replan t=54.4 big=0] gbest=346.3 | EKR=0.48 EKV=1.24 EBANK=1.08 ADEC=1.29 TLD=0.29 KDIV=0.49 KVN=0.67 IGN=2.05 TGL=0.39 KV=1.25
  [rfly_replan t=64.4 big=0] gbest=333.4 | EKR=0.80 EKV=1.33 EBANK=0.89 ADEC=1.02 TLD=0.25 KDIV=0.50 KVN=0.65 IGN=2.27 TGL=0.23 KV=1.09
  [rfly_replan t=74.4 big=0] gbest=333.4 | EKR=0.80 EKV=1.33 EBANK=0.89 ADEC=1.02 TLD=0.25 KDIV=0.50 KVN=0.65 IGN=2.27 TGL=0.23 KV=1.09
  [rfly_replan t=84.4 big=0] gbest=333.4 | EKR=0.80 EKV=1.33 EBANK=0.89 ADEC=1.02 TLD=0.25 KDIV=0.50 KVN=0.65 IGN=2.27 TGL=0.23 KV=1.09
  [rfly_replan t=94.4 big=0] gbest=287.3 | EKR=0.81 EKV=1.51 EBANK=0.90 ADEC=0.96 TLD=0.26 KDIV=0.64 KVN=0.82 IGN=2.57 TGL=0.22 KV=1.14
  [rfly_replan t=104.5 big=0] gbest=287.3 | EKR=0.81 EKV=1.51 EBANK=0.90 ADEC=0.96 TLD=0.26 KDIV=0.64 KVN=0.82 IGN=2.57 TGL=0.22 KV=1.14
  [rfly_replan t=114.5 big=0] gbest=287.3 | EKR=0.81 EKV=1.51 EBANK=0.90 ADEC=0.96 TLD=0.26 KDIV=0.64 KVN=0.82 IGN=2.57 TGL=0.22 KV=1.14
  [rfly_replan t=124.5 big=0] gbest=250.4 | EKR=0.93 EKV=1.24 EBANK=0.96 ADEC=0.80 TLD=0.25 KDIV=0.70 KVN=0.95 IGN=2.42 TGL=0.37 KV=1.03
  [imu] reference LOST t=129.38 float=x gimbal rates o/m/i = -90/3/6 deg/s (limit 90) MGA=-5.4
  [rfly_replan t=134.5 big=0] gbest=250.4 | EKR=0.93 EKV=1.24 EBANK=0.96 ADEC=0.80 TLD=0.25 KDIV=0.70 KVN=0.95 IGN=2.42 TGL=0.37 KV=1.03
  [rfly_replan t=0.0 big=1] gbest=416.5 | EKR=1.00 EKV=1.00 EBANK=1.00 ADEC=1.00 TLD=1.00 KDIV=1.00 KVN=1.00 IGN=1.00 TGL=0.00 KV=1.00
  [rfly_replan t=10.0 big=0] gbest=416.5 | EKR=1.00 EKV=1.00 EBANK=1.00 ADEC=1.00 TLD=1.00 KDIV=1.00 KVN=1.00 IGN=1.00 TGL=0.00 KV=1.00
  [rfly_replan t=17.4 big=0] gbest=1659.3 | EKR=1.07 EKV=0.77 EBANK=0.87 ADEC=1.17 TLD=1.22 KDIV=0.80 KVN=1.06 IGN=0.85 TGL=0.00 KV=1.19
  [rfly_replan t=27.4 big=0] gbest=736.0 | EKR=1.24 EKV=0.68 EBANK=0.70 ADEC=0.98 TLD=1.11 KDIV=0.57 KVN=0.86 IGN=0.79 TGL=0.02 KV=1.17
  [rfly_replan t=29.5 big=0] gbest=736.0 | EKR=1.24 EKV=0.68 EBANK=0.70 ADEC=0.98 TLD=1.11 KDIV=0.57 KVN=0.86 IGN=0.79 TGL=0.02 KV=1.17
  [rfly_replan t=39.5 big=0] gbest=565.7 | EKR=1.21 EKV=0.58 EBANK=0.65 ADEC=0.99 TLD=0.94 KDIV=0.54 KVN=0.86 IGN=0.76 TGL=0.03 KV=1.32
  [rfly_replan t=49.5 big=0] gbest=512.7 | EKR=1.21 EKV=0.61 EBANK=0.63 ADEC=0.94 TLD=1.04 KDIV=0.56 KVN=0.82 IGN=0.75 TGL=0.02 KV=1.22
  [rfly_replan t=59.5 big=0] gbest=512.7 | EKR=1.21 EKV=0.61 EBANK=0.63 ADEC=0.94 TLD=1.04 KDIV=0.56 KVN=0.82 IGN=0.75 TGL=0.02 KV=1.22
  [rfly_replan t=69.5 big=0] gbest=512.7 | EKR=1.21 EKV=0.61 EBANK=0.63 ADEC=0.94 TLD=1.04 KDIV=0.56 KVN=0.82 IGN=0.75 TGL=0.02 KV=1.22
  [rfly_replan t=79.5 big=0] gbest=512.7 | EKR=1.21 EKV=0.61 EBANK=0.63 ADEC=0.94 TLD=1.04 KDIV=0.56 KVN=0.82 IGN=0.75 TGL=0.02 KV=1.22
  [rfly_replan t=89.6 big=0] gbest=512.7 | EKR=1.21 EKV=0.61 EBANK=0.63 ADEC=0.94 TLD=1.04 KDIV=0.56 KVN=0.82 IGN=0.75 TGL=0.02 KV=1.22
  [rfly_replan t=99.6 big=0] gbest=512.7 | EKR=1.21 EKV=0.61 EBANK=0.63 ADEC=0.94 TLD=1.04 KDIV=0.56 KVN=0.82 IGN=0.75 TGL=0.02 KV=1.22
  [rfly_replan t=109.6 big=0] gbest=512.7 | EKR=1.21 EKV=0.61 EBANK=0.63 ADEC=0.94 TLD=1.04 KDIV=0.56 KVN=0.82 IGN=0.75 TGL=0.02 KV=1.22
  [rfly_replan t=119.6 big=0] gbest=505.0 | EKR=0.66 EKV=1.04 EBANK=0.67 ADEC=1.06 TLD=0.65 KDIV=0.43 KVN=0.58 IGN=1.22 TGL=0.00 KV=1.05
  [rfly_replan t=0.0 big=1] gbest=580.6 | EKR=1.41 EKV=1.68 EBANK=0.66 ADEC=1.31 TLD=1.52 KDIV=0.56 KVN=1.52 IGN=0.40 TGL=0.00 KV=0.82
  [rfly_replan t=10.0 big=0] gbest=520.1 | EKR=1.72 EKV=1.67 EBANK=0.64 ADEC=1.30 TLD=1.62 KDIV=0.40 KVN=1.58 IGN=0.41 TGL=0.06 KV=0.85
  [rfly_replan t=12.1 big=0] gbest=632.5 | EKR=2.17 EKV=1.42 EBANK=0.69 ADEC=1.04 TLD=1.50 KDIV=0.59 KVN=1.37 IGN=0.43 TGL=0.23 KV=1.01
  [rfly_replan t=22.1 big=0] gbest=440.0 | EKR=2.42 EKV=1.31 EBANK=0.60 ADEC=1.26 TLD=1.51 KDIV=0.51 KVN=1.14 IGN=0.40 TGL=0.24 KV=1.12
  [rfly_replan t=31.2 big=0] gbest=440.0 | EKR=2.42 EKV=1.31 EBANK=0.60 ADEC=1.26 TLD=1.51 KDIV=0.51 KVN=1.14 IGN=0.40 TGL=0.24 KV=1.12
  [rfly_replan t=41.2 big=0] gbest=440.0 | EKR=2.42 EKV=1.31 EBANK=0.60 ADEC=1.26 TLD=1.51 KDIV=0.51 KVN=1.14 IGN=0.40 TGL=0.24 KV=1.12
  [rfly_replan t=51.2 big=0] gbest=440.0 | EKR=2.42 EKV=1.31 EBANK=0.60 ADEC=1.26 TLD=1.51 KDIV=0.51 KVN=1.14 IGN=0.40 TGL=0.24 KV=1.12
  [rfly_replan t=61.2 big=0] gbest=440.0 | EKR=2.42 EKV=1.31 EBANK=0.60 ADEC=1.26 TLD=1.51 KDIV=0.51 KVN=1.14 IGN=0.40 TGL=0.24 KV=1.12
  [rfly_replan t=71.2 big=0] gbest=430.6 | EKR=2.05 EKV=1.30 EBANK=0.61 ADEC=1.24 TLD=1.48 KDIV=0.52 KVN=1.17 IGN=0.40 TGL=0.21 KV=1.15
  [rfly_replan t=81.2 big=0] gbest=430.6 | EKR=2.05 EKV=1.30 EBANK=0.61 ADEC=1.24 TLD=1.48 KDIV=0.52 KVN=1.17 IGN=0.40 TGL=0.21 KV=1.15
  [rfly_replan t=91.2 big=0] gbest=430.6 | EKR=2.05 EKV=1.30 EBANK=0.61 ADEC=1.24 TLD=1.48 KDIV=0.52 KVN=1.17 IGN=0.40 TGL=0.21 KV=1.15
  [rfly_replan t=101.3 big=0] gbest=350.2 | EKR=2.11 EKV=1.41 EBANK=0.67 ADEC=1.02 TLD=1.46 KDIV=0.59 KVN=1.29 IGN=0.64 TGL=0.06 KV=1.24
  [imu] reference LOST t=110.68 float=x gimbal rates o/m/i = -90/2/-5 deg/s (limit 90) MGA=0.4
  [rfly_replan t=111.3 big=0] gbest=342.3 | EKR=2.44 EKV=0.82 EBANK=0.68 ADEC=1.00 TLD=1.47 KDIV=0.59 KVN=1.38 IGN=0.74 TGL=0.01 KV=1.18
  [rfly_replan t=121.3 big=0] gbest=342.3 | EKR=2.44 EKV=0.82 EBANK=0.68 ADEC=1.00 TLD=1.47 KDIV=0.59 KVN=1.38 IGN=0.74 TGL=0.01 KV=1.18
  [rfly_replan t=0.0 big=1] gbest=441.4 | EKR=1.18 EKV=1.20 EBANK=1.05 ADEC=0.82 TLD=0.63 KDIV=0.95 KVN=0.87 IGN=2.05 TGL=0.00 KV=1.40
  [rfly_replan t=6.7 big=0] gbest=1009.4 | EKR=1.18 EKV=1.20 EBANK=1.05 ADEC=0.82 TLD=0.63 KDIV=0.95 KVN=0.87 IGN=2.05 TGL=0.00 KV=1.40
  [rfly_replan t=16.7 big=0] gbest=1009.4 | EKR=1.18 EKV=1.20 EBANK=1.05 ADEC=0.82 TLD=0.63 KDIV=0.95 KVN=0.87 IGN=2.05 TGL=0.00 KV=1.40
  [rfly_replan t=26.7 big=0] gbest=572.0 | EKR=1.39 EKV=1.10 EBANK=1.06 ADEC=0.96 TLD=0.43 KDIV=0.81 KVN=0.83 IGN=1.87 TGL=0.11 KV=1.41
  [rfly_replan t=34.0 big=0] gbest=485.3 | EKR=1.91 EKV=1.09 EBANK=1.24 ADEC=0.97 TLD=0.43 KDIV=0.89 KVN=0.85 IGN=1.77 TGL=0.03 KV=1.31
  [rfly_replan t=44.0 big=0] gbest=485.3 | EKR=1.91 EKV=1.09 EBANK=1.24 ADEC=0.97 TLD=0.43 KDIV=0.89 KVN=0.85 IGN=1.77 TGL=0.03 KV=1.31
  [rfly_replan t=54.0 big=0] gbest=485.3 | EKR=1.91 EKV=1.09 EBANK=1.24 ADEC=0.97 TLD=0.43 KDIV=0.89 KVN=0.85 IGN=1.77 TGL=0.03 KV=1.31
  [rfly_replan t=64.0 big=0] gbest=485.3 | EKR=1.91 EKV=1.09 EBANK=1.24 ADEC=0.97 TLD=0.43 KDIV=0.89 KVN=0.85 IGN=1.77 TGL=0.03 KV=1.31
  [rfly_replan t=74.0 big=0] gbest=485.3 | EKR=1.91 EKV=1.09 EBANK=1.24 ADEC=0.97 TLD=0.43 KDIV=0.89 KVN=0.85 IGN=1.77 TGL=0.03 KV=1.31
  [rfly_replan t=84.0 big=0] gbest=485.3 | EKR=1.91 EKV=1.09 EBANK=1.24 ADEC=0.97 TLD=0.43 KDIV=0.89 KVN=0.85 IGN=1.77 TGL=0.03 KV=1.31
  [rfly_replan t=94.1 big=0] gbest=485.3 | EKR=1.91 EKV=1.09 EBANK=1.24 ADEC=0.97 TLD=0.43 KDIV=0.89 KVN=0.85 IGN=1.77 TGL=0.03 KV=1.31
  [rfly_replan t=104.1 big=0] gbest=485.3 | EKR=1.91 EKV=1.09 EBANK=1.24 ADEC=0.97 TLD=0.43 KDIV=0.89 KVN=0.85 IGN=1.77 TGL=0.03 KV=1.31
  [rfly_replan t=114.1 big=0] gbest=415.7 | EKR=2.04 EKV=1.00 EBANK=1.25 ADEC=0.92 TLD=0.29 KDIV=0.99 KVN=0.84 IGN=1.63 TGL=0.00 KV=1.28
  [imu] reference LOST t=117.44 float=x gimbal rates o/m/i = -90/-7/2 deg/s (limit 90) MGA=7.2
  [rfly_replan t=124.1 big=0] gbest=415.7 | EKR=2.04 EKV=1.00 EBANK=1.25 ADEC=0.92 TLD=0.29 KDIV=0.99 KVN=0.84 IGN=1.63 TGL=0.00 KV=1.28
  [rfly_replan t=0.0 big=1] gbest=531.0 | EKR=1.41 EKV=1.06 EBANK=0.60 ADEC=0.96 TLD=0.95 KDIV=0.96 KVN=1.06 IGN=0.66 TGL=0.02 KV=1.00
  [rfly_replan t=10.0 big=0] gbest=531.0 | EKR=1.41 EKV=1.06 EBANK=0.60 ADEC=0.96 TLD=0.95 KDIV=0.96 KVN=1.06 IGN=0.66 TGL=0.02 KV=1.00
  [rfly_replan t=15.4 big=0] gbest=681.8 | EKR=1.81 EKV=1.18 EBANK=0.69 ADEC=0.93 TLD=1.21 KDIV=0.67 KVN=0.92 IGN=0.85 TGL=0.08 KV=1.05
  [rfly_replan t=25.4 big=0] gbest=681.8 | EKR=1.81 EKV=1.18 EBANK=0.69 ADEC=0.93 TLD=1.21 KDIV=0.67 KVN=0.92 IGN=0.85 TGL=0.08 KV=1.05
  [rfly_replan t=28.8 big=0] gbest=654.0 | EKR=1.96 EKV=1.10 EBANK=0.86 ADEC=0.88 TLD=1.03 KDIV=0.77 KVN=0.81 IGN=1.10 TGL=0.05 KV=1.19
  [rfly_replan t=38.8 big=0] gbest=654.0 | EKR=1.96 EKV=1.10 EBANK=0.86 ADEC=0.88 TLD=1.03 KDIV=0.77 KVN=0.81 IGN=1.10 TGL=0.05 KV=1.19
  [rfly_replan t=48.8 big=0] gbest=610.2 | EKR=1.87 EKV=1.11 EBANK=0.82 ADEC=0.87 TLD=0.92 KDIV=0.70 KVN=0.76 IGN=0.95 TGL=0.06 KV=1.02
  [rfly_replan t=58.8 big=0] gbest=551.8 | EKR=1.81 EKV=1.19 EBANK=0.90 ADEC=0.90 TLD=0.87 KDIV=0.71 KVN=0.65 IGN=0.59 TGL=0.01 KV=1.16
  [rfly_replan t=68.8 big=0] gbest=551.8 | EKR=1.81 EKV=1.19 EBANK=0.90 ADEC=0.90 TLD=0.87 KDIV=0.71 KVN=0.65 IGN=0.59 TGL=0.01 KV=1.16
  [rfly_replan t=78.8 big=0] gbest=478.8 | EKR=1.88 EKV=0.80 EBANK=0.79 ADEC=0.91 TLD=0.96 KDIV=0.70 KVN=0.66 IGN=0.40 TGL=0.02 KV=1.13
  [rfly_replan t=88.9 big=0] gbest=478.8 | EKR=1.88 EKV=0.80 EBANK=0.79 ADEC=0.91 TLD=0.96 KDIV=0.70 KVN=0.66 IGN=0.40 TGL=0.02 KV=1.13
  [rfly_replan t=98.9 big=0] gbest=478.8 | EKR=1.88 EKV=0.80 EBANK=0.79 ADEC=0.91 TLD=0.96 KDIV=0.70 KVN=0.66 IGN=0.40 TGL=0.02 KV=1.13
  [rfly_replan t=108.9 big=0] gbest=365.6 | EKR=2.10 EKV=0.61 EBANK=1.05 ADEC=0.61 TLD=0.46 KDIV=0.47 KVN=0.81 IGN=0.69 TGL=0.30 KV=1.51
  [imu] reference LOST t=111.72 float=x gimbal rates o/m/i = -90/-2/-7 deg/s (limit 90) MGA=6.1
  [rfly_replan t=118.9 big=0] gbest=365.6 | EKR=2.10 EKV=0.61 EBANK=1.05 ADEC=0.61 TLD=0.46 KDIV=0.47 KVN=0.81 IGN=0.69 TGL=0.30 KV=1.51
  [rfly_replan t=0.0 big=1] gbest=779.5 | EKR=1.41 EKV=1.68 EBANK=0.66 ADEC=1.31 TLD=1.52 KDIV=0.56 KVN=1.52 IGN=0.40 TGL=0.00 KV=0.82
  [rfly_replan t=10.0 big=0] gbest=415.3 | EKR=1.72 EKV=1.67 EBANK=0.64 ADEC=1.30 TLD=1.62 KDIV=0.40 KVN=1.58 IGN=0.41 TGL=0.06 KV=0.85
  [rfly_replan t=10.0 big=0] gbest=1828.5 | EKR=1.95 EKV=1.89 EBANK=0.60 ADEC=1.10 TLD=1.86 KDIV=0.40 KVN=1.43 IGN=0.67 TGL=0.14 KV=0.94
  [rfly_replan t=20.0 big=0] gbest=1526.6 | EKR=2.24 EKV=2.07 EBANK=0.82 ADEC=1.22 TLD=1.68 KDIV=0.54 KVN=1.54 IGN=1.01 TGL=0.07 KV=0.63
  [rfly_replan t=30.1 big=0] gbest=1526.6 | EKR=2.24 EKV=2.07 EBANK=0.82 ADEC=1.22 TLD=1.68 KDIV=0.54 KVN=1.54 IGN=1.01 TGL=0.07 KV=0.63
  [rfly_replan t=33.6 big=0] gbest=761.2 | EKR=2.59 EKV=2.04 EBANK=0.70 ADEC=1.20 TLD=2.04 KDIV=0.69 KVN=1.48 IGN=0.85 TGL=0.14 KV=0.50
  [rfly_replan t=43.6 big=0] gbest=664.2 | EKR=2.50 EKV=2.12 EBANK=0.77 ADEC=1.17 TLD=2.05 KDIV=0.68 KVN=1.55 IGN=0.88 TGL=0.12 KV=0.50
  [rfly_replan t=53.6 big=0] gbest=664.2 | EKR=2.50 EKV=2.12 EBANK=0.77 ADEC=1.17 TLD=2.05 KDIV=0.68 KVN=1.55 IGN=0.88 TGL=0.12 KV=0.50
  [rfly_replan t=63.6 big=0] gbest=664.2 | EKR=2.50 EKV=2.12 EBANK=0.77 ADEC=1.17 TLD=2.05 KDIV=0.68 KVN=1.55 IGN=0.88 TGL=0.12 KV=0.50
  [rfly_replan t=73.6 big=0] gbest=480.0 | EKR=2.41 EKV=2.06 EBANK=0.91 ADEC=1.31 TLD=2.40 KDIV=0.68 KVN=1.39 IGN=0.91 TGL=0.17 KV=0.74
  [rfly_replan t=83.6 big=0] gbest=480.0 | EKR=2.41 EKV=2.06 EBANK=0.91 ADEC=1.31 TLD=2.40 KDIV=0.68 KVN=1.39 IGN=0.91 TGL=0.17 KV=0.74
  [rfly_replan t=93.6 big=0] gbest=480.0 | EKR=2.41 EKV=2.06 EBANK=0.91 ADEC=1.31 TLD=2.40 KDIV=0.68 KVN=1.39 IGN=0.91 TGL=0.17 KV=0.74
  [rfly_replan t=103.6 big=0] gbest=480.0 | EKR=2.41 EKV=2.06 EBANK=0.91 ADEC=1.31 TLD=2.40 KDIV=0.68 KVN=1.39 IGN=0.91 TGL=0.17 KV=0.74
  [rfly_replan t=113.7 big=0] gbest=459.1 | EKR=2.49 EKV=2.05 EBANK=1.15 ADEC=1.41 TLD=2.32 KDIV=0.65 KVN=1.43 IGN=0.90 TGL=0.13 KV=0.77
  [imu] reference LOST t=121.01 float=x gimbal rates o/m/i = -90/-4/-0 deg/s (limit 90) MGA=2.9
  [rfly_replan t=123.7 big=0] gbest=459.1 | EKR=2.49 EKV=2.05 EBANK=1.15 ADEC=1.41 TLD=2.32 KDIV=0.65 KVN=1.43 IGN=0.90 TGL=0.13 KV=0.77
  [rfly_replan t=0.0 big=1] gbest=639.2 | EKR=0.47 EKV=0.38 EBANK=0.60 ADEC=1.03 TLD=0.48 KDIV=0.62 KVN=0.55 IGN=0.40 TGL=0.29 KV=1.27
  [rfly_replan t=4.7 big=0] gbest=782.5 | EKR=0.30 EKV=0.49 EBANK=0.60 ADEC=1.03 TLD=0.43 KDIV=0.74 KVN=0.57 IGN=0.45 TGL=0.43 KV=1.39
  [rfly_replan t=14.7 big=0] gbest=782.5 | EKR=0.30 EKV=0.49 EBANK=0.60 ADEC=1.03 TLD=0.43 KDIV=0.74 KVN=0.57 IGN=0.45 TGL=0.43 KV=1.39
  [rfly_replan t=24.7 big=0] gbest=756.8 | EKR=0.45 EKV=0.58 EBANK=0.61 ADEC=1.15 TLD=0.40 KDIV=0.71 KVN=0.68 IGN=0.40 TGL=0.36 KV=1.41
  [rfly_replan t=34.7 big=0] gbest=534.6 | EKR=0.55 EKV=0.52 EBANK=0.60 ADEC=1.09 TLD=0.39 KDIV=0.72 KVN=0.61 IGN=0.41 TGL=0.32 KV=1.26
  [rfly_replan t=35.4 big=0] gbest=534.6 | EKR=0.55 EKV=0.52 EBANK=0.60 ADEC=1.09 TLD=0.39 KDIV=0.72 KVN=0.61 IGN=0.41 TGL=0.32 KV=1.26
  [rfly_replan t=45.4 big=0] gbest=267.4 | EKR=0.74 EKV=0.92 EBANK=0.68 ADEC=1.12 TLD=0.40 KDIV=0.68 KVN=0.80 IGN=0.40 TGL=0.40 KV=1.36
  [rfly_replan t=55.4 big=0] gbest=267.4 | EKR=0.74 EKV=0.92 EBANK=0.68 ADEC=1.12 TLD=0.40 KDIV=0.68 KVN=0.80 IGN=0.40 TGL=0.40 KV=1.36
  [rfly_replan t=65.4 big=0] gbest=267.4 | EKR=0.74 EKV=0.92 EBANK=0.68 ADEC=1.12 TLD=0.40 KDIV=0.68 KVN=0.80 IGN=0.40 TGL=0.40 KV=1.36
  [rfly_replan t=75.4 big=0] gbest=267.4 | EKR=0.74 EKV=0.92 EBANK=0.68 ADEC=1.12 TLD=0.40 KDIV=0.68 KVN=0.80 IGN=0.40 TGL=0.40 KV=1.36
  [rfly_replan t=85.4 big=0] gbest=267.4 | EKR=0.74 EKV=0.92 EBANK=0.68 ADEC=1.12 TLD=0.40 KDIV=0.68 KVN=0.80 IGN=0.40 TGL=0.40 KV=1.36
  [rfly_replan t=95.5 big=0] gbest=267.4 | EKR=0.74 EKV=0.92 EBANK=0.68 ADEC=1.12 TLD=0.40 KDIV=0.68 KVN=0.80 IGN=0.40 TGL=0.40 KV=1.36
  [rfly_replan t=105.5 big=0] gbest=267.4 | EKR=0.74 EKV=0.92 EBANK=0.68 ADEC=1.12 TLD=0.40 KDIV=0.68 KVN=0.80 IGN=0.40 TGL=0.40 KV=1.36
  [rfly_replan t=115.5 big=0] gbest=267.4 | EKR=0.74 EKV=0.92 EBANK=0.68 ADEC=1.12 TLD=0.40 KDIV=0.68 KVN=0.80 IGN=0.40 TGL=0.40 KV=1.36
  [imu] reference LOST t=116.92 float=x gimbal rates o/m/i = -90/1/2 deg/s (limit 90) MGA=4.1
  [rfly_replan t=125.5 big=0] gbest=267.4 | EKR=0.74 EKV=0.92 EBANK=0.68 ADEC=1.12 TLD=0.40 KDIV=0.68 KVN=0.80 IGN=0.40 TGL=0.40 KV=1.36
  [rfly_replan t=0.0 big=1] gbest=613.5 | EKR=1.19 EKV=1.14 EBANK=1.56 ADEC=0.83 TLD=0.36 KDIV=0.71 KVN=0.65 IGN=1.77 TGL=0.18 KV=1.39
  [rfly_replan t=10.0 big=0] gbest=460.1 | EKR=0.79 EKV=0.92 EBANK=1.51 ADEC=0.81 TLD=0.25 KDIV=0.65 KVN=0.72 IGN=2.02 TGL=0.00 KV=1.48
  [rfly_replan t=13.3 big=0] gbest=938.2 | EKR=0.97 EKV=0.47 EBANK=1.50 ADEC=0.70 TLD=0.36 KDIV=0.73 KVN=0.59 IGN=2.30 TGL=0.03 KV=1.38
  [rfly_replan t=23.3 big=0] gbest=696.8 | EKR=1.12 EKV=0.47 EBANK=1.46 ADEC=0.87 TLD=0.25 KDIV=0.60 KVN=0.71 IGN=2.33 TGL=0.16 KV=1.48
  [rfly_replan t=33.4 big=0] gbest=296.5 | EKR=1.11 EKV=0.35 EBANK=1.49 ADEC=0.93 TLD=0.32 KDIV=0.67 KVN=0.72 IGN=2.32 TGL=0.11 KV=1.63
  [rfly_replan t=33.4 big=0] gbest=296.5 | EKR=1.11 EKV=0.35 EBANK=1.49 ADEC=0.93 TLD=0.32 KDIV=0.67 KVN=0.72 IGN=2.32 TGL=0.11 KV=1.63
  [rfly_replan t=43.4 big=0] gbest=274.1 | EKR=0.94 EKV=0.30 EBANK=1.71 ADEC=0.91 TLD=0.25 KDIV=0.67 KVN=0.89 IGN=2.20 TGL=0.12 KV=1.77
  [rfly_replan t=53.4 big=0] gbest=274.1 | EKR=0.94 EKV=0.30 EBANK=1.71 ADEC=0.91 TLD=0.25 KDIV=0.67 KVN=0.89 IGN=2.20 TGL=0.12 KV=1.77
  [rfly_replan t=63.4 big=0] gbest=274.1 | EKR=0.94 EKV=0.30 EBANK=1.71 ADEC=0.91 TLD=0.25 KDIV=0.67 KVN=0.89 IGN=2.20 TGL=0.12 KV=1.77
  [rfly_replan t=73.4 big=0] gbest=274.1 | EKR=0.94 EKV=0.30 EBANK=1.71 ADEC=0.91 TLD=0.25 KDIV=0.67 KVN=0.89 IGN=2.20 TGL=0.12 KV=1.77
  [rfly_replan t=83.5 big=0] gbest=274.1 | EKR=0.94 EKV=0.30 EBANK=1.71 ADEC=0.91 TLD=0.25 KDIV=0.67 KVN=0.89 IGN=2.20 TGL=0.12 KV=1.77
  [rfly_replan t=93.5 big=0] gbest=274.1 | EKR=0.94 EKV=0.30 EBANK=1.71 ADEC=0.91 TLD=0.25 KDIV=0.67 KVN=0.89 IGN=2.20 TGL=0.12 KV=1.77
  [rfly_replan t=103.5 big=0] gbest=274.1 | EKR=0.94 EKV=0.30 EBANK=1.71 ADEC=0.91 TLD=0.25 KDIV=0.67 KVN=0.89 IGN=2.20 TGL=0.12 KV=1.77
  [rfly_replan t=113.5 big=0] gbest=274.1 | EKR=0.94 EKV=0.30 EBANK=1.71 ADEC=0.91 TLD=0.25 KDIV=0.67 KVN=0.89 IGN=2.20 TGL=0.12 KV=1.77
  [rfly_replan t=123.5 big=0] gbest=274.1 | EKR=0.94 EKV=0.30 EBANK=1.71 ADEC=0.91 TLD=0.25 KDIV=0.67 KVN=0.89 IGN=2.20 TGL=0.12 KV=1.77
  [rfly_replan t=133.5 big=0] gbest=274.1 | EKR=0.94 EKV=0.30 EBANK=1.71 ADEC=0.91 TLD=0.25 KDIV=0.67 KVN=0.89 IGN=2.20 TGL=0.12 KV=1.77
  [imu] reference LOST t=139.08 float=x gimbal rates o/m/i = -90/-1/-8 deg/s (limit 90) MGA=3.9
  [rfly_replan t=143.5 big=0] gbest=274.1 | EKR=0.94 EKV=0.30 EBANK=1.71 ADEC=0.91 TLD=0.25 KDIV=0.67 KVN=0.89 IGN=2.20 TGL=0.12 KV=1.77
  [rfly_replan t=0.0 big=1] gbest=314.9 | EKR=0.34 EKV=0.68 EBANK=1.57 ADEC=1.33 TLD=0.57 KDIV=0.40 KVN=0.76 IGN=1.09 TGL=0.40 KV=1.53
  [rfly_replan t=8.0 big=0] gbest=688.4 | EKR=0.30 EKV=0.92 EBANK=1.48 ADEC=1.61 TLD=0.29 KDIV=0.54 KVN=0.68 IGN=1.16 TGL=0.36 KV=1.36
  [rfly_replan t=18.0 big=0] gbest=424.2 | EKR=0.30 EKV=0.54 EBANK=1.24 ADEC=1.72 TLD=0.25 KDIV=0.44 KVN=0.61 IGN=1.18 TGL=0.41 KV=1.36
  [rfly_replan t=28.0 big=0] gbest=357.2 | EKR=0.53 EKV=0.75 EBANK=1.35 ADEC=1.59 TLD=0.31 KDIV=0.40 KVN=0.66 IGN=1.62 TGL=0.30 KV=1.23
  [rfly_replan t=33.0 big=0] gbest=357.2 | EKR=0.53 EKV=0.75 EBANK=1.35 ADEC=1.59 TLD=0.31 KDIV=0.40 KVN=0.66 IGN=1.62 TGL=0.30 KV=1.23
  [rfly_replan t=43.0 big=0] gbest=303.0 | EKR=0.30 EKV=0.71 EBANK=1.49 ADEC=1.73 TLD=0.52 KDIV=0.40 KVN=0.59 IGN=1.37 TGL=0.01 KV=1.35
  [rfly_replan t=53.0 big=0] gbest=303.0 | EKR=0.30 EKV=0.71 EBANK=1.49 ADEC=1.73 TLD=0.52 KDIV=0.40 KVN=0.59 IGN=1.37 TGL=0.01 KV=1.35
  [rfly_replan t=63.0 big=0] gbest=303.0 | EKR=0.30 EKV=0.71 EBANK=1.49 ADEC=1.73 TLD=0.52 KDIV=0.40 KVN=0.59 IGN=1.37 TGL=0.01 KV=1.35
  [rfly_replan t=73.0 big=0] gbest=264.0 | EKR=0.30 EKV=0.75 EBANK=1.36 ADEC=1.68 TLD=0.46 KDIV=0.40 KVN=0.56 IGN=1.35 TGL=0.02 KV=1.16
  [rfly_replan t=83.1 big=0] gbest=264.0 | EKR=0.30 EKV=0.75 EBANK=1.36 ADEC=1.68 TLD=0.46 KDIV=0.40 KVN=0.56 IGN=1.35 TGL=0.02 KV=1.16
  [rfly_replan t=93.1 big=0] gbest=176.9 | EKR=0.31 EKV=0.76 EBANK=1.41 ADEC=1.69 TLD=0.45 KDIV=0.40 KVN=0.50 IGN=1.03 TGL=0.00 KV=1.15
  [rfly_replan t=103.1 big=0] gbest=168.5 | EKR=0.82 EKV=0.50 EBANK=1.26 ADEC=1.76 TLD=0.37 KDIV=0.40 KVN=0.63 IGN=1.26 TGL=0.00 KV=1.14
  [imu] reference LOST t=110.94 float=x gimbal rates o/m/i = -90/-1/2 deg/s (limit 90) MGA=-1.7
  [rfly_replan t=113.1 big=0] gbest=168.5 | EKR=0.83 EKV=0.60 EBANK=1.27 ADEC=1.74 TLD=0.32 KDIV=0.40 KVN=0.63 IGN=1.33 TGL=0.06 KV=1.14
  [rfly_replan t=0.0 big=1] gbest=808.0 | EKR=1.22 EKV=0.73 EBANK=1.55 ADEC=0.96 TLD=1.31 KDIV=0.41 KVN=0.81 IGN=0.40 TGL=0.25 KV=1.36
  [rfly_replan t=10.0 big=0] gbest=495.8 | EKR=1.18 EKV=0.71 EBANK=1.38 ADEC=1.08 TLD=1.34 KDIV=0.45 KVN=0.87 IGN=0.41 TGL=0.33 KV=1.38
  [rfly_replan t=16.6 big=0] gbest=6174.2 | EKR=1.30 EKV=0.76 EBANK=0.93 ADEC=0.98 TLD=1.41 KDIV=0.49 KVN=0.86 IGN=0.40 TGL=0.38 KV=1.54
  [rfly_replan t=26.7 big=0] gbest=835.6 | EKR=1.12 EKV=0.30 EBANK=0.95 ADEC=0.97 TLD=1.33 KDIV=0.51 KVN=0.91 IGN=0.40 TGL=0.36 KV=1.54
  [rfly_replan t=29.9 big=0] gbest=835.6 | EKR=1.12 EKV=0.30 EBANK=0.95 ADEC=0.97 TLD=1.33 KDIV=0.51 KVN=0.91 IGN=0.40 TGL=0.36 KV=1.54
  [rfly_replan t=39.9 big=0] gbest=835.6 | EKR=1.12 EKV=0.30 EBANK=0.95 ADEC=0.97 TLD=1.33 KDIV=0.51 KVN=0.91 IGN=0.40 TGL=0.36 KV=1.54
  [rfly_replan t=49.9 big=0] gbest=835.6 | EKR=1.12 EKV=0.30 EBANK=0.95 ADEC=0.97 TLD=1.33 KDIV=0.51 KVN=0.91 IGN=0.40 TGL=0.36 KV=1.54
  [rfly_replan t=59.9 big=0] gbest=835.6 | EKR=1.12 EKV=0.30 EBANK=0.95 ADEC=0.97 TLD=1.33 KDIV=0.51 KVN=0.91 IGN=0.40 TGL=0.36 KV=1.54
  [rfly_replan t=69.9 big=0] gbest=835.6 | EKR=1.12 EKV=0.30 EBANK=0.95 ADEC=0.97 TLD=1.33 KDIV=0.51 KVN=0.91 IGN=0.40 TGL=0.36 KV=1.54
  [rfly_replan t=79.9 big=0] gbest=539.5 | EKR=1.62 EKV=0.67 EBANK=1.11 ADEC=0.97 TLD=0.84 KDIV=0.48 KVN=0.97 IGN=0.40 TGL=0.58 KV=1.70
  [rfly_replan t=89.9 big=0] gbest=436.8 | EKR=1.51 EKV=0.56 EBANK=1.00 ADEC=1.04 TLD=1.07 KDIV=0.48 KVN=0.81 IGN=0.40 TGL=0.76 KV=1.57
  [rfly_replan t=99.9 big=0] gbest=436.8 | EKR=1.51 EKV=0.56 EBANK=1.00 ADEC=1.04 TLD=1.07 KDIV=0.48 KVN=0.81 IGN=0.40 TGL=0.76 KV=1.57
  [rfly_replan t=110.0 big=0] gbest=323.2 | EKR=1.45 EKV=0.56 EBANK=0.90 ADEC=1.04 TLD=0.89 KDIV=0.50 KVN=0.70 IGN=0.41 TGL=0.76 KV=1.63
  [imu] reference LOST t=111.19 float=x gimbal rates o/m/i = -90/2/-2 deg/s (limit 90) MGA=-10.6
  [rfly_replan t=120.0 big=0] gbest=323.2 | EKR=1.45 EKV=0.56 EBANK=0.90 ADEC=1.04 TLD=0.89 KDIV=0.50 KVN=0.70 IGN=0.41 TGL=0.76 KV=1.63
  [rfly_replan t=0.0 big=1] gbest=411.1 | EKR=1.24 EKV=1.57 EBANK=0.72 ADEC=1.33 TLD=1.28 KDIV=0.53 KVN=0.61 IGN=0.52 TGL=0.41 KV=0.92
  [rfly_replan t=10.0 big=0] gbest=411.1 | EKR=1.24 EKV=1.57 EBANK=0.72 ADEC=1.33 TLD=1.28 KDIV=0.53 KVN=0.61 IGN=0.52 TGL=0.41 KV=0.92
  [rfly_replan t=11.3 big=0] gbest=1080.8 | EKR=1.36 EKV=1.66 EBANK=0.60 ADEC=1.47 TLD=1.46 KDIV=0.40 KVN=0.50 IGN=0.40 TGL=0.39 KV=0.93
  [rfly_replan t=21.3 big=0] gbest=1080.8 | EKR=1.36 EKV=1.66 EBANK=0.60 ADEC=1.47 TLD=1.46 KDIV=0.40 KVN=0.50 IGN=0.40 TGL=0.39 KV=0.93
  [rfly_replan t=31.3 big=0] gbest=1016.6 | EKR=1.28 EKV=1.59 EBANK=0.77 ADEC=1.47 TLD=1.43 KDIV=0.41 KVN=0.50 IGN=0.41 TGL=0.42 KV=0.97
  [rfly_replan t=32.6 big=0] gbest=995.7 | EKR=0.96 EKV=1.69 EBANK=0.69 ADEC=1.42 TLD=1.43 KDIV=0.42 KVN=0.50 IGN=0.40 TGL=0.53 KV=1.01
  [rfly_replan t=42.6 big=0] gbest=979.9 | EKR=0.87 EKV=1.74 EBANK=0.69 ADEC=1.36 TLD=1.23 KDIV=0.41 KVN=0.51 IGN=0.42 TGL=0.37 KV=1.07
  [rfly_replan t=52.6 big=0] gbest=979.9 | EKR=0.87 EKV=1.74 EBANK=0.69 ADEC=1.36 TLD=1.23 KDIV=0.41 KVN=0.51 IGN=0.42 TGL=0.37 KV=1.07
  [rfly_replan t=62.6 big=0] gbest=892.5 | EKR=0.74 EKV=1.56 EBANK=0.60 ADEC=1.36 TLD=1.18 KDIV=0.42 KVN=0.51 IGN=0.40 TGL=0.42 KV=0.92
  [rfly_replan t=72.6 big=0] gbest=892.5 | EKR=0.74 EKV=1.56 EBANK=0.60 ADEC=1.36 TLD=1.18 KDIV=0.42 KVN=0.51 IGN=0.40 TGL=0.42 KV=0.92
  [rfly_replan t=82.6 big=0] gbest=892.5 | EKR=0.74 EKV=1.56 EBANK=0.60 ADEC=1.36 TLD=1.18 KDIV=0.42 KVN=0.51 IGN=0.40 TGL=0.42 KV=0.92
  [rfly_replan t=92.6 big=0] gbest=892.5 | EKR=0.74 EKV=1.56 EBANK=0.60 ADEC=1.36 TLD=1.18 KDIV=0.42 KVN=0.51 IGN=0.40 TGL=0.42 KV=0.92
  [rfly_replan t=102.6 big=0] gbest=888.5 | EKR=0.68 EKV=1.43 EBANK=0.61 ADEC=1.34 TLD=1.20 KDIV=0.42 KVN=0.50 IGN=0.41 TGL=0.39 KV=1.11
  [rfly_replan t=112.7 big=0] gbest=888.5 | EKR=0.68 EKV=1.43 EBANK=0.61 ADEC=1.34 TLD=1.20 KDIV=0.42 KVN=0.50 IGN=0.41 TGL=0.39 KV=1.11
  [rfly_replan t=122.7 big=0] gbest=886.7 | EKR=1.03 EKV=1.22 EBANK=0.62 ADEC=1.17 TLD=0.92 KDIV=0.41 KVN=0.52 IGN=0.40 TGL=0.57 KV=0.89
  [rfly_replan t=132.7 big=0] gbest=886.7 | EKR=1.03 EKV=1.22 EBANK=0.62 ADEC=1.17 TLD=0.92 KDIV=0.41 KVN=0.52 IGN=0.40 TGL=0.57 KV=0.89
  [rfly_replan t=0.0 big=1] gbest=462.0 | EKR=0.58 EKV=0.69 EBANK=1.11 ADEC=0.88 TLD=0.37 KDIV=1.12 KVN=1.41 IGN=1.45 TGL=0.54 KV=1.55
  [rfly_replan t=5.9 big=0] gbest=481.4 | EKR=0.57 EKV=0.75 EBANK=1.07 ADEC=1.16 TLD=0.59 KDIV=0.88 KVN=1.29 IGN=1.61 TGL=0.33 KV=1.48
  [rfly_replan t=15.9 big=0] gbest=481.4 | EKR=0.57 EKV=0.75 EBANK=1.07 ADEC=1.16 TLD=0.59 KDIV=0.88 KVN=1.29 IGN=1.61 TGL=0.33 KV=1.48
  [rfly_replan t=26.0 big=0] gbest=481.4 | EKR=0.57 EKV=0.75 EBANK=1.07 ADEC=1.16 TLD=0.59 KDIV=0.88 KVN=1.29 IGN=1.61 TGL=0.33 KV=1.48
  [rfly_replan t=33.3 big=0] gbest=481.4 | EKR=0.57 EKV=0.75 EBANK=1.07 ADEC=1.16 TLD=0.59 KDIV=0.88 KVN=1.29 IGN=1.61 TGL=0.33 KV=1.48
  [rfly_replan t=43.3 big=0] gbest=481.4 | EKR=0.57 EKV=0.75 EBANK=1.07 ADEC=1.16 TLD=0.59 KDIV=0.88 KVN=1.29 IGN=1.61 TGL=0.33 KV=1.48
  [rfly_replan t=53.3 big=0] gbest=481.4 | EKR=0.57 EKV=0.75 EBANK=1.07 ADEC=1.16 TLD=0.59 KDIV=0.88 KVN=1.29 IGN=1.61 TGL=0.33 KV=1.48
  [rfly_replan t=63.3 big=0] gbest=481.4 | EKR=0.57 EKV=0.75 EBANK=1.07 ADEC=1.16 TLD=0.59 KDIV=0.88 KVN=1.29 IGN=1.61 TGL=0.33 KV=1.48
  [rfly_replan t=73.3 big=0] gbest=481.4 | EKR=0.57 EKV=0.75 EBANK=1.07 ADEC=1.16 TLD=0.59 KDIV=0.88 KVN=1.29 IGN=1.61 TGL=0.33 KV=1.48
  [rfly_replan t=83.3 big=0] gbest=481.4 | EKR=0.57 EKV=0.75 EBANK=1.07 ADEC=1.16 TLD=0.59 KDIV=0.88 KVN=1.29 IGN=1.61 TGL=0.33 KV=1.48
  [rfly_replan t=93.3 big=0] gbest=356.7 | EKR=0.35 EKV=0.53 EBANK=1.24 ADEC=1.30 TLD=0.61 KDIV=0.78 KVN=1.14 IGN=1.91 TGL=0.54 KV=1.33
  [rfly_replan t=103.4 big=0] gbest=294.3 | EKR=0.37 EKV=0.53 EBANK=1.28 ADEC=1.12 TLD=0.66 KDIV=1.00 KVN=1.16 IGN=1.96 TGL=0.45 KV=1.46
  [imu] reference LOST t=109.46 float=x gimbal rates o/m/i = -90/-6/2 deg/s (limit 90) MGA=8.2
  [rfly_replan t=113.4 big=0] gbest=294.3 | EKR=0.37 EKV=0.53 EBANK=1.28 ADEC=1.12 TLD=0.66 KDIV=1.00 KVN=1.16 IGN=1.96 TGL=0.45 KV=1.46
  [rfly_replan t=0.0 big=1] gbest=612.0 | EKR=1.24 EKV=0.77 EBANK=1.60 ADEC=0.53 TLD=0.25 KDIV=1.38 KVN=1.15 IGN=1.50 TGL=0.00 KV=1.27
  [rfly_replan t=10.0 big=0] gbest=612.0 | EKR=1.24 EKV=0.77 EBANK=1.60 ADEC=0.53 TLD=0.25 KDIV=1.38 KVN=1.15 IGN=1.50 TGL=0.00 KV=1.27
  [rfly_replan t=14.6 big=0] gbest=774.3 | EKR=1.50 EKV=0.55 EBANK=1.52 ADEC=0.40 TLD=0.42 KDIV=1.24 KVN=1.00 IGN=1.83 TGL=0.00 KV=1.27
  [rfly_replan t=24.6 big=0] gbest=774.3 | EKR=1.50 EKV=0.55 EBANK=1.52 ADEC=0.40 TLD=0.42 KDIV=1.24 KVN=1.00 IGN=1.83 TGL=0.00 KV=1.27
  [rfly_replan t=31.3 big=0] gbest=774.3 | EKR=1.50 EKV=0.55 EBANK=1.52 ADEC=0.40 TLD=0.42 KDIV=1.24 KVN=1.00 IGN=1.83 TGL=0.00 KV=1.27
  [rfly_replan t=41.3 big=0] gbest=722.8 | EKR=1.06 EKV=0.51 EBANK=1.50 ADEC=0.41 TLD=0.42 KDIV=1.23 KVN=1.18 IGN=1.61 TGL=0.00 KV=1.50
  [rfly_replan t=51.3 big=0] gbest=722.8 | EKR=1.06 EKV=0.51 EBANK=1.50 ADEC=0.41 TLD=0.42 KDIV=1.23 KVN=1.18 IGN=1.61 TGL=0.00 KV=1.50
  [rfly_replan t=61.3 big=0] gbest=405.7 | EKR=1.35 EKV=0.65 EBANK=1.84 ADEC=0.40 TLD=0.57 KDIV=1.15 KVN=1.32 IGN=1.85 TGL=0.00 KV=1.63
  [rfly_replan t=71.3 big=0] gbest=405.7 | EKR=1.35 EKV=0.65 EBANK=1.84 ADEC=0.40 TLD=0.57 KDIV=1.15 KVN=1.32 IGN=1.85 TGL=0.00 KV=1.63
  [rfly_replan t=81.3 big=0] gbest=323.6 | EKR=1.32 EKV=0.85 EBANK=1.94 ADEC=0.44 TLD=0.80 KDIV=1.06 KVN=1.23 IGN=1.68 TGL=0.00 KV=1.60
  [rfly_replan t=91.4 big=0] gbest=323.6 | EKR=1.32 EKV=0.85 EBANK=1.94 ADEC=0.44 TLD=0.80 KDIV=1.06 KVN=1.23 IGN=1.68 TGL=0.00 KV=1.60
  [rfly_replan t=101.4 big=0] gbest=323.6 | EKR=1.32 EKV=0.85 EBANK=1.94 ADEC=0.44 TLD=0.80 KDIV=1.06 KVN=1.23 IGN=1.68 TGL=0.00 KV=1.60
  [rfly_replan t=111.4 big=0] gbest=323.6 | EKR=1.32 EKV=0.85 EBANK=1.94 ADEC=0.44 TLD=0.80 KDIV=1.06 KVN=1.23 IGN=1.68 TGL=0.00 KV=1.60
  [rfly_replan t=121.4 big=0] gbest=298.6 | EKR=1.32 EKV=0.83 EBANK=2.05 ADEC=0.43 TLD=0.80 KDIV=1.14 KVN=1.34 IGN=1.21 TGL=0.03 KV=1.74
  [rfly_replan t=131.4 big=0] gbest=298.6 | EKR=1.32 EKV=0.83 EBANK=2.05 ADEC=0.43 TLD=0.80 KDIV=1.14 KVN=1.34 IGN=1.21 TGL=0.03 KV=1.74
  [rfly_replan t=0.0 big=1] gbest=428.0 | EKR=1.15 EKV=1.64 EBANK=1.53 ADEC=0.81 TLD=0.25 KDIV=0.55 KVN=1.72 IGN=0.66 TGL=0.03 KV=0.82
  [rfly_replan t=9.2 big=0] gbest=608.1 | EKR=0.86 EKV=1.14 EBANK=1.73 ADEC=0.55 TLD=0.39 KDIV=0.44 KVN=1.69 IGN=0.83 TGL=0.01 KV=0.79
  [rfly_replan t=19.2 big=0] gbest=608.1 | EKR=0.86 EKV=1.14 EBANK=1.73 ADEC=0.55 TLD=0.39 KDIV=0.44 KVN=1.69 IGN=0.83 TGL=0.01 KV=0.79
  [rfly_replan t=29.3 big=0] gbest=574.1 | EKR=0.97 EKV=1.18 EBANK=1.75 ADEC=0.69 TLD=0.61 KDIV=0.44 KVN=1.69 IGN=0.81 TGL=0.11 KV=0.83
  [rfly_replan t=31.1 big=0] gbest=569.5 | EKR=0.95 EKV=1.08 EBANK=1.86 ADEC=0.69 TLD=0.60 KDIV=0.45 KVN=1.72 IGN=0.73 TGL=0.36 KV=0.63
  [rfly_replan t=41.1 big=0] gbest=569.5 | EKR=0.95 EKV=1.08 EBANK=1.86 ADEC=0.69 TLD=0.60 KDIV=0.45 KVN=1.72 IGN=0.73 TGL=0.36 KV=0.63
  [rfly_replan t=51.1 big=0] gbest=569.5 | EKR=0.95 EKV=1.08 EBANK=1.86 ADEC=0.69 TLD=0.60 KDIV=0.45 KVN=1.72 IGN=0.73 TGL=0.36 KV=0.63
  [rfly_replan t=61.1 big=0] gbest=569.5 | EKR=0.95 EKV=1.08 EBANK=1.86 ADEC=0.69 TLD=0.60 KDIV=0.45 KVN=1.72 IGN=0.73 TGL=0.36 KV=0.63
  [rfly_replan t=71.1 big=0] gbest=520.0 | EKR=1.39 EKV=0.98 EBANK=1.57 ADEC=0.70 TLD=0.84 KDIV=0.40 KVN=1.74 IGN=0.69 TGL=0.41 KV=0.76
  [rfly_replan t=81.1 big=0] gbest=520.0 | EKR=1.39 EKV=0.98 EBANK=1.57 ADEC=0.70 TLD=0.84 KDIV=0.40 KVN=1.74 IGN=0.69 TGL=0.41 KV=0.76
  [rfly_replan t=91.2 big=0] gbest=520.0 | EKR=1.39 EKV=0.98 EBANK=1.57 ADEC=0.70 TLD=0.84 KDIV=0.40 KVN=1.74 IGN=0.69 TGL=0.41 KV=0.76
  [rfly_replan t=101.2 big=0] gbest=459.4 | EKR=1.47 EKV=1.54 EBANK=1.37 ADEC=0.64 TLD=0.88 KDIV=0.41 KVN=1.70 IGN=0.68 TGL=0.51 KV=0.74
  [imu] reference LOST t=105.10 float=x gimbal rates o/m/i = -90/2/-2 deg/s (limit 90) MGA=11.2
  [rfly_replan t=111.2 big=0] gbest=459.4 | EKR=1.47 EKV=1.54 EBANK=1.37 ADEC=0.64 TLD=0.88 KDIV=0.41 KVN=1.70 IGN=0.68 TGL=0.51 KV=0.74
  [rfly_replan t=0.0 big=1] gbest=462.3 | EKR=1.29 EKV=0.75 EBANK=1.11 ADEC=0.59 TLD=0.46 KDIV=1.01 KVN=1.09 IGN=0.55 TGL=0.00 KV=1.56
  [rfly_replan t=10.0 big=0] gbest=462.3 | EKR=1.29 EKV=0.75 EBANK=1.11 ADEC=0.59 TLD=0.46 KDIV=1.01 KVN=1.09 IGN=0.55 TGL=0.00 KV=1.56
  [rfly_replan t=17.9 big=0] gbest=1031.7 | EKR=1.26 EKV=0.62 EBANK=1.01 ADEC=0.60 TLD=0.25 KDIV=1.00 KVN=1.23 IGN=0.75 TGL=0.01 KV=1.56
  [rfly_replan t=27.9 big=0] gbest=412.6 | EKR=1.13 EKV=0.62 EBANK=0.92 ADEC=0.59 TLD=0.25 KDIV=0.90 KVN=1.22 IGN=0.86 TGL=0.02 KV=1.53
  [rfly_replan t=28.9 big=0] gbest=412.6 | EKR=1.13 EKV=0.62 EBANK=0.92 ADEC=0.59 TLD=0.25 KDIV=0.90 KVN=1.22 IGN=0.86 TGL=0.02 KV=1.53
  [rfly_replan t=38.9 big=0] gbest=412.6 | EKR=1.13 EKV=0.62 EBANK=0.92 ADEC=0.59 TLD=0.25 KDIV=0.90 KVN=1.22 IGN=0.86 TGL=0.02 KV=1.53
  [rfly_replan t=48.9 big=0] gbest=412.6 | EKR=1.13 EKV=0.62 EBANK=0.92 ADEC=0.59 TLD=0.25 KDIV=0.90 KVN=1.22 IGN=0.86 TGL=0.02 KV=1.53
  [rfly_replan t=58.9 big=0] gbest=412.6 | EKR=1.13 EKV=0.62 EBANK=0.92 ADEC=0.59 TLD=0.25 KDIV=0.90 KVN=1.22 IGN=0.86 TGL=0.02 KV=1.53
  [rfly_replan t=68.9 big=0] gbest=412.6 | EKR=1.13 EKV=0.62 EBANK=0.92 ADEC=0.59 TLD=0.25 KDIV=0.90 KVN=1.22 IGN=0.86 TGL=0.02 KV=1.53
  [rfly_replan t=78.9 big=0] gbest=412.6 | EKR=1.13 EKV=0.62 EBANK=0.92 ADEC=0.59 TLD=0.25 KDIV=0.90 KVN=1.22 IGN=0.86 TGL=0.02 KV=1.53
  [rfly_replan t=88.9 big=0] gbest=412.6 | EKR=1.13 EKV=0.62 EBANK=0.92 ADEC=0.59 TLD=0.25 KDIV=0.90 KVN=1.22 IGN=0.86 TGL=0.02 KV=1.53
  [rfly_replan t=99.0 big=0] gbest=412.6 | EKR=1.13 EKV=0.62 EBANK=0.92 ADEC=0.59 TLD=0.25 KDIV=0.90 KVN=1.22 IGN=0.86 TGL=0.02 KV=1.53
  [rfly_replan t=109.0 big=0] gbest=359.5 | EKR=1.10 EKV=0.37 EBANK=0.97 ADEC=0.58 TLD=0.27 KDIV=0.87 KVN=1.46 IGN=0.85 TGL=0.00 KV=1.44
  [rfly_replan t=119.0 big=0] gbest=303.1 | EKR=0.87 EKV=0.56 EBANK=0.83 ADEC=0.52 TLD=0.62 KDIV=1.30 KVN=1.46 IGN=1.04 TGL=0.01 KV=1.28
  [imu] reference LOST t=120.62 float=x gimbal rates o/m/i = -90/4/-4 deg/s (limit 90) MGA=5.3
  [rfly_replan t=129.0 big=0] gbest=303.1 | EKR=0.87 EKV=0.56 EBANK=0.83 ADEC=0.52 TLD=0.62 KDIV=1.30 KVN=1.46 IGN=1.04 TGL=0.01 KV=1.28
  [rfly_replan t=0.0 big=1] gbest=485.2 | EKR=1.19 EKV=1.14 EBANK=1.56 ADEC=0.83 TLD=0.36 KDIV=0.71 KVN=0.65 IGN=1.77 TGL=0.18 KV=1.39
  [rfly_replan t=10.0 big=0] gbest=352.2 | EKR=0.91 EKV=1.39 EBANK=1.54 ADEC=0.83 TLD=0.25 KDIV=0.65 KVN=0.63 IGN=2.20 TGL=0.28 KV=1.21
  [rfly_replan t=12.5 big=0] gbest=667.0 | EKR=1.17 EKV=1.00 EBANK=1.56 ADEC=0.87 TLD=0.41 KDIV=0.73 KVN=0.53 IGN=1.74 TGL=0.23 KV=1.05
  [rfly_replan t=22.6 big=0] gbest=667.0 | EKR=1.17 EKV=1.00 EBANK=1.56 ADEC=0.87 TLD=0.41 KDIV=0.73 KVN=0.53 IGN=1.74 TGL=0.23 KV=1.05
  [rfly_replan t=32.6 big=0] gbest=508.3 | EKR=1.00 EKV=1.07 EBANK=1.51 ADEC=0.66 TLD=0.42 KDIV=0.82 KVN=0.61 IGN=1.80 TGL=0.23 KV=1.01
  [rfly_replan t=32.8 big=0] gbest=508.3 | EKR=1.00 EKV=1.07 EBANK=1.51 ADEC=0.66 TLD=0.42 KDIV=0.82 KVN=0.61 IGN=1.80 TGL=0.23 KV=1.01
  [rfly_replan t=42.8 big=0] gbest=368.3 | EKR=1.02 EKV=1.03 EBANK=1.55 ADEC=0.65 TLD=0.41 KDIV=0.81 KVN=0.63 IGN=1.74 TGL=0.47 KV=1.07
  [rfly_replan t=52.8 big=0] gbest=368.3 | EKR=1.02 EKV=1.03 EBANK=1.55 ADEC=0.65 TLD=0.41 KDIV=0.81 KVN=0.63 IGN=1.74 TGL=0.47 KV=1.07
  [rfly_replan t=62.8 big=0] gbest=368.3 | EKR=1.02 EKV=1.03 EBANK=1.55 ADEC=0.65 TLD=0.41 KDIV=0.81 KVN=0.63 IGN=1.74 TGL=0.47 KV=1.07
  [rfly_replan t=72.9 big=0] gbest=368.3 | EKR=1.02 EKV=1.03 EBANK=1.55 ADEC=0.65 TLD=0.41 KDIV=0.81 KVN=0.63 IGN=1.74 TGL=0.47 KV=1.07
  [rfly_replan t=82.9 big=0] gbest=368.3 | EKR=1.02 EKV=1.03 EBANK=1.55 ADEC=0.65 TLD=0.41 KDIV=0.81 KVN=0.63 IGN=1.74 TGL=0.47 KV=1.07
  [rfly_replan t=92.9 big=0] gbest=368.3 | EKR=1.02 EKV=1.03 EBANK=1.55 ADEC=0.65 TLD=0.41 KDIV=0.81 KVN=0.63 IGN=1.74 TGL=0.47 KV=1.07
  [rfly_replan t=102.9 big=0] gbest=368.3 | EKR=1.02 EKV=1.03 EBANK=1.55 ADEC=0.65 TLD=0.41 KDIV=0.81 KVN=0.63 IGN=1.74 TGL=0.47 KV=1.07
  [rfly_replan t=112.9 big=0] gbest=368.3 | EKR=1.02 EKV=1.03 EBANK=1.55 ADEC=0.65 TLD=0.41 KDIV=0.81 KVN=0.63 IGN=1.74 TGL=0.47 KV=1.07
  [rfly_replan t=123.0 big=0] gbest=356.1 | EKR=0.48 EKV=1.22 EBANK=1.47 ADEC=0.53 TLD=0.25 KDIV=0.76 KVN=0.50 IGN=1.73 TGL=0.32 KV=0.80
  [imu] reference LOST t=126.27 float=x gimbal rates o/m/i = -90/6/-8 deg/s (limit 90) MGA=0.4
  [rfly_replan t=133.0 big=0] gbest=356.1 | EKR=0.48 EKV=1.22 EBANK=1.47 ADEC=0.53 TLD=0.25 KDIV=0.76 KVN=0.50 IGN=1.73 TGL=0.32 KV=0.80
  [rfly_replan t=0.0 big=1] gbest=474.7 | EKR=0.68 EKV=1.06 EBANK=0.79 ADEC=0.71 TLD=1.84 KDIV=1.09 KVN=0.72 IGN=0.49 TGL=0.00 KV=1.28
  [rfly_replan t=7.2 big=0] gbest=1494.4 | EKR=0.79 EKV=1.04 EBANK=0.72 ADEC=0.67 TLD=1.83 KDIV=1.05 KVN=0.53 IGN=0.53 TGL=0.00 KV=1.26
  [rfly_replan t=17.2 big=0] gbest=414.4 | EKR=0.81 EKV=1.07 EBANK=0.74 ADEC=0.81 TLD=1.70 KDIV=0.97 KVN=0.50 IGN=0.70 TGL=0.00 KV=1.26
  [rfly_replan t=27.2 big=0] gbest=414.4 | EKR=0.81 EKV=1.07 EBANK=0.74 ADEC=0.81 TLD=1.70 KDIV=0.97 KVN=0.50 IGN=0.70 TGL=0.00 KV=1.26
  [rfly_replan t=36.0 big=0] gbest=414.4 | EKR=0.81 EKV=1.07 EBANK=0.74 ADEC=0.81 TLD=1.70 KDIV=0.97 KVN=0.50 IGN=0.70 TGL=0.00 KV=1.26
  [rfly_replan t=46.0 big=0] gbest=414.4 | EKR=0.81 EKV=1.07 EBANK=0.74 ADEC=0.81 TLD=1.70 KDIV=0.97 KVN=0.50 IGN=0.70 TGL=0.00 KV=1.26
  [rfly_replan t=56.0 big=0] gbest=414.4 | EKR=0.81 EKV=1.07 EBANK=0.74 ADEC=0.81 TLD=1.70 KDIV=0.97 KVN=0.50 IGN=0.70 TGL=0.00 KV=1.26
  [rfly_replan t=66.0 big=0] gbest=414.4 | EKR=0.81 EKV=1.07 EBANK=0.74 ADEC=0.81 TLD=1.70 KDIV=0.97 KVN=0.50 IGN=0.70 TGL=0.00 KV=1.26
  [rfly_replan t=76.0 big=0] gbest=414.4 | EKR=0.81 EKV=1.07 EBANK=0.74 ADEC=0.81 TLD=1.70 KDIV=0.97 KVN=0.50 IGN=0.70 TGL=0.00 KV=1.26
  [rfly_replan t=86.0 big=0] gbest=414.4 | EKR=0.81 EKV=1.07 EBANK=0.74 ADEC=0.81 TLD=1.70 KDIV=0.97 KVN=0.50 IGN=0.70 TGL=0.00 KV=1.26
  [rfly_replan t=96.0 big=0] gbest=414.4 | EKR=0.81 EKV=1.07 EBANK=0.74 ADEC=0.81 TLD=1.70 KDIV=0.97 KVN=0.50 IGN=0.70 TGL=0.00 KV=1.26
  [rfly_replan t=106.1 big=0] gbest=414.4 | EKR=0.81 EKV=1.07 EBANK=0.74 ADEC=0.81 TLD=1.70 KDIV=0.97 KVN=0.50 IGN=0.70 TGL=0.00 KV=1.26
  [rfly_replan t=116.1 big=0] gbest=414.4 | EKR=0.81 EKV=1.07 EBANK=0.74 ADEC=0.81 TLD=1.70 KDIV=0.97 KVN=0.50 IGN=0.70 TGL=0.00 KV=1.26
  [rfly_replan t=126.1 big=0] gbest=410.8 | EKR=0.78 EKV=0.85 EBANK=1.00 ADEC=0.69 TLD=1.76 KDIV=1.20 KVN=0.52 IGN=0.40 TGL=0.00 KV=1.07
  [rfly_replan t=0.0 big=1] gbest=685.1 | EKR=1.19 EKV=1.14 EBANK=1.56 ADEC=0.83 TLD=0.36 KDIV=0.71 KVN=0.65 IGN=1.77 TGL=0.18 KV=1.39
  [rfly_replan t=10.0 big=0] gbest=664.2 | EKR=1.15 EKV=1.09 EBANK=1.58 ADEC=0.85 TLD=0.33 KDIV=0.69 KVN=0.70 IGN=1.58 TGL=0.15 KV=1.38
  [rfly_replan t=15.9 big=0] gbest=8152.4 | EKR=1.47 EKV=1.00 EBANK=1.60 ADEC=0.71 TLD=0.25 KDIV=0.56 KVN=0.79 IGN=0.90 TGL=0.27 KV=1.67
  [rfly_replan t=25.9 big=0] gbest=1155.6 | EKR=1.38 EKV=0.77 EBANK=1.78 ADEC=0.82 TLD=0.25 KDIV=0.56 KVN=0.84 IGN=0.93 TGL=0.30 KV=1.56
  [rfly_replan t=30.4 big=0] gbest=835.7 | EKR=1.13 EKV=0.94 EBANK=2.11 ADEC=0.91 TLD=0.28 KDIV=0.76 KVN=0.51 IGN=1.24 TGL=0.24 KV=1.79
  [rfly_replan t=40.4 big=0] gbest=835.7 | EKR=1.13 EKV=0.94 EBANK=2.11 ADEC=0.91 TLD=0.28 KDIV=0.76 KVN=0.51 IGN=1.24 TGL=0.24 KV=1.79
  [rfly_replan t=50.4 big=0] gbest=835.7 | EKR=1.13 EKV=0.94 EBANK=2.11 ADEC=0.91 TLD=0.28 KDIV=0.76 KVN=0.51 IGN=1.24 TGL=0.24 KV=1.79
  [rfly_replan t=60.4 big=0] gbest=835.7 | EKR=1.13 EKV=0.94 EBANK=2.11 ADEC=0.91 TLD=0.28 KDIV=0.76 KVN=0.51 IGN=1.24 TGL=0.24 KV=1.79
  [rfly_replan t=70.4 big=0] gbest=835.7 | EKR=1.13 EKV=0.94 EBANK=2.11 ADEC=0.91 TLD=0.28 KDIV=0.76 KVN=0.51 IGN=1.24 TGL=0.24 KV=1.79
  [rfly_replan t=80.5 big=0] gbest=835.7 | EKR=1.13 EKV=0.94 EBANK=2.11 ADEC=0.91 TLD=0.28 KDIV=0.76 KVN=0.51 IGN=1.24 TGL=0.24 KV=1.79
  [rfly_replan t=90.5 big=0] gbest=835.7 | EKR=1.13 EKV=0.94 EBANK=2.11 ADEC=0.91 TLD=0.28 KDIV=0.76 KVN=0.51 IGN=1.24 TGL=0.24 KV=1.79
  [rfly_replan t=100.5 big=0] gbest=835.7 | EKR=1.13 EKV=0.94 EBANK=2.11 ADEC=0.91 TLD=0.28 KDIV=0.76 KVN=0.51 IGN=1.24 TGL=0.24 KV=1.79
  [rfly_replan t=110.5 big=0] gbest=835.7 | EKR=1.13 EKV=0.94 EBANK=2.11 ADEC=0.91 TLD=0.28 KDIV=0.76 KVN=0.51 IGN=1.24 TGL=0.24 KV=1.79
  [rfly_replan t=120.5 big=0] gbest=830.9 | EKR=0.94 EKV=0.80 EBANK=1.97 ADEC=0.78 TLD=0.53 KDIV=0.80 KVN=0.50 IGN=1.32 TGL=0.25 KV=1.73
  [rfly_replan t=130.6 big=0] gbest=791.4 | EKR=1.01 EKV=0.85 EBANK=2.07 ADEC=0.79 TLD=0.67 KDIV=0.66 KVN=0.66 IGN=0.87 TGL=0.31 KV=1.72
  [imu] reference LOST t=134.18 float=x gimbal rates o/m/i = -90/-4/-5 deg/s (limit 90) MGA=7.6
  [rfly_replan t=140.6 big=0] gbest=791.4 | EKR=1.01 EKV=0.85 EBANK=2.07 ADEC=0.79 TLD=0.67 KDIV=0.66 KVN=0.66 IGN=0.87 TGL=0.31 KV=1.72
  [rfly_replan t=0.0 big=1] gbest=389.5 | EKR=1.19 EKV=1.14 EBANK=1.56 ADEC=0.83 TLD=0.36 KDIV=0.71 KVN=0.65 IGN=1.77 TGL=0.18 KV=1.39
  [rfly_replan t=10.0 big=0] gbest=389.5 | EKR=1.19 EKV=1.14 EBANK=1.56 ADEC=0.83 TLD=0.36 KDIV=0.71 KVN=0.65 IGN=1.77 TGL=0.18 KV=1.39
  [rfly_replan t=10.5 big=0] gbest=600.6 | EKR=1.00 EKV=1.42 EBANK=1.89 ADEC=0.89 TLD=0.40 KDIV=0.94 KVN=0.50 IGN=1.49 TGL=0.37 KV=1.84
  [rfly_replan t=20.5 big=0] gbest=600.6 | EKR=1.00 EKV=1.42 EBANK=1.89 ADEC=0.89 TLD=0.40 KDIV=0.94 KVN=0.50 IGN=1.49 TGL=0.37 KV=1.84
  [rfly_replan t=30.5 big=0] gbest=600.6 | EKR=1.00 EKV=1.42 EBANK=1.89 ADEC=0.89 TLD=0.40 KDIV=0.94 KVN=0.50 IGN=1.49 TGL=0.37 KV=1.84
  [rfly_replan t=33.1 big=0] gbest=579.9 | EKR=1.05 EKV=1.37 EBANK=1.64 ADEC=0.86 TLD=0.27 KDIV=0.91 KVN=0.67 IGN=1.59 TGL=0.19 KV=1.85
  [rfly_replan t=43.1 big=0] gbest=481.1 | EKR=1.31 EKV=1.33 EBANK=1.67 ADEC=0.91 TLD=0.25 KDIV=0.90 KVN=0.82 IGN=1.85 TGL=0.20 KV=1.78
  [rfly_replan t=53.1 big=0] gbest=481.1 | EKR=1.31 EKV=1.33 EBANK=1.67 ADEC=0.91 TLD=0.25 KDIV=0.90 KVN=0.82 IGN=1.85 TGL=0.20 KV=1.78
  [rfly_replan t=63.1 big=0] gbest=260.3 | EKR=1.21 EKV=1.30 EBANK=1.45 ADEC=0.80 TLD=0.25 KDIV=0.77 KVN=0.96 IGN=1.80 TGL=0.28 KV=1.72
  [rfly_replan t=73.1 big=0] gbest=260.3 | EKR=1.21 EKV=1.30 EBANK=1.45 ADEC=0.80 TLD=0.25 KDIV=0.77 KVN=0.96 IGN=1.80 TGL=0.28 KV=1.72
  [rfly_replan t=83.1 big=0] gbest=260.3 | EKR=1.21 EKV=1.30 EBANK=1.45 ADEC=0.80 TLD=0.25 KDIV=0.77 KVN=0.96 IGN=1.80 TGL=0.28 KV=1.72
  [rfly_replan t=93.1 big=0] gbest=260.3 | EKR=1.21 EKV=1.30 EBANK=1.45 ADEC=0.80 TLD=0.25 KDIV=0.77 KVN=0.96 IGN=1.80 TGL=0.28 KV=1.72
  [rfly_replan t=103.1 big=0] gbest=260.3 | EKR=1.21 EKV=1.30 EBANK=1.45 ADEC=0.80 TLD=0.25 KDIV=0.77 KVN=0.96 IGN=1.80 TGL=0.28 KV=1.72
  [rfly_replan t=113.2 big=0] gbest=260.3 | EKR=1.21 EKV=1.30 EBANK=1.45 ADEC=0.80 TLD=0.25 KDIV=0.77 KVN=0.96 IGN=1.80 TGL=0.28 KV=1.72
  [rfly_replan t=123.2 big=0] gbest=260.3 | EKR=1.21 EKV=1.30 EBANK=1.45 ADEC=0.80 TLD=0.25 KDIV=0.77 KVN=0.96 IGN=1.80 TGL=0.28 KV=1.72
  [imu] reference LOST t=129.12 float=x gimbal rates o/m/i = -90/-3/4 deg/s (limit 90) MGA=7.8
  [rfly_replan t=133.2 big=0] gbest=260.3 | EKR=1.21 EKV=1.30 EBANK=1.45 ADEC=0.80 TLD=0.25 KDIV=0.77 KVN=0.96 IGN=1.80 TGL=0.28 KV=1.72
  [rfly_replan t=0.0 big=1] gbest=583.3 | EKR=0.58 EKV=0.69 EBANK=1.11 ADEC=0.88 TLD=0.37 KDIV=1.12 KVN=1.41 IGN=1.45 TGL=0.54 KV=1.55
  [rfly_replan t=5.2 big=0] gbest=879.2 | EKR=0.45 EKV=0.64 EBANK=1.05 ADEC=1.09 TLD=0.58 KDIV=1.13 KVN=1.36 IGN=1.42 TGL=0.55 KV=1.81
  [rfly_replan t=15.2 big=0] gbest=586.3 | EKR=0.46 EKV=0.75 EBANK=0.92 ADEC=1.08 TLD=0.58 KDIV=0.99 KVN=1.38 IGN=1.37 TGL=0.61 KV=1.83
  [rfly_replan t=25.2 big=0] gbest=586.3 | EKR=0.46 EKV=0.75 EBANK=0.92 ADEC=1.08 TLD=0.58 KDIV=0.99 KVN=1.38 IGN=1.37 TGL=0.61 KV=1.83
  [rfly_replan t=35.0 big=0] gbest=586.3 | EKR=0.46 EKV=0.75 EBANK=0.92 ADEC=1.08 TLD=0.58 KDIV=0.99 KVN=1.38 IGN=1.37 TGL=0.61 KV=1.83
  [rfly_replan t=45.0 big=0] gbest=586.3 | EKR=0.46 EKV=0.75 EBANK=0.92 ADEC=1.08 TLD=0.58 KDIV=0.99 KVN=1.38 IGN=1.37 TGL=0.61 KV=1.83
  [rfly_replan t=55.0 big=0] gbest=586.3 | EKR=0.46 EKV=0.75 EBANK=0.92 ADEC=1.08 TLD=0.58 KDIV=0.99 KVN=1.38 IGN=1.37 TGL=0.61 KV=1.83
  [rfly_replan t=65.0 big=0] gbest=586.3 | EKR=0.46 EKV=0.75 EBANK=0.92 ADEC=1.08 TLD=0.58 KDIV=0.99 KVN=1.38 IGN=1.37 TGL=0.61 KV=1.83
  [rfly_replan t=75.0 big=0] gbest=586.3 | EKR=0.46 EKV=0.75 EBANK=0.92 ADEC=1.08 TLD=0.58 KDIV=0.99 KVN=1.38 IGN=1.37 TGL=0.61 KV=1.83
  [rfly_replan t=85.0 big=0] gbest=517.5 | EKR=0.50 EKV=0.72 EBANK=0.98 ADEC=1.09 TLD=0.78 KDIV=0.86 KVN=1.37 IGN=1.28 TGL=0.35 KV=1.87
  [rfly_replan t=95.1 big=0] gbest=472.2 | EKR=0.30 EKV=0.74 EBANK=1.13 ADEC=1.12 TLD=0.86 KDIV=0.87 KVN=1.33 IGN=1.50 TGL=0.13 KV=2.01
  [rfly_replan t=105.1 big=0] gbest=313.7 | EKR=0.30 EKV=0.87 EBANK=0.89 ADEC=1.20 TLD=0.81 KDIV=0.85 KVN=1.34 IGN=1.47 TGL=0.04 KV=1.97
  [imu] reference LOST t=114.12 float=x gimbal rates o/m/i = -90/-1/-0 deg/s (limit 90) MGA=-2.7
  [rfly_replan t=115.1 big=0] gbest=313.7 | EKR=0.30 EKV=0.87 EBANK=0.89 ADEC=1.20 TLD=0.81 KDIV=0.85 KVN=1.34 IGN=1.47 TGL=0.04 KV=1.97
