  [rfly_replan t=0.0 big=1] gbest=572.3 | EKR=1.30 EKV=1.04 EBANK=0.60 ADEC=1.16 TLD=1.00 KDIV=0.89 KVN=2.00 IGN=0.70 TGL=0.12 KV=1.21
  [rfly_replan t=10.0 big=0] gbest=572.3 | EKR=1.30 EKV=1.04 EBANK=0.60 ADEC=1.16 TLD=1.00 KDIV=0.89 KVN=2.00 IGN=0.70 TGL=0.12 KV=1.21
  [rfly_replan t=12.7 big=0] gbest=351.1 | EKR=1.50 EKV=0.84 EBANK=0.60 ADEC=1.39 TLD=0.83 KDIV=0.63 KVN=2.20 IGN=0.50 TGL=0.04 KV=1.02
  [rfly_replan t=22.7 big=0] gbest=351.1 | EKR=1.50 EKV=0.84 EBANK=0.60 ADEC=1.39 TLD=0.83 KDIV=0.63 KVN=2.20 IGN=0.50 TGL=0.04 KV=1.02
  [rfly_replan t=31.4 big=0] gbest=322.1 | EKR=1.55 EKV=0.84 EBANK=0.65 ADEC=1.40 TLD=0.91 KDIV=0.63 KVN=2.26 IGN=0.53 TGL=0.02 KV=1.15
  [rfly_replan t=41.4 big=0] gbest=322.1 | EKR=1.55 EKV=0.84 EBANK=0.65 ADEC=1.40 TLD=0.91 KDIV=0.63 KVN=2.26 IGN=0.53 TGL=0.02 KV=1.15
  [rfly_replan t=51.4 big=0] gbest=322.1 | EKR=1.55 EKV=0.84 EBANK=0.65 ADEC=1.40 TLD=0.91 KDIV=0.63 KVN=2.26 IGN=0.53 TGL=0.02 KV=1.15
  [rfly_replan t=61.4 big=0] gbest=322.1 | EKR=1.55 EKV=0.84 EBANK=0.65 ADEC=1.40 TLD=0.91 KDIV=0.63 KVN=2.26 IGN=0.53 TGL=0.02 KV=1.15
  [rfly_replan t=71.5 big=0] gbest=256.3 | EKR=1.23 EKV=0.63 EBANK=0.60 ADEC=1.52 TLD=0.75 KDIV=0.45 KVN=2.23 IGN=0.72 TGL=0.22 KV=1.35
  [rfly_replan t=81.5 big=0] gbest=256.3 | EKR=1.23 EKV=0.63 EBANK=0.60 ADEC=1.52 TLD=0.75 KDIV=0.45 KVN=2.23 IGN=0.72 TGL=0.22 KV=1.35
  [rfly_replan t=91.5 big=0] gbest=256.3 | EKR=1.23 EKV=0.63 EBANK=0.60 ADEC=1.52 TLD=0.75 KDIV=0.45 KVN=2.23 IGN=0.72 TGL=0.22 KV=1.35
  [rfly_replan t=101.5 big=0] gbest=256.3 | EKR=1.23 EKV=0.63 EBANK=0.60 ADEC=1.52 TLD=0.75 KDIV=0.45 KVN=2.23 IGN=0.72 TGL=0.22 KV=1.35
  [rfly_replan t=111.5 big=0] gbest=221.0 | EKR=0.93 EKV=0.67 EBANK=0.60 ADEC=1.69 TLD=0.72 KDIV=0.42 KVN=2.06 IGN=0.77 TGL=0.17 KV=1.22
  [rfly_replan t=121.6 big=0] gbest=217.8 | EKR=0.75 EKV=0.38 EBANK=0.76 ADEC=1.83 TLD=0.89 KDIV=0.40 KVN=1.90 IGN=0.66 TGL=0.30 KV=1.12
  [imu] reference LOST t=124.13 float=x gimbal rates o/m/i = -90/1/-5 deg/s (limit 90) MGA=3.0
  [rfly_replan t=0.0 big=1] gbest=161.8 | EKR=1.57 EKV=0.78 EBANK=1.12 ADEC=0.54 TLD=0.42 KDIV=1.17 KVN=1.17 IGN=0.40 TGL=0.45 KV=1.26
  [rfly_replan t=7.3 big=0] gbest=6327.1 | EKR=1.22 EKV=1.32 EBANK=1.21 ADEC=0.58 TLD=0.34 KDIV=0.90 KVN=1.35 IGN=0.40 TGL=0.47 KV=1.36
  [rfly_replan t=17.3 big=0] gbest=666.2 | EKR=1.33 EKV=1.60 EBANK=1.15 ADEC=0.69 TLD=0.52 KDIV=0.88 KVN=1.42 IGN=0.40 TGL=0.28 KV=1.08
  [rfly_replan t=27.3 big=0] gbest=666.2 | EKR=1.33 EKV=1.60 EBANK=1.15 ADEC=0.69 TLD=0.52 KDIV=0.88 KVN=1.42 IGN=0.40 TGL=0.28 KV=1.08
  [rfly_replan t=32.4 big=0] gbest=666.2 | EKR=1.33 EKV=1.60 EBANK=1.15 ADEC=0.69 TLD=0.52 KDIV=0.88 KVN=1.42 IGN=0.40 TGL=0.28 KV=1.08
  [rfly_replan t=42.4 big=0] gbest=636.2 | EKR=1.33 EKV=1.55 EBANK=1.12 ADEC=0.71 TLD=0.79 KDIV=0.96 KVN=1.34 IGN=0.40 TGL=0.30 KV=1.06
  [rfly_replan t=52.4 big=0] gbest=636.2 | EKR=1.33 EKV=1.55 EBANK=1.12 ADEC=0.71 TLD=0.79 KDIV=0.96 KVN=1.34 IGN=0.40 TGL=0.30 KV=1.06
  [rfly_replan t=62.4 big=0] gbest=636.2 | EKR=1.33 EKV=1.55 EBANK=1.12 ADEC=0.71 TLD=0.79 KDIV=0.96 KVN=1.34 IGN=0.40 TGL=0.30 KV=1.06
  [rfly_replan t=72.4 big=0] gbest=636.2 | EKR=1.33 EKV=1.55 EBANK=1.12 ADEC=0.71 TLD=0.79 KDIV=0.96 KVN=1.34 IGN=0.40 TGL=0.30 KV=1.06
  [rfly_replan t=82.4 big=0] gbest=629.2 | EKR=1.33 EKV=1.55 EBANK=1.12 ADEC=0.71 TLD=0.79 KDIV=0.96 KVN=1.34 IGN=0.40 TGL=0.30 KV=1.06
  [rfly_replan t=92.4 big=0] gbest=636.2 | EKR=1.33 EKV=1.55 EBANK=1.12 ADEC=0.71 TLD=0.79 KDIV=0.96 KVN=1.34 IGN=0.40 TGL=0.30 KV=1.06
  [imu] reference LOST t=96.97 float=x gimbal rates o/m/i = -90/-9/-7 deg/s (limit 90) MGA=2.9
  [rfly_replan t=102.5 big=0] gbest=627.6 | EKR=1.54 EKV=1.62 EBANK=0.97 ADEC=0.74 TLD=1.14 KDIV=0.96 KVN=1.37 IGN=0.42 TGL=0.59 KV=1.28
  [rfly_replan t=112.5 big=0] gbest=627.6 | EKR=1.54 EKV=1.62 EBANK=0.97 ADEC=0.74 TLD=1.14 KDIV=0.96 KVN=1.37 IGN=0.42 TGL=0.59 KV=1.28
  [rfly_replan t=0.0 big=1] gbest=398.3 | EKR=1.03 EKV=1.17 EBANK=1.74 ADEC=0.85 TLD=0.52 KDIV=0.47 KVN=1.20 IGN=0.40 TGL=0.00 KV=0.70
  [rfly_replan t=10.0 big=0] gbest=398.1 | EKR=1.01 EKV=1.23 EBANK=1.88 ADEC=0.89 TLD=0.52 KDIV=0.53 KVN=1.27 IGN=0.40 TGL=0.00 KV=0.84
  [rfly_replan t=16.0 big=0] gbest=10728.0 | EKR=1.29 EKV=1.07 EBANK=1.92 ADEC=0.62 TLD=0.29 KDIV=0.71 KVN=1.38 IGN=0.40 TGL=0.00 KV=0.95
  [rfly_replan t=26.0 big=0] gbest=1075.4 | EKR=1.39 EKV=1.04 EBANK=1.85 ADEC=0.72 TLD=0.47 KDIV=0.49 KVN=1.19 IGN=0.42 TGL=0.04 KV=1.15
  [rfly_replan t=29.4 big=0] gbest=670.1 | EKR=1.59 EKV=1.30 EBANK=1.86 ADEC=0.61 TLD=0.29 KDIV=0.44 KVN=1.01 IGN=0.51 TGL=0.02 KV=0.98
  [rfly_replan t=39.4 big=0] gbest=562.1 | EKR=1.56 EKV=1.16 EBANK=1.57 ADEC=0.90 TLD=0.25 KDIV=0.48 KVN=0.90 IGN=0.40 TGL=0.03 KV=1.05
  [rfly_replan t=49.4 big=0] gbest=499.8 | EKR=1.30 EKV=1.31 EBANK=1.55 ADEC=0.90 TLD=0.25 KDIV=0.49 KVN=0.74 IGN=0.40 TGL=0.16 KV=1.38
  [rfly_replan t=59.4 big=0] gbest=472.7 | EKR=1.33 EKV=1.28 EBANK=1.60 ADEC=0.86 TLD=0.26 KDIV=0.46 KVN=0.81 IGN=0.47 TGL=0.18 KV=1.38
  [rfly_replan t=69.4 big=0] gbest=472.7 | EKR=1.33 EKV=1.28 EBANK=1.60 ADEC=0.86 TLD=0.26 KDIV=0.46 KVN=0.81 IGN=0.47 TGL=0.18 KV=1.38
  [rfly_replan t=79.4 big=0] gbest=472.7 | EKR=1.33 EKV=1.28 EBANK=1.60 ADEC=0.86 TLD=0.26 KDIV=0.46 KVN=0.81 IGN=0.47 TGL=0.18 KV=1.38
  [rfly_replan t=89.4 big=0] gbest=472.7 | EKR=1.33 EKV=1.28 EBANK=1.60 ADEC=0.86 TLD=0.26 KDIV=0.46 KVN=0.81 IGN=0.47 TGL=0.18 KV=1.38
  [rfly_replan t=99.5 big=0] gbest=435.2 | EKR=1.46 EKV=0.86 EBANK=1.39 ADEC=0.70 TLD=0.44 KDIV=0.40 KVN=1.07 IGN=0.40 TGL=0.02 KV=1.40
  [rfly_replan t=109.5 big=0] gbest=437.1 | EKR=1.46 EKV=0.86 EBANK=1.39 ADEC=0.70 TLD=0.44 KDIV=0.40 KVN=1.07 IGN=0.40 TGL=0.02 KV=1.40
  [imu] reference LOST t=117.67 float=x gimbal rates o/m/i = -90/-1/0 deg/s (limit 90) MGA=-6.4
  [rfly_replan t=119.5 big=0] gbest=434.2 | EKR=1.22 EKV=0.96 EBANK=1.53 ADEC=0.53 TLD=0.65 KDIV=0.40 KVN=1.09 IGN=0.40 TGL=0.00 KV=1.56
  [rfly_replan t=129.5 big=0] gbest=434.2 | EKR=1.22 EKV=0.96 EBANK=1.53 ADEC=0.53 TLD=0.65 KDIV=0.40 KVN=1.09 IGN=0.40 TGL=0.00 KV=1.56
  [rfly_replan t=0.0 big=1] gbest=631.1 | EKR=1.77 EKV=1.84 EBANK=1.90 ADEC=1.43 TLD=2.57 KDIV=0.56 KVN=0.50 IGN=1.29 TGL=0.35 KV=1.05
  [rfly_replan t=10.0 big=0] gbest=631.1 | EKR=1.77 EKV=1.84 EBANK=1.90 ADEC=1.43 TLD=2.57 KDIV=0.56 KVN=0.50 IGN=1.29 TGL=0.35 KV=1.05
  [rfly_replan t=10.6 big=0] gbest=2106.8 | EKR=1.89 EKV=1.65 EBANK=1.79 ADEC=1.64 TLD=2.87 KDIV=0.58 KVN=0.50 IGN=0.97 TGL=0.44 KV=1.28
  [rfly_replan t=20.6 big=0] gbest=2106.8 | EKR=1.89 EKV=1.65 EBANK=1.79 ADEC=1.64 TLD=2.87 KDIV=0.58 KVN=0.50 IGN=0.97 TGL=0.44 KV=1.28
  [rfly_replan t=30.7 big=0] gbest=2106.8 | EKR=1.89 EKV=1.65 EBANK=1.79 ADEC=1.64 TLD=2.87 KDIV=0.58 KVN=0.50 IGN=0.97 TGL=0.44 KV=1.28
  [rfly_replan t=32.5 big=0] gbest=2106.8 | EKR=1.89 EKV=1.65 EBANK=1.79 ADEC=1.64 TLD=2.87 KDIV=0.58 KVN=0.50 IGN=0.97 TGL=0.44 KV=1.28
  [rfly_replan t=42.5 big=0] gbest=1906.4 | EKR=1.90 EKV=1.49 EBANK=1.81 ADEC=1.63 TLD=2.59 KDIV=0.58 KVN=0.60 IGN=0.94 TGL=0.37 KV=1.13
  [rfly_replan t=52.5 big=0] gbest=1766.0 | EKR=2.03 EKV=1.48 EBANK=1.81 ADEC=1.75 TLD=2.69 KDIV=0.55 KVN=0.70 IGN=1.12 TGL=0.43 KV=1.13
  [rfly_replan t=62.5 big=0] gbest=1766.0 | EKR=2.03 EKV=1.48 EBANK=1.81 ADEC=1.75 TLD=2.69 KDIV=0.55 KVN=0.70 IGN=1.12 TGL=0.43 KV=1.13
  [rfly_replan t=72.5 big=0] gbest=1369.9 | EKR=1.83 EKV=1.51 EBANK=1.79 ADEC=1.93 TLD=2.69 KDIV=0.51 KVN=0.68 IGN=1.71 TGL=0.45 KV=1.33
  [rfly_replan t=82.5 big=0] gbest=979.5 | EKR=1.77 EKV=1.35 EBANK=1.69 ADEC=2.13 TLD=2.47 KDIV=0.50 KVN=0.69 IGN=1.73 TGL=0.48 KV=1.20
  [rfly_replan t=92.5 big=0] gbest=979.5 | EKR=1.77 EKV=1.35 EBANK=1.69 ADEC=2.13 TLD=2.47 KDIV=0.50 KVN=0.69 IGN=1.73 TGL=0.48 KV=1.20
  [rfly_replan t=102.5 big=0] gbest=979.5 | EKR=1.77 EKV=1.35 EBANK=1.69 ADEC=2.13 TLD=2.47 KDIV=0.50 KVN=0.69 IGN=1.73 TGL=0.48 KV=1.20
  [rfly_replan t=112.6 big=0] gbest=979.5 | EKR=1.77 EKV=1.35 EBANK=1.69 ADEC=2.13 TLD=2.47 KDIV=0.50 KVN=0.69 IGN=1.73 TGL=0.48 KV=1.20
  [rfly_replan t=122.6 big=0] gbest=979.5 | EKR=1.77 EKV=1.35 EBANK=1.69 ADEC=2.13 TLD=2.47 KDIV=0.50 KVN=0.69 IGN=1.73 TGL=0.48 KV=1.20
  [rfly_replan t=0.0 big=1] gbest=610.5 | EKR=1.20 EKV=1.04 EBANK=0.96 ADEC=1.60 TLD=0.25 KDIV=0.58 KVN=1.16 IGN=0.63 TGL=0.00 KV=0.60
  [rfly_replan t=5.3 big=0] gbest=379.7 | EKR=1.01 EKV=0.97 EBANK=0.94 ADEC=1.50 TLD=0.28 KDIV=0.41 KVN=0.94 IGN=0.40 TGL=0.12 KV=0.70
  [rfly_replan t=15.3 big=0] gbest=331.3 | EKR=1.23 EKV=1.06 EBANK=0.91 ADEC=1.47 TLD=0.25 KDIV=0.40 KVN=0.90 IGN=0.40 TGL=0.13 KV=0.74
  [rfly_replan t=25.3 big=0] gbest=280.3 | EKR=1.62 EKV=1.08 EBANK=0.86 ADEC=1.46 TLD=0.25 KDIV=0.40 KVN=0.90 IGN=0.40 TGL=0.62 KV=0.83
  [rfly_replan t=34.9 big=0] gbest=249.2 | EKR=1.72 EKV=1.30 EBANK=0.84 ADEC=1.45 TLD=0.25 KDIV=0.40 KVN=1.11 IGN=0.40 TGL=0.66 KV=0.76
  [rfly_replan t=44.9 big=0] gbest=221.4 | EKR=1.70 EKV=1.28 EBANK=0.67 ADEC=1.47 TLD=0.25 KDIV=0.40 KVN=1.09 IGN=0.42 TGL=0.50 KV=0.75
  [rfly_replan t=54.9 big=0] gbest=221.4 | EKR=1.70 EKV=1.28 EBANK=0.67 ADEC=1.47 TLD=0.25 KDIV=0.40 KVN=1.09 IGN=0.42 TGL=0.50 KV=0.75
  [rfly_replan t=64.9 big=0] gbest=221.4 | EKR=1.70 EKV=1.28 EBANK=0.67 ADEC=1.47 TLD=0.25 KDIV=0.40 KVN=1.09 IGN=0.42 TGL=0.50 KV=0.75
  [rfly_replan t=74.9 big=0] gbest=221.4 | EKR=1.70 EKV=1.28 EBANK=0.67 ADEC=1.47 TLD=0.25 KDIV=0.40 KVN=1.09 IGN=0.42 TGL=0.50 KV=0.75
  [rfly_replan t=84.9 big=0] gbest=221.4 | EKR=1.70 EKV=1.28 EBANK=0.67 ADEC=1.47 TLD=0.25 KDIV=0.40 KVN=1.09 IGN=0.42 TGL=0.50 KV=0.75
  [rfly_replan t=95.0 big=0] gbest=208.0 | EKR=1.51 EKV=1.39 EBANK=0.94 ADEC=1.47 TLD=0.25 KDIV=0.41 KVN=1.20 IGN=0.44 TGL=0.23 KV=1.00
  [rfly_replan t=105.0 big=0] gbest=199.1 | EKR=1.57 EKV=1.42 EBANK=0.73 ADEC=1.63 TLD=0.40 KDIV=0.40 KVN=1.33 IGN=0.40 TGL=0.23 KV=0.88
  [imu] reference LOST t=114.47 float=x gimbal rates o/m/i = -90/-6/4 deg/s (limit 90) MGA=1.1
  [rfly_replan t=115.0 big=0] gbest=191.1 | EKR=1.25 EKV=1.04 EBANK=1.27 ADEC=1.66 TLD=0.40 KDIV=0.40 KVN=1.46 IGN=0.41 TGL=0.11 KV=1.05
  [rfly_replan t=0.0 big=1] gbest=301.3 | EKR=0.97 EKV=1.17 EBANK=1.03 ADEC=1.55 TLD=1.10 KDIV=0.71 KVN=1.05 IGN=0.40 TGL=0.49 KV=1.37
  [rfly_replan t=10.0 big=0] gbest=301.3 | EKR=0.97 EKV=1.17 EBANK=1.03 ADEC=1.55 TLD=1.10 KDIV=0.71 KVN=1.05 IGN=0.40 TGL=0.49 KV=1.37
  [rfly_replan t=13.9 big=0] gbest=855.1 | EKR=1.04 EKV=0.82 EBANK=1.38 ADEC=1.70 TLD=0.87 KDIV=0.74 KVN=1.07 IGN=0.40 TGL=0.62 KV=1.29
  [rfly_replan t=23.9 big=0] gbest=588.3 | EKR=0.81 EKV=0.55 EBANK=1.47 ADEC=1.82 TLD=1.14 KDIV=0.82 KVN=1.18 IGN=0.69 TGL=0.75 KV=1.34
  [rfly_replan t=27.7 big=0] gbest=452.3 | EKR=0.53 EKV=0.30 EBANK=1.59 ADEC=1.87 TLD=1.35 KDIV=0.78 KVN=1.24 IGN=0.46 TGL=0.76 KV=1.41
  [rfly_replan t=37.7 big=0] gbest=452.3 | EKR=0.53 EKV=0.30 EBANK=1.59 ADEC=1.87 TLD=1.35 KDIV=0.78 KVN=1.24 IGN=0.46 TGL=0.76 KV=1.41
  [rfly_replan t=47.7 big=0] gbest=452.3 | EKR=0.53 EKV=0.30 EBANK=1.59 ADEC=1.87 TLD=1.35 KDIV=0.78 KVN=1.24 IGN=0.46 TGL=0.76 KV=1.41
  [rfly_replan t=57.7 big=0] gbest=452.3 | EKR=0.53 EKV=0.30 EBANK=1.59 ADEC=1.87 TLD=1.35 KDIV=0.78 KVN=1.24 IGN=0.46 TGL=0.76 KV=1.41
  [rfly_replan t=67.7 big=0] gbest=334.4 | EKR=0.55 EKV=0.30 EBANK=1.60 ADEC=1.95 TLD=1.32 KDIV=0.73 KVN=1.26 IGN=0.49 TGL=0.82 KV=1.40
  [rfly_replan t=77.7 big=0] gbest=334.4 | EKR=0.55 EKV=0.30 EBANK=1.60 ADEC=1.95 TLD=1.32 KDIV=0.73 KVN=1.26 IGN=0.49 TGL=0.82 KV=1.40
  [rfly_replan t=87.7 big=0] gbest=334.4 | EKR=0.55 EKV=0.30 EBANK=1.60 ADEC=1.95 TLD=1.32 KDIV=0.73 KVN=1.26 IGN=0.49 TGL=0.82 KV=1.40
  [rfly_replan t=97.8 big=0] gbest=271.7 | EKR=0.60 EKV=0.58 EBANK=1.58 ADEC=1.88 TLD=1.56 KDIV=0.72 KVN=1.40 IGN=0.88 TGL=0.69 KV=1.32
  [imu] reference LOST t=103.38 float=x gimbal rates o/m/i = -90/3/-1 deg/s (limit 90) MGA=1.2
  [rfly_replan t=107.8 big=0] gbest=271.7 | EKR=0.60 EKV=0.58 EBANK=1.58 ADEC=1.88 TLD=1.56 KDIV=0.72 KVN=1.40 IGN=0.88 TGL=0.69 KV=1.32
  [rfly_replan t=0.0 big=1] gbest=517.6 | EKR=0.98 EKV=1.65 EBANK=1.59 ADEC=1.46 TLD=0.78 KDIV=0.50 KVN=1.22 IGN=0.40 TGL=0.00 KV=1.32
  [rfly_replan t=8.6 big=0] gbest=915.2 | EKR=0.70 EKV=1.81 EBANK=1.47 ADEC=1.51 TLD=0.60 KDIV=0.68 KVN=1.22 IGN=0.73 TGL=0.00 KV=1.35
  [rfly_replan t=18.6 big=0] gbest=744.5 | EKR=0.60 EKV=1.98 EBANK=1.42 ADEC=1.50 TLD=0.54 KDIV=0.71 KVN=1.05 IGN=0.48 TGL=0.00 KV=1.41
  [rfly_replan t=28.6 big=0] gbest=327.2 | EKR=0.51 EKV=1.94 EBANK=1.43 ADEC=1.43 TLD=0.56 KDIV=0.55 KVN=1.05 IGN=0.40 TGL=0.00 KV=1.41
  [rfly_replan t=33.1 big=0] gbest=327.2 | EKR=0.51 EKV=1.94 EBANK=1.43 ADEC=1.43 TLD=0.56 KDIV=0.55 KVN=1.05 IGN=0.40 TGL=0.00 KV=1.41
  [rfly_replan t=43.1 big=0] gbest=327.2 | EKR=0.51 EKV=1.94 EBANK=1.43 ADEC=1.43 TLD=0.56 KDIV=0.55 KVN=1.05 IGN=0.40 TGL=0.00 KV=1.41
  [rfly_replan t=53.1 big=0] gbest=292.1 | EKR=0.50 EKV=1.65 EBANK=1.46 ADEC=1.44 TLD=0.57 KDIV=0.55 KVN=0.94 IGN=0.41 TGL=0.02 KV=1.33
  [rfly_replan t=63.1 big=0] gbest=292.1 | EKR=0.50 EKV=1.65 EBANK=1.46 ADEC=1.44 TLD=0.57 KDIV=0.55 KVN=0.94 IGN=0.41 TGL=0.02 KV=1.33
  [rfly_replan t=73.1 big=0] gbest=288.6 | EKR=0.39 EKV=1.35 EBANK=1.43 ADEC=1.45 TLD=0.41 KDIV=0.56 KVN=0.89 IGN=0.40 TGL=0.03 KV=1.34
  [rfly_replan t=83.1 big=0] gbest=288.6 | EKR=0.39 EKV=1.35 EBANK=1.43 ADEC=1.45 TLD=0.41 KDIV=0.56 KVN=0.89 IGN=0.40 TGL=0.03 KV=1.34
  [rfly_replan t=93.1 big=0] gbest=288.2 | EKR=0.39 EKV=1.35 EBANK=1.43 ADEC=1.45 TLD=0.41 KDIV=0.56 KVN=0.89 IGN=0.40 TGL=0.03 KV=1.34
  [rfly_replan t=103.2 big=0] gbest=288.6 | EKR=0.39 EKV=1.35 EBANK=1.43 ADEC=1.45 TLD=0.41 KDIV=0.56 KVN=0.89 IGN=0.40 TGL=0.03 KV=1.34
  [rfly_replan t=113.2 big=0] gbest=284.5 | EKR=0.60 EKV=1.35 EBANK=1.40 ADEC=1.39 TLD=0.38 KDIV=0.41 KVN=0.87 IGN=0.61 TGL=0.14 KV=1.32
  [rfly_replan t=0.0 big=1] gbest=547.0 | EKR=1.67 EKV=1.09 EBANK=0.77 ADEC=1.62 TLD=0.25 KDIV=0.52 KVN=1.21 IGN=0.94 TGL=0.00 KV=0.82
  [rfly_replan t=10.0 big=0] gbest=288.5 | EKR=1.95 EKV=1.28 EBANK=0.74 ADEC=1.57 TLD=0.25 KDIV=0.45 KVN=1.30 IGN=1.11 TGL=0.00 KV=0.68
  [rfly_replan t=17.2 big=0] gbest=1008.8 | EKR=1.93 EKV=1.58 EBANK=0.60 ADEC=1.75 TLD=0.59 KDIV=0.40 KVN=1.42 IGN=1.34 TGL=0.00 KV=0.82
  [rfly_replan t=27.2 big=0] gbest=695.6 | EKR=2.06 EKV=1.67 EBANK=0.81 ADEC=1.74 TLD=0.41 KDIV=0.40 KVN=1.66 IGN=0.98 TGL=0.00 KV=0.64
  [rfly_replan t=29.7 big=0] gbest=695.6 | EKR=2.06 EKV=1.67 EBANK=0.81 ADEC=1.74 TLD=0.41 KDIV=0.40 KVN=1.66 IGN=0.98 TGL=0.00 KV=0.64
  [rfly_replan t=39.7 big=0] gbest=456.3 | EKR=2.13 EKV=1.92 EBANK=0.80 ADEC=1.73 TLD=0.38 KDIV=0.46 KVN=1.33 IGN=1.35 TGL=0.00 KV=0.57
  [rfly_replan t=49.7 big=0] gbest=456.3 | EKR=2.13 EKV=1.92 EBANK=0.80 ADEC=1.73 TLD=0.38 KDIV=0.46 KVN=1.33 IGN=1.35 TGL=0.00 KV=0.57
  [rfly_replan t=59.7 big=0] gbest=456.3 | EKR=2.13 EKV=1.92 EBANK=0.80 ADEC=1.73 TLD=0.38 KDIV=0.46 KVN=1.33 IGN=1.35 TGL=0.00 KV=0.57
  [rfly_replan t=69.8 big=0] gbest=456.3 | EKR=2.13 EKV=1.92 EBANK=0.80 ADEC=1.73 TLD=0.38 KDIV=0.46 KVN=1.33 IGN=1.35 TGL=0.00 KV=0.57
  [rfly_replan t=79.8 big=0] gbest=354.7 | EKR=2.21 EKV=2.25 EBANK=0.75 ADEC=1.80 TLD=0.40 KDIV=0.46 KVN=1.26 IGN=1.36 TGL=0.01 KV=0.55
  [rfly_replan t=89.8 big=0] gbest=354.7 | EKR=2.21 EKV=2.25 EBANK=0.75 ADEC=1.80 TLD=0.40 KDIV=0.46 KVN=1.26 IGN=1.36 TGL=0.01 KV=0.55
  [rfly_replan t=99.8 big=0] gbest=354.7 | EKR=2.21 EKV=2.25 EBANK=0.75 ADEC=1.80 TLD=0.40 KDIV=0.46 KVN=1.26 IGN=1.36 TGL=0.01 KV=0.55
  [rfly_replan t=109.8 big=0] gbest=354.7 | EKR=2.21 EKV=2.25 EBANK=0.75 ADEC=1.80 TLD=0.40 KDIV=0.46 KVN=1.26 IGN=1.36 TGL=0.01 KV=0.55
  [rfly_replan t=119.9 big=0] gbest=317.8 | EKR=1.86 EKV=2.30 EBANK=0.60 ADEC=1.88 TLD=0.56 KDIV=0.55 KVN=1.40 IGN=1.56 TGL=0.00 KV=0.81
  [imu] reference LOST t=119.94 float=x gimbal rates o/m/i = -90/6/1 deg/s (limit 90) MGA=3.7
  [rfly_replan t=0.0 big=1] gbest=719.3 | EKR=0.98 EKV=1.65 EBANK=1.59 ADEC=1.46 TLD=0.78 KDIV=0.50 KVN=1.22 IGN=0.40 TGL=0.00 KV=1.32
  [rfly_replan t=10.0 big=0] gbest=379.2 | EKR=1.06 EKV=1.39 EBANK=1.67 ADEC=1.48 TLD=1.07 KDIV=0.48 KVN=1.21 IGN=0.40 TGL=0.00 KV=1.27
  [rfly_replan t=11.9 big=0] gbest=1029.8 | EKR=0.91 EKV=1.32 EBANK=1.52 ADEC=1.60 TLD=0.98 KDIV=0.51 KVN=1.32 IGN=0.62 TGL=0.00 KV=1.25
  [rfly_replan t=21.9 big=0] gbest=1029.8 | EKR=0.91 EKV=1.32 EBANK=1.52 ADEC=1.60 TLD=0.98 KDIV=0.51 KVN=1.32 IGN=0.62 TGL=0.00 KV=1.25
  [rfly_replan t=30.2 big=0] gbest=1023.6 | EKR=0.95 EKV=1.05 EBANK=1.56 ADEC=1.48 TLD=1.02 KDIV=0.67 KVN=1.29 IGN=0.86 TGL=0.11 KV=1.32
  [rfly_replan t=40.2 big=0] gbest=1023.6 | EKR=0.95 EKV=1.05 EBANK=1.56 ADEC=1.48 TLD=1.02 KDIV=0.67 KVN=1.29 IGN=0.86 TGL=0.11 KV=1.32
  [rfly_replan t=50.2 big=0] gbest=1014.1 | EKR=1.17 EKV=0.79 EBANK=1.46 ADEC=1.40 TLD=0.86 KDIV=0.61 KVN=1.23 IGN=0.68 TGL=0.05 KV=1.21
  [rfly_replan t=60.2 big=0] gbest=883.4 | EKR=1.28 EKV=0.44 EBANK=1.44 ADEC=1.58 TLD=0.79 KDIV=0.54 KVN=1.37 IGN=0.51 TGL=0.05 KV=1.14
  [rfly_replan t=70.2 big=0] gbest=462.8 | EKR=0.83 EKV=0.30 EBANK=1.25 ADEC=1.72 TLD=0.70 KDIV=0.68 KVN=1.25 IGN=0.40 TGL=0.00 KV=1.23
  [rfly_replan t=80.2 big=0] gbest=378.0 | EKR=0.94 EKV=0.49 EBANK=1.08 ADEC=1.52 TLD=0.57 KDIV=0.76 KVN=1.26 IGN=0.40 TGL=0.00 KV=1.18
  [rfly_replan t=90.2 big=0] gbest=391.3 | EKR=0.94 EKV=0.49 EBANK=1.08 ADEC=1.52 TLD=0.57 KDIV=0.76 KVN=1.26 IGN=0.40 TGL=0.00 KV=1.18
  [rfly_replan t=100.2 big=0] gbest=342.4 | EKR=0.96 EKV=0.55 EBANK=0.93 ADEC=1.68 TLD=0.64 KDIV=0.73 KVN=1.41 IGN=0.41 TGL=0.00 KV=1.06
  [imu] reference LOST t=106.12 float=x gimbal rates o/m/i = -90/14/5 deg/s (limit 90) MGA=-3.4
  [rfly_replan t=110.3 big=0] gbest=342.3 | EKR=0.48 EKV=0.30 EBANK=0.85 ADEC=1.83 TLD=0.59 KDIV=0.84 KVN=1.30 IGN=0.64 TGL=0.12 KV=1.12
  [rfly_replan t=0.0 big=1] gbest=1055.0 | EKR=0.47 EKV=0.43 EBANK=1.16 ADEC=1.33 TLD=1.28 KDIV=1.15 KVN=1.06 IGN=0.78 TGL=0.46 KV=0.91
  [rfly_replan t=6.5 big=0] gbest=102383.9 | EKR=0.55 EKV=0.51 EBANK=1.25 ADEC=1.28 TLD=1.52 KDIV=1.15 KVN=0.96 IGN=0.86 TGL=0.34 KV=0.79
  [rfly_replan t=16.5 big=0] gbest=5234.6 | EKR=0.87 EKV=0.96 EBANK=1.22 ADEC=1.44 TLD=1.58 KDIV=1.14 KVN=1.06 IGN=1.07 TGL=0.26 KV=0.82
  [rfly_replan t=26.6 big=0] gbest=1178.1 | EKR=0.54 EKV=1.06 EBANK=1.09 ADEC=1.43 TLD=1.67 KDIV=1.26 KVN=1.05 IGN=0.75 TGL=0.21 KV=0.71
  [rfly_replan t=36.6 big=0] gbest=849.0 | EKR=0.80 EKV=1.41 EBANK=1.09 ADEC=1.32 TLD=1.82 KDIV=1.13 KVN=1.13 IGN=1.05 TGL=0.19 KV=0.50
  [rfly_replan t=36.7 big=0] gbest=849.0 | EKR=0.80 EKV=1.41 EBANK=1.09 ADEC=1.32 TLD=1.82 KDIV=1.13 KVN=1.13 IGN=1.05 TGL=0.19 KV=0.50
  [rfly_replan t=46.7 big=0] gbest=849.0 | EKR=0.80 EKV=1.41 EBANK=1.09 ADEC=1.32 TLD=1.82 KDIV=1.13 KVN=1.13 IGN=1.05 TGL=0.19 KV=0.50
  [rfly_replan t=56.7 big=0] gbest=606.4 | EKR=1.10 EKV=1.41 EBANK=1.17 ADEC=1.34 TLD=1.64 KDIV=1.20 KVN=0.97 IGN=1.27 TGL=0.25 KV=0.50
  [rfly_replan t=66.7 big=0] gbest=606.4 | EKR=1.10 EKV=1.41 EBANK=1.17 ADEC=1.34 TLD=1.64 KDIV=1.20 KVN=0.97 IGN=1.27 TGL=0.25 KV=0.50
  [rfly_replan t=76.7 big=0] gbest=606.4 | EKR=1.10 EKV=1.41 EBANK=1.17 ADEC=1.34 TLD=1.64 KDIV=1.20 KVN=0.97 IGN=1.27 TGL=0.25 KV=0.50
  [rfly_replan t=86.7 big=0] gbest=606.4 | EKR=1.10 EKV=1.41 EBANK=1.17 ADEC=1.34 TLD=1.64 KDIV=1.20 KVN=0.97 IGN=1.27 TGL=0.25 KV=0.50
  [rfly_replan t=96.7 big=0] gbest=606.4 | EKR=1.10 EKV=1.41 EBANK=1.17 ADEC=1.34 TLD=1.64 KDIV=1.20 KVN=0.97 IGN=1.27 TGL=0.25 KV=0.50
  [rfly_replan t=106.8 big=0] gbest=606.4 | EKR=1.10 EKV=1.41 EBANK=1.17 ADEC=1.34 TLD=1.64 KDIV=1.20 KVN=0.97 IGN=1.27 TGL=0.25 KV=0.50
  [rfly_replan t=116.8 big=0] gbest=485.0 | EKR=1.12 EKV=1.44 EBANK=1.29 ADEC=1.32 TLD=1.44 KDIV=1.22 KVN=0.93 IGN=1.17 TGL=0.19 KV=0.51
  [imu] reference LOST t=125.74 float=x gimbal rates o/m/i = -90/-7/1 deg/s (limit 90) MGA=3.3
  [rfly_replan t=126.8 big=0] gbest=452.6 | EKR=1.40 EKV=1.73 EBANK=1.50 ADEC=1.14 TLD=1.39 KDIV=1.34 KVN=0.85 IGN=0.93 TGL=0.08 KV=0.76
  [rfly_replan t=136.8 big=0] gbest=452.6 | EKR=1.40 EKV=1.73 EBANK=1.50 ADEC=1.14 TLD=1.39 KDIV=1.34 KVN=0.85 IGN=0.93 TGL=0.08 KV=0.76
  [rfly_replan t=0.0 big=1] gbest=332.8 | EKR=0.77 EKV=0.44 EBANK=0.69 ADEC=0.50 TLD=0.70 KDIV=0.73 KVN=0.50 IGN=1.77 TGL=0.00 KV=0.96
  [rfly_replan t=10.0 big=0] gbest=332.8 | EKR=0.77 EKV=0.44 EBANK=0.69 ADEC=0.50 TLD=0.70 KDIV=0.73 KVN=0.50 IGN=1.77 TGL=0.00 KV=0.96
  [rfly_replan t=15.2 big=0] gbest=5001.7 | EKR=0.90 EKV=0.55 EBANK=0.65 ADEC=0.61 TLD=0.55 KDIV=0.56 KVN=0.50 IGN=1.73 TGL=0.04 KV=1.15
  [rfly_replan t=25.2 big=0] gbest=888.0 | EKR=0.86 EKV=0.69 EBANK=0.63 ADEC=0.72 TLD=0.33 KDIV=0.51 KVN=0.50 IGN=1.39 TGL=0.00 KV=1.14
  [rfly_replan t=28.1 big=0] gbest=888.0 | EKR=0.86 EKV=0.69 EBANK=0.63 ADEC=0.72 TLD=0.33 KDIV=0.51 KVN=0.50 IGN=1.39 TGL=0.00 KV=1.14
  [rfly_replan t=38.1 big=0] gbest=820.5 | EKR=0.91 EKV=0.55 EBANK=0.60 ADEC=0.89 TLD=0.25 KDIV=0.44 KVN=0.50 IGN=1.42 TGL=0.00 KV=1.14
  [rfly_replan t=48.1 big=0] gbest=704.9 | EKR=0.92 EKV=0.68 EBANK=0.80 ADEC=0.87 TLD=0.27 KDIV=0.45 KVN=0.50 IGN=1.37 TGL=0.08 KV=1.11
  [rfly_replan t=58.1 big=0] gbest=704.9 | EKR=0.92 EKV=0.68 EBANK=0.80 ADEC=0.87 TLD=0.27 KDIV=0.45 KVN=0.50 IGN=1.37 TGL=0.08 KV=1.11
  [rfly_replan t=68.1 big=0] gbest=704.9 | EKR=0.92 EKV=0.68 EBANK=0.80 ADEC=0.87 TLD=0.27 KDIV=0.45 KVN=0.50 IGN=1.37 TGL=0.08 KV=1.11
  [rfly_replan t=78.1 big=0] gbest=704.9 | EKR=0.92 EKV=0.68 EBANK=0.80 ADEC=0.87 TLD=0.27 KDIV=0.45 KVN=0.50 IGN=1.37 TGL=0.08 KV=1.11
  [rfly_replan t=88.1 big=0] gbest=697.8 | EKR=0.63 EKV=0.70 EBANK=0.68 ADEC=0.84 TLD=0.26 KDIV=0.46 KVN=0.51 IGN=1.27 TGL=0.13 KV=1.02
  [rfly_replan t=98.2 big=0] gbest=664.3 | EKR=0.50 EKV=0.72 EBANK=0.92 ADEC=1.02 TLD=0.25 KDIV=0.49 KVN=0.50 IGN=1.19 TGL=0.07 KV=1.12
  [rfly_replan t=108.2 big=0] gbest=664.3 | EKR=0.50 EKV=0.72 EBANK=0.92 ADEC=1.02 TLD=0.25 KDIV=0.49 KVN=0.50 IGN=1.19 TGL=0.07 KV=1.12
  [rfly_replan t=0.0 big=1] gbest=669.8 | EKR=1.62 EKV=1.82 EBANK=0.60 ADEC=0.96 TLD=1.77 KDIV=0.56 KVN=0.52 IGN=1.23 TGL=0.00 KV=1.17
  [rfly_replan t=9.8 big=0] gbest=4865.1 | EKR=1.63 EKV=1.91 EBANK=0.60 ADEC=0.89 TLD=1.79 KDIV=0.52 KVN=0.55 IGN=1.26 TGL=0.00 KV=1.21
  [rfly_replan t=19.9 big=0] gbest=948.1 | EKR=1.60 EKV=2.17 EBANK=0.82 ADEC=1.11 TLD=1.52 KDIV=0.40 KVN=0.90 IGN=1.00 TGL=0.00 KV=1.28
  [rfly_replan t=29.9 big=0] gbest=948.1 | EKR=1.60 EKV=2.17 EBANK=0.82 ADEC=1.11 TLD=1.52 KDIV=0.40 KVN=0.90 IGN=1.00 TGL=0.00 KV=1.28
  [rfly_replan t=31.1 big=0] gbest=948.1 | EKR=1.60 EKV=2.17 EBANK=0.82 ADEC=1.11 TLD=1.52 KDIV=0.40 KVN=0.90 IGN=1.00 TGL=0.00 KV=1.28
  [rfly_replan t=41.1 big=0] gbest=948.1 | EKR=1.60 EKV=2.17 EBANK=0.82 ADEC=1.11 TLD=1.52 KDIV=0.40 KVN=0.90 IGN=1.00 TGL=0.00 KV=1.28
  [rfly_replan t=51.1 big=0] gbest=926.1 | EKR=1.89 EKV=1.80 EBANK=1.17 ADEC=1.27 TLD=1.32 KDIV=0.40 KVN=1.08 IGN=1.05 TGL=0.00 KV=1.08
  [rfly_replan t=61.1 big=0] gbest=897.4 | EKR=1.87 EKV=1.78 EBANK=1.04 ADEC=1.28 TLD=1.35 KDIV=0.40 KVN=1.06 IGN=1.07 TGL=0.01 KV=1.17
  [rfly_replan t=71.2 big=0] gbest=883.9 | EKR=1.97 EKV=1.31 EBANK=1.03 ADEC=1.25 TLD=1.33 KDIV=0.40 KVN=1.08 IGN=1.03 TGL=0.03 KV=1.24
  [rfly_replan t=81.2 big=0] gbest=883.9 | EKR=1.97 EKV=1.31 EBANK=1.03 ADEC=1.25 TLD=1.33 KDIV=0.40 KVN=1.08 IGN=1.03 TGL=0.03 KV=1.24
  [rfly_replan t=91.2 big=0] gbest=883.9 | EKR=1.97 EKV=1.31 EBANK=1.03 ADEC=1.25 TLD=1.33 KDIV=0.40 KVN=1.08 IGN=1.03 TGL=0.03 KV=1.24
  [rfly_replan t=101.2 big=0] gbest=794.4 | EKR=2.22 EKV=1.28 EBANK=1.09 ADEC=1.19 TLD=1.37 KDIV=0.40 KVN=1.27 IGN=1.19 TGL=0.01 KV=1.50
  [imu] reference LOST t=108.03 float=x gimbal rates o/m/i = -90/1/-3 deg/s (limit 90) MGA=-5.1
  [rfly_replan t=111.2 big=0] gbest=788.8 | EKR=2.25 EKV=1.40 EBANK=1.24 ADEC=1.16 TLD=1.30 KDIV=0.65 KVN=1.07 IGN=1.28 TGL=0.01 KV=2.00
  [rfly_replan t=121.3 big=0] gbest=788.8 | EKR=2.25 EKV=1.40 EBANK=1.24 ADEC=1.16 TLD=1.30 KDIV=0.65 KVN=1.07 IGN=1.28 TGL=0.01 KV=2.00
  [rfly_replan t=0.0 big=1] gbest=301.9 | EKR=2.08 EKV=0.98 EBANK=0.62 ADEC=1.63 TLD=0.53 KDIV=0.43 KVN=0.53 IGN=0.40 TGL=0.00 KV=0.50
  [rfly_replan t=4.5 big=0] gbest=50211.9 | EKR=2.01 EKV=1.14 EBANK=0.62 ADEC=1.70 TLD=0.35 KDIV=0.73 KVN=0.50 IGN=0.42 TGL=0.00 KV=0.55
  [rfly_replan t=14.5 big=0] gbest=50211.9 | EKR=2.01 EKV=1.14 EBANK=0.62 ADEC=1.70 TLD=0.35 KDIV=0.73 KVN=0.50 IGN=0.42 TGL=0.00 KV=0.55
  [rfly_replan t=24.5 big=0] gbest=50211.9 | EKR=2.01 EKV=1.14 EBANK=0.62 ADEC=1.70 TLD=0.35 KDIV=0.73 KVN=0.50 IGN=0.42 TGL=0.00 KV=0.55
  [rfly_replan t=33.3 big=0] gbest=50211.9 | EKR=2.01 EKV=1.14 EBANK=0.62 ADEC=1.70 TLD=0.35 KDIV=0.73 KVN=0.50 IGN=0.42 TGL=0.00 KV=0.55
  [rfly_replan t=43.3 big=0] gbest=50211.9 | EKR=2.01 EKV=1.14 EBANK=0.62 ADEC=1.70 TLD=0.35 KDIV=0.73 KVN=0.50 IGN=0.42 TGL=0.00 KV=0.55
  [rfly_replan t=53.3 big=0] gbest=50136.8 | EKR=2.24 EKV=1.28 EBANK=0.60 ADEC=1.83 TLD=0.25 KDIV=0.85 KVN=0.67 IGN=0.47 TGL=0.14 KV=0.50
  [rfly_replan t=63.3 big=0] gbest=50135.9 | EKR=2.37 EKV=1.13 EBANK=0.60 ADEC=1.97 TLD=0.46 KDIV=0.86 KVN=0.68 IGN=0.51 TGL=0.11 KV=0.51
  [rfly_replan t=73.3 big=0] gbest=50135.9 | EKR=2.37 EKV=1.13 EBANK=0.60 ADEC=1.97 TLD=0.46 KDIV=0.86 KVN=0.68 IGN=0.51 TGL=0.11 KV=0.51
  [rfly_replan t=83.3 big=0] gbest=50135.9 | EKR=2.37 EKV=1.13 EBANK=0.60 ADEC=1.97 TLD=0.46 KDIV=0.86 KVN=0.68 IGN=0.51 TGL=0.11 KV=0.51
  [rfly_replan t=93.3 big=0] gbest=50103.2 | EKR=1.94 EKV=1.01 EBANK=0.80 ADEC=2.12 TLD=0.42 KDIV=0.81 KVN=0.67 IGN=0.51 TGL=0.03 KV=0.52
  [imu] reference LOST t=94.37 float=x gimbal rates o/m/i = -90/2/-10 deg/s (limit 90) MGA=11.3
  [rfly_replan t=0.0 big=1] gbest=270.3 | EKR=0.98 EKV=1.19 EBANK=1.42 ADEC=0.40 TLD=1.43 KDIV=0.93 KVN=1.69 IGN=0.55 TGL=0.10 KV=0.64
  [rfly_replan t=10.0 big=0] gbest=270.3 | EKR=0.98 EKV=1.19 EBANK=1.42 ADEC=0.40 TLD=1.43 KDIV=0.93 KVN=1.69 IGN=0.55 TGL=0.10 KV=0.64
  [rfly_replan t=13.1 big=0] gbest=8769.2 | EKR=1.06 EKV=1.29 EBANK=0.82 ADEC=0.69 TLD=1.38 KDIV=0.96 KVN=1.70 IGN=1.02 TGL=0.00 KV=0.57
  [rfly_replan t=23.2 big=0] gbest=7189.5 | EKR=1.55 EKV=1.20 EBANK=0.89 ADEC=0.60 TLD=1.28 KDIV=0.98 KVN=1.71 IGN=0.75 TGL=0.00 KV=0.68
  [rfly_replan t=30.7 big=0] gbest=1710.7 | EKR=1.28 EKV=1.41 EBANK=1.08 ADEC=0.50 TLD=1.53 KDIV=0.79 KVN=1.51 IGN=1.11 TGL=0.08 KV=0.76
  [rfly_replan t=40.7 big=0] gbest=1245.8 | EKR=0.94 EKV=1.66 EBANK=0.92 ADEC=0.40 TLD=1.74 KDIV=0.66 KVN=1.36 IGN=1.07 TGL=0.09 KV=0.83
  [rfly_replan t=50.7 big=0] gbest=458.9 | EKR=1.00 EKV=1.75 EBANK=0.93 ADEC=0.58 TLD=1.97 KDIV=0.78 KVN=1.34 IGN=1.28 TGL=0.19 KV=0.75
  [rfly_replan t=60.7 big=0] gbest=458.9 | EKR=1.00 EKV=1.75 EBANK=0.93 ADEC=0.58 TLD=1.97 KDIV=0.78 KVN=1.34 IGN=1.28 TGL=0.19 KV=0.75
  [rfly_replan t=70.8 big=0] gbest=434.0 | EKR=1.17 EKV=1.79 EBANK=1.12 ADEC=0.59 TLD=2.07 KDIV=0.95 KVN=1.60 IGN=1.87 TGL=0.20 KV=0.68
  [rfly_replan t=80.8 big=0] gbest=434.0 | EKR=1.17 EKV=1.79 EBANK=1.12 ADEC=0.59 TLD=2.07 KDIV=0.95 KVN=1.60 IGN=1.87 TGL=0.20 KV=0.68
  [rfly_replan t=90.8 big=0] gbest=434.0 | EKR=1.17 EKV=1.79 EBANK=1.12 ADEC=0.59 TLD=2.07 KDIV=0.95 KVN=1.60 IGN=1.87 TGL=0.20 KV=0.68
  [rfly_replan t=100.8 big=0] gbest=371.2 | EKR=1.07 EKV=1.64 EBANK=1.04 ADEC=0.62 TLD=2.27 KDIV=0.80 KVN=1.60 IGN=1.89 TGL=0.00 KV=0.70
  [rfly_replan t=110.8 big=0] gbest=305.3 | EKR=0.96 EKV=2.10 EBANK=0.83 ADEC=0.46 TLD=2.27 KDIV=0.74 KVN=1.64 IGN=1.92 TGL=0.08 KV=0.90
  [imu] reference LOST t=117.43 float=x gimbal rates o/m/i = -90/2/-11 deg/s (limit 90) MGA=4.7
  [rfly_replan t=120.9 big=0] gbest=305.0 | EKR=1.16 EKV=1.89 EBANK=0.93 ADEC=0.40 TLD=2.07 KDIV=0.65 KVN=1.41 IGN=2.22 TGL=0.26 KV=1.02
  [rfly_replan t=0.0 big=1] gbest=359.5 | EKR=1.00 EKV=1.00 EBANK=1.00 ADEC=1.00 TLD=1.00 KDIV=1.00 KVN=1.00 IGN=1.00 TGL=0.00 KV=1.00
  [rfly_replan t=7.8 big=0] gbest=762.0 | EKR=0.86 EKV=0.94 EBANK=1.13 ADEC=0.92 TLD=1.07 KDIV=1.07 KVN=1.19 IGN=1.10 TGL=0.00 KV=1.14
  [rfly_replan t=17.8 big=0] gbest=762.0 | EKR=0.86 EKV=0.94 EBANK=1.13 ADEC=0.92 TLD=1.07 KDIV=1.07 KVN=1.19 IGN=1.10 TGL=0.00 KV=1.14
  [rfly_replan t=27.8 big=0] gbest=547.0 | EKR=0.89 EKV=0.92 EBANK=1.04 ADEC=1.00 TLD=0.91 KDIV=1.06 KVN=1.41 IGN=1.12 TGL=0.00 KV=1.20
  [rfly_replan t=33.0 big=0] gbest=83.9 | EKR=0.96 EKV=0.87 EBANK=1.02 ADEC=1.18 TLD=0.85 KDIV=1.05 KVN=1.58 IGN=1.09 TGL=0.07 KV=1.36
  [rfly_replan t=43.0 big=0] gbest=83.9 | EKR=0.96 EKV=0.87 EBANK=1.02 ADEC=1.18 TLD=0.85 KDIV=1.05 KVN=1.58 IGN=1.09 TGL=0.07 KV=1.36
  [rfly_replan t=53.0 big=0] gbest=83.9 | EKR=0.96 EKV=0.87 EBANK=1.02 ADEC=1.18 TLD=0.85 KDIV=1.05 KVN=1.58 IGN=1.09 TGL=0.07 KV=1.36
  [rfly_replan t=63.0 big=0] gbest=83.9 | EKR=0.96 EKV=0.87 EBANK=1.02 ADEC=1.18 TLD=0.85 KDIV=1.05 KVN=1.58 IGN=1.09 TGL=0.07 KV=1.36
  [rfly_replan t=73.0 big=0] gbest=83.9 | EKR=0.96 EKV=0.87 EBANK=1.02 ADEC=1.18 TLD=0.85 KDIV=1.05 KVN=1.58 IGN=1.09 TGL=0.07 KV=1.36
  [rfly_replan t=83.0 big=0] gbest=83.9 | EKR=0.96 EKV=0.87 EBANK=1.02 ADEC=1.18 TLD=0.85 KDIV=1.05 KVN=1.58 IGN=1.09 TGL=0.07 KV=1.36
  [rfly_replan t=93.0 big=0] gbest=83.9 | EKR=0.96 EKV=0.87 EBANK=1.02 ADEC=1.18 TLD=0.85 KDIV=1.05 KVN=1.58 IGN=1.09 TGL=0.07 KV=1.36
  [rfly_replan t=103.1 big=0] gbest=83.9 | EKR=0.96 EKV=0.87 EBANK=1.02 ADEC=1.18 TLD=0.85 KDIV=1.05 KVN=1.58 IGN=1.09 TGL=0.07 KV=1.36
  [rfly_replan t=113.1 big=0] gbest=80.1 | EKR=0.67 EKV=0.86 EBANK=1.22 ADEC=1.13 TLD=0.71 KDIV=0.93 KVN=1.81 IGN=1.24 TGL=0.12 KV=1.22
  [imu] reference LOST t=114.78 float=x gimbal rates o/m/i = -90/-4/1 deg/s (limit 90) MGA=-0.7
  [rfly_replan t=0.0 big=1] gbest=668.7 | EKR=1.17 EKV=0.61 EBANK=1.30 ADEC=1.57 TLD=1.24 KDIV=0.54 KVN=0.50 IGN=1.63 TGL=0.25 KV=1.53
  [rfly_replan t=10.0 big=0] gbest=204.5 | EKR=0.62 EKV=0.40 EBANK=1.62 ADEC=1.37 TLD=1.43 KDIV=0.48 KVN=0.62 IGN=1.77 TGL=0.04 KV=1.45
  [rfly_replan t=16.4 big=0] gbest=534.3 | EKR=0.93 EKV=0.30 EBANK=1.69 ADEC=1.60 TLD=1.55 KDIV=0.47 KVN=0.51 IGN=1.56 TGL=0.26 KV=1.34
  [rfly_replan t=26.5 big=0] gbest=514.9 | EKR=0.92 EKV=0.30 EBANK=1.77 ADEC=1.58 TLD=1.41 KDIV=0.47 KVN=0.54 IGN=1.67 TGL=0.60 KV=1.33
  [rfly_replan t=30.2 big=0] gbest=514.9 | EKR=0.92 EKV=0.30 EBANK=1.77 ADEC=1.58 TLD=1.41 KDIV=0.47 KVN=0.54 IGN=1.67 TGL=0.60 KV=1.33
  [rfly_replan t=40.2 big=0] gbest=514.9 | EKR=0.92 EKV=0.30 EBANK=1.77 ADEC=1.58 TLD=1.41 KDIV=0.47 KVN=0.54 IGN=1.67 TGL=0.60 KV=1.33
  [rfly_replan t=50.2 big=0] gbest=285.9 | EKR=0.89 EKV=0.62 EBANK=1.71 ADEC=1.56 TLD=1.09 KDIV=0.44 KVN=0.58 IGN=1.61 TGL=0.66 KV=1.35
  [rfly_replan t=60.2 big=0] gbest=285.9 | EKR=0.89 EKV=0.62 EBANK=1.71 ADEC=1.56 TLD=1.09 KDIV=0.44 KVN=0.58 IGN=1.61 TGL=0.66 KV=1.35
  [rfly_replan t=70.2 big=0] gbest=285.9 | EKR=0.89 EKV=0.62 EBANK=1.71 ADEC=1.56 TLD=1.09 KDIV=0.44 KVN=0.58 IGN=1.61 TGL=0.66 KV=1.35
  [rfly_replan t=80.2 big=0] gbest=265.7 | EKR=0.90 EKV=0.66 EBANK=1.96 ADEC=1.51 TLD=1.05 KDIV=0.44 KVN=0.50 IGN=1.58 TGL=0.45 KV=1.34
  [rfly_replan t=90.3 big=0] gbest=265.7 | EKR=0.90 EKV=0.66 EBANK=1.96 ADEC=1.51 TLD=1.05 KDIV=0.44 KVN=0.50 IGN=1.58 TGL=0.45 KV=1.34
  [rfly_replan t=100.3 big=0] gbest=265.7 | EKR=0.90 EKV=0.66 EBANK=1.96 ADEC=1.51 TLD=1.05 KDIV=0.44 KVN=0.50 IGN=1.58 TGL=0.45 KV=1.34
  [rfly_replan t=110.3 big=0] gbest=197.0 | EKR=0.54 EKV=0.73 EBANK=2.01 ADEC=1.64 TLD=1.05 KDIV=0.44 KVN=0.50 IGN=1.65 TGL=0.62 KV=1.33
  [rfly_replan t=120.3 big=0] gbest=197.0 | EKR=0.54 EKV=0.73 EBANK=2.01 ADEC=1.64 TLD=1.05 KDIV=0.44 KVN=0.50 IGN=1.65 TGL=0.62 KV=1.33
  [imu] reference LOST t=124.31 float=x gimbal rates o/m/i = -90/-1/-5 deg/s (limit 90) MGA=4.9
  [rfly_replan t=130.3 big=0] gbest=197.0 | EKR=0.54 EKV=0.73 EBANK=2.01 ADEC=1.64 TLD=1.05 KDIV=0.44 KVN=0.50 IGN=1.65 TGL=0.62 KV=1.33
  [rfly_replan t=0.0 big=1] gbest=651.7 | EKR=0.99 EKV=1.68 EBANK=1.62 ADEC=1.49 TLD=0.46 KDIV=0.72 KVN=1.41 IGN=0.40 TGL=0.39 KV=0.90
  [rfly_replan t=10.0 big=0] gbest=651.7 | EKR=0.99 EKV=1.68 EBANK=1.62 ADEC=1.49 TLD=0.46 KDIV=0.72 KVN=1.41 IGN=0.40 TGL=0.39 KV=0.90
  [rfly_replan t=11.1 big=0] gbest=5337.4 | EKR=1.05 EKV=1.44 EBANK=1.48 ADEC=1.62 TLD=0.31 KDIV=0.77 KVN=1.29 IGN=0.42 TGL=0.46 KV=1.02
  [rfly_replan t=21.1 big=0] gbest=1325.1 | EKR=1.11 EKV=1.41 EBANK=1.68 ADEC=1.52 TLD=0.42 KDIV=0.76 KVN=1.28 IGN=0.40 TGL=0.34 KV=0.91
  [rfly_replan t=31.1 big=0] gbest=1325.1 | EKR=1.11 EKV=1.41 EBANK=1.68 ADEC=1.52 TLD=0.42 KDIV=0.76 KVN=1.28 IGN=0.40 TGL=0.34 KV=0.91
  [rfly_replan t=32.8 big=0] gbest=1325.1 | EKR=1.11 EKV=1.41 EBANK=1.68 ADEC=1.52 TLD=0.42 KDIV=0.76 KVN=1.28 IGN=0.40 TGL=0.34 KV=0.91
  [rfly_replan t=42.8 big=0] gbest=1325.1 | EKR=1.11 EKV=1.41 EBANK=1.68 ADEC=1.52 TLD=0.42 KDIV=0.76 KVN=1.28 IGN=0.40 TGL=0.34 KV=0.91
  [rfly_replan t=52.8 big=0] gbest=1325.1 | EKR=1.11 EKV=1.41 EBANK=1.68 ADEC=1.52 TLD=0.42 KDIV=0.76 KVN=1.28 IGN=0.40 TGL=0.34 KV=0.91
  [rfly_replan t=62.8 big=0] gbest=1210.5 | EKR=1.15 EKV=1.46 EBANK=1.76 ADEC=1.49 TLD=0.40 KDIV=0.80 KVN=1.34 IGN=0.44 TGL=0.49 KV=0.92
  [rfly_replan t=72.8 big=0] gbest=1210.5 | EKR=1.15 EKV=1.46 EBANK=1.76 ADEC=1.49 TLD=0.40 KDIV=0.80 KVN=1.34 IGN=0.44 TGL=0.49 KV=0.92
  [rfly_replan t=82.8 big=0] gbest=900.1 | EKR=1.00 EKV=1.65 EBANK=1.98 ADEC=1.44 TLD=0.37 KDIV=0.82 KVN=1.14 IGN=0.71 TGL=0.52 KV=0.92
  [rfly_replan t=92.8 big=0] gbest=616.7 | EKR=0.75 EKV=1.45 EBANK=1.72 ADEC=1.30 TLD=0.25 KDIV=0.77 KVN=1.16 IGN=0.99 TGL=0.57 KV=0.87
  [rfly_replan t=102.8 big=0] gbest=616.7 | EKR=0.75 EKV=1.45 EBANK=1.72 ADEC=1.30 TLD=0.25 KDIV=0.77 KVN=1.16 IGN=0.99 TGL=0.57 KV=0.87
  [imu] reference LOST t=112.07 float=x gimbal rates o/m/i = -90/-9/-4 deg/s (limit 90) MGA=-2.1
  [rfly_replan t=112.9 big=0] gbest=616.7 | EKR=0.75 EKV=1.45 EBANK=1.72 ADEC=1.30 TLD=0.25 KDIV=0.77 KVN=1.16 IGN=0.99 TGL=0.57 KV=0.87
  [rfly_replan t=122.9 big=0] gbest=616.7 | EKR=0.75 EKV=1.45 EBANK=1.72 ADEC=1.30 TLD=0.25 KDIV=0.77 KVN=1.16 IGN=0.99 TGL=0.57 KV=0.87
  [rfly_replan t=0.0 big=1] gbest=320.6 | EKR=1.17 EKV=0.61 EBANK=1.30 ADEC=1.57 TLD=1.24 KDIV=0.54 KVN=0.50 IGN=1.63 TGL=0.25 KV=1.53
  [rfly_replan t=5.8 big=0] gbest=4515.8 | EKR=1.03 EKV=0.72 EBANK=1.39 ADEC=1.75 TLD=1.51 KDIV=0.43 KVN=0.60 IGN=1.62 TGL=0.28 KV=1.57
  [rfly_replan t=15.8 big=0] gbest=475.2 | EKR=1.24 EKV=0.92 EBANK=1.42 ADEC=1.53 TLD=1.51 KDIV=0.61 KVN=0.50 IGN=1.06 TGL=0.42 KV=1.55
  [rfly_replan t=25.8 big=0] gbest=419.7 | EKR=1.28 EKV=0.92 EBANK=1.34 ADEC=1.30 TLD=1.25 KDIV=0.61 KVN=0.50 IGN=1.10 TGL=0.40 KV=1.55
  [rfly_replan t=31.9 big=0] gbest=419.7 | EKR=1.28 EKV=0.92 EBANK=1.34 ADEC=1.30 TLD=1.25 KDIV=0.61 KVN=0.50 IGN=1.10 TGL=0.40 KV=1.55
  [rfly_replan t=41.9 big=0] gbest=419.7 | EKR=1.28 EKV=0.92 EBANK=1.34 ADEC=1.30 TLD=1.25 KDIV=0.61 KVN=0.50 IGN=1.10 TGL=0.40 KV=1.55
  [rfly_replan t=51.9 big=0] gbest=419.7 | EKR=1.28 EKV=0.92 EBANK=1.34 ADEC=1.30 TLD=1.25 KDIV=0.61 KVN=0.50 IGN=1.10 TGL=0.40 KV=1.55
  [rfly_replan t=61.9 big=0] gbest=401.2 | EKR=1.73 EKV=0.86 EBANK=1.08 ADEC=1.31 TLD=1.18 KDIV=0.64 KVN=0.56 IGN=1.07 TGL=0.47 KV=1.80
  [rfly_replan t=71.9 big=0] gbest=401.2 | EKR=1.73 EKV=0.86 EBANK=1.08 ADEC=1.31 TLD=1.18 KDIV=0.64 KVN=0.56 IGN=1.07 TGL=0.47 KV=1.80
  [rfly_replan t=81.9 big=0] gbest=210.2 | EKR=1.48 EKV=1.14 EBANK=1.27 ADEC=1.28 TLD=1.33 KDIV=0.66 KVN=0.50 IGN=0.86 TGL=0.53 KV=1.96
  [rfly_replan t=91.9 big=0] gbest=195.2 | EKR=1.90 EKV=1.31 EBANK=1.56 ADEC=1.12 TLD=1.15 KDIV=0.53 KVN=0.50 IGN=0.86 TGL=0.53 KV=2.10
  [imu] reference LOST t=98.58 float=x gimbal rates o/m/i = -90/-0/-6 deg/s (limit 90) MGA=-1.2
  [rfly_replan t=101.9 big=0] gbest=195.2 | EKR=1.90 EKV=1.31 EBANK=1.56 ADEC=1.12 TLD=1.15 KDIV=0.53 KVN=0.50 IGN=0.86 TGL=0.53 KV=2.10
  [rfly_replan t=0.0 big=1] gbest=441.5 | EKR=1.86 EKV=2.02 EBANK=1.26 ADEC=0.86 TLD=2.91 KDIV=0.96 KVN=0.50 IGN=1.60 TGL=0.33 KV=0.90
  [rfly_replan t=10.0 big=0] gbest=380.0 | EKR=1.66 EKV=1.70 EBANK=1.45 ADEC=0.76 TLD=2.63 KDIV=0.87 KVN=0.79 IGN=1.55 TGL=0.58 KV=0.77
  [rfly_replan t=14.4 big=0] gbest=587.7 | EKR=1.73 EKV=1.70 EBANK=1.41 ADEC=1.05 TLD=2.59 KDIV=0.79 KVN=0.74 IGN=1.44 TGL=0.53 KV=0.69
  [rfly_replan t=24.4 big=0] gbest=587.7 | EKR=1.73 EKV=1.70 EBANK=1.41 ADEC=1.05 TLD=2.59 KDIV=0.79 KVN=0.74 IGN=1.44 TGL=0.53 KV=0.69
  [rfly_replan t=31.2 big=0] gbest=587.7 | EKR=1.73 EKV=1.70 EBANK=1.41 ADEC=1.05 TLD=2.59 KDIV=0.79 KVN=0.74 IGN=1.44 TGL=0.53 KV=0.69
  [rfly_replan t=41.2 big=0] gbest=587.7 | EKR=1.73 EKV=1.70 EBANK=1.41 ADEC=1.05 TLD=2.59 KDIV=0.79 KVN=0.74 IGN=1.44 TGL=0.53 KV=0.69
  [rfly_replan t=51.2 big=0] gbest=587.7 | EKR=1.73 EKV=1.70 EBANK=1.41 ADEC=1.05 TLD=2.59 KDIV=0.79 KVN=0.74 IGN=1.44 TGL=0.53 KV=0.69
  [rfly_replan t=61.2 big=0] gbest=412.4 | EKR=2.12 EKV=1.66 EBANK=1.53 ADEC=1.02 TLD=2.45 KDIV=0.87 KVN=1.04 IGN=1.60 TGL=0.42 KV=0.76
  [rfly_replan t=71.2 big=0] gbest=404.6 | EKR=2.18 EKV=1.64 EBANK=1.37 ADEC=1.21 TLD=2.12 KDIV=0.80 KVN=1.27 IGN=1.53 TGL=0.17 KV=0.78
  [rfly_replan t=81.2 big=0] gbest=340.9 | EKR=2.10 EKV=1.38 EBANK=1.37 ADEC=1.26 TLD=2.20 KDIV=0.75 KVN=1.27 IGN=1.50 TGL=0.22 KV=0.79
  [rfly_replan t=91.3 big=0] gbest=340.9 | EKR=2.10 EKV=1.38 EBANK=1.37 ADEC=1.26 TLD=2.20 KDIV=0.75 KVN=1.27 IGN=1.50 TGL=0.22 KV=0.79
  [rfly_replan t=101.3 big=0] gbest=340.9 | EKR=2.10 EKV=1.38 EBANK=1.37 ADEC=1.26 TLD=2.20 KDIV=0.75 KVN=1.27 IGN=1.50 TGL=0.22 KV=0.79
  [rfly_replan t=111.3 big=0] gbest=292.2 | EKR=2.05 EKV=1.81 EBANK=1.47 ADEC=1.37 TLD=2.22 KDIV=0.74 KVN=1.19 IGN=1.56 TGL=0.27 KV=0.83
  [imu] reference LOST t=114.75 float=x gimbal rates o/m/i = -90/-9/-9 deg/s (limit 90) MGA=6.9
  [rfly_replan t=121.3 big=0] gbest=292.2 | EKR=2.05 EKV=1.81 EBANK=1.47 ADEC=1.37 TLD=2.22 KDIV=0.74 KVN=1.19 IGN=1.56 TGL=0.27 KV=0.83
  [rfly_replan t=0.0 big=1] gbest=763.5 | EKR=1.00 EKV=1.00 EBANK=1.00 ADEC=1.00 TLD=1.00 KDIV=1.00 KVN=1.00 IGN=1.00 TGL=0.00 KV=1.00
  [rfly_replan t=9.1 big=0] gbest=1129.0 | EKR=1.00 EKV=1.00 EBANK=1.00 ADEC=1.00 TLD=1.00 KDIV=1.00 KVN=1.00 IGN=1.00 TGL=0.00 KV=1.00
  [rfly_replan t=19.1 big=0] gbest=1129.0 | EKR=1.00 EKV=1.00 EBANK=1.00 ADEC=1.00 TLD=1.00 KDIV=1.00 KVN=1.00 IGN=1.00 TGL=0.00 KV=1.00
  [rfly_replan t=29.1 big=0] gbest=334.6 | EKR=0.91 EKV=1.06 EBANK=0.74 ADEC=1.23 TLD=0.96 KDIV=0.93 KVN=1.17 IGN=0.82 TGL=0.06 KV=1.05
  [rfly_replan t=31.7 big=0] gbest=281.0 | EKR=0.95 EKV=1.12 EBANK=0.60 ADEC=1.23 TLD=0.97 KDIV=0.88 KVN=1.19 IGN=0.72 TGL=0.07 KV=1.12
  [rfly_replan t=41.7 big=0] gbest=274.4 | EKR=0.95 EKV=1.15 EBANK=0.83 ADEC=1.29 TLD=1.16 KDIV=0.75 KVN=1.06 IGN=0.67 TGL=0.05 KV=1.10
  [rfly_replan t=51.7 big=0] gbest=195.9 | EKR=1.03 EKV=1.13 EBANK=0.70 ADEC=1.20 TLD=1.19 KDIV=0.74 KVN=1.29 IGN=0.62 TGL=0.01 KV=1.12
  [rfly_replan t=61.7 big=0] gbest=195.9 | EKR=1.03 EKV=1.13 EBANK=0.70 ADEC=1.20 TLD=1.19 KDIV=0.74 KVN=1.29 IGN=0.62 TGL=0.01 KV=1.12
  [rfly_replan t=71.7 big=0] gbest=195.9 | EKR=1.03 EKV=1.13 EBANK=0.70 ADEC=1.20 TLD=1.19 KDIV=0.74 KVN=1.29 IGN=0.62 TGL=0.01 KV=1.12
  [rfly_replan t=81.7 big=0] gbest=195.9 | EKR=1.03 EKV=1.13 EBANK=0.70 ADEC=1.20 TLD=1.19 KDIV=0.74 KVN=1.29 IGN=0.62 TGL=0.01 KV=1.12
  [rfly_replan t=91.7 big=0] gbest=195.9 | EKR=1.03 EKV=1.13 EBANK=0.70 ADEC=1.20 TLD=1.19 KDIV=0.74 KVN=1.29 IGN=0.62 TGL=0.01 KV=1.12
  [rfly_replan t=101.8 big=0] gbest=195.9 | EKR=1.03 EKV=1.13 EBANK=0.70 ADEC=1.20 TLD=1.19 KDIV=0.74 KVN=1.29 IGN=0.62 TGL=0.01 KV=1.12
  [rfly_replan t=111.8 big=0] gbest=195.9 | EKR=1.03 EKV=1.13 EBANK=0.70 ADEC=1.20 TLD=1.19 KDIV=0.74 KVN=1.29 IGN=0.62 TGL=0.01 KV=1.12
  [rfly_replan t=0.0 big=1] gbest=518.0 | EKR=1.57 EKV=1.07 EBANK=0.99 ADEC=1.03 TLD=0.25 KDIV=0.75 KVN=1.21 IGN=0.40 TGL=0.00 KV=0.56
  [rfly_replan t=10.0 big=0] gbest=371.5 | EKR=1.55 EKV=0.91 EBANK=1.08 ADEC=1.18 TLD=0.42 KDIV=0.80 KVN=1.08 IGN=0.70 TGL=0.07 KV=0.67
  [rfly_replan t=17.7 big=0] gbest=1432.7 | EKR=2.02 EKV=1.02 EBANK=1.01 ADEC=1.17 TLD=0.46 KDIV=0.62 KVN=1.29 IGN=0.54 TGL=0.20 KV=0.68
  [rfly_replan t=27.7 big=0] gbest=858.6 | EKR=1.94 EKV=1.17 EBANK=0.99 ADEC=1.21 TLD=0.41 KDIV=0.61 KVN=1.48 IGN=0.82 TGL=0.24 KV=0.50
  [rfly_replan t=29.7 big=0] gbest=858.6 | EKR=1.94 EKV=1.17 EBANK=0.99 ADEC=1.21 TLD=0.41 KDIV=0.61 KVN=1.48 IGN=0.82 TGL=0.24 KV=0.50
  [rfly_replan t=39.7 big=0] gbest=827.3 | EKR=1.76 EKV=1.15 EBANK=0.96 ADEC=1.24 TLD=0.39 KDIV=0.60 KVN=1.30 IGN=1.28 TGL=0.42 KV=0.50
  [rfly_replan t=49.7 big=0] gbest=665.7 | EKR=1.64 EKV=1.23 EBANK=1.08 ADEC=1.25 TLD=0.46 KDIV=0.61 KVN=1.12 IGN=1.30 TGL=0.41 KV=0.50
  [rfly_replan t=59.7 big=0] gbest=665.7 | EKR=1.64 EKV=1.23 EBANK=1.08 ADEC=1.25 TLD=0.46 KDIV=0.61 KVN=1.12 IGN=1.30 TGL=0.41 KV=0.50
  [rfly_replan t=69.7 big=0] gbest=665.7 | EKR=1.64 EKV=1.23 EBANK=1.08 ADEC=1.25 TLD=0.46 KDIV=0.61 KVN=1.12 IGN=1.30 TGL=0.41 KV=0.50
  [rfly_replan t=79.7 big=0] gbest=665.7 | EKR=1.64 EKV=1.23 EBANK=1.08 ADEC=1.25 TLD=0.46 KDIV=0.61 KVN=1.12 IGN=1.30 TGL=0.41 KV=0.50
  [rfly_replan t=89.7 big=0] gbest=665.7 | EKR=1.64 EKV=1.23 EBANK=1.08 ADEC=1.25 TLD=0.46 KDIV=0.61 KVN=1.12 IGN=1.30 TGL=0.41 KV=0.50
  [rfly_replan t=99.7 big=0] gbest=665.7 | EKR=1.64 EKV=1.23 EBANK=1.08 ADEC=1.25 TLD=0.46 KDIV=0.61 KVN=1.12 IGN=1.30 TGL=0.41 KV=0.50
  [rfly_replan t=109.8 big=0] gbest=665.7 | EKR=1.64 EKV=1.23 EBANK=1.08 ADEC=1.25 TLD=0.46 KDIV=0.61 KVN=1.12 IGN=1.30 TGL=0.41 KV=0.50
  [rfly_replan t=119.8 big=0] gbest=642.3 | EKR=1.35 EKV=0.96 EBANK=1.16 ADEC=1.12 TLD=0.44 KDIV=0.64 KVN=1.21 IGN=1.28 TGL=0.29 KV=0.70
  [imu] reference LOST t=128.27 float=x gimbal rates o/m/i = 90/-5/8 deg/s (limit 90) MGA=3.6
  [rfly_replan t=129.8 big=0] gbest=640.4 | EKR=1.30 EKV=0.76 EBANK=1.33 ADEC=1.30 TLD=0.63 KDIV=0.55 KVN=1.13 IGN=1.51 TGL=0.10 KV=0.84
  [rfly_replan t=139.8 big=0] gbest=640.4 | EKR=1.30 EKV=0.76 EBANK=1.33 ADEC=1.30 TLD=0.63 KDIV=0.55 KVN=1.13 IGN=1.51 TGL=0.10 KV=0.84
  [rfly_replan t=0.0 big=1] gbest=865.3 | EKR=0.91 EKV=1.04 EBANK=1.26 ADEC=1.32 TLD=0.80 KDIV=1.34 KVN=1.43 IGN=1.72 TGL=0.00 KV=1.29
  [rfly_replan t=10.0 big=0] gbest=415.9 | EKR=0.64 EKV=1.15 EBANK=1.29 ADEC=1.38 TLD=0.83 KDIV=1.30 KVN=1.44 IGN=1.70 TGL=0.01 KV=1.29
  [rfly_replan t=12.4 big=0] gbest=5771.9 | EKR=1.05 EKV=1.67 EBANK=1.28 ADEC=1.59 TLD=0.76 KDIV=1.36 KVN=1.37 IGN=1.51 TGL=0.00 KV=1.07
  [rfly_replan t=22.4 big=0] gbest=4901.7 | EKR=1.31 EKV=1.38 EBANK=1.42 ADEC=1.74 TLD=0.77 KDIV=1.47 KVN=1.20 IGN=1.61 TGL=0.06 KV=1.18
  [rfly_replan t=31.1 big=0] gbest=1701.9 | EKR=1.50 EKV=1.65 EBANK=1.35 ADEC=1.54 TLD=0.52 KDIV=1.36 KVN=1.37 IGN=1.35 TGL=0.00 KV=1.36
  [rfly_replan t=41.1 big=0] gbest=1612.8 | EKR=1.41 EKV=1.42 EBANK=1.56 ADEC=1.27 TLD=0.91 KDIV=1.32 KVN=1.49 IGN=1.09 TGL=0.00 KV=1.27
  [rfly_replan t=51.1 big=0] gbest=1222.8 | EKR=1.29 EKV=1.31 EBANK=1.62 ADEC=1.05 TLD=0.53 KDIV=1.08 KVN=1.62 IGN=1.20 TGL=0.03 KV=1.53
  [rfly_replan t=61.1 big=0] gbest=1139.8 | EKR=1.63 EKV=1.66 EBANK=1.62 ADEC=1.01 TLD=0.49 KDIV=1.03 KVN=1.65 IGN=1.18 TGL=0.37 KV=1.70
  [rfly_replan t=71.1 big=0] gbest=990.3 | EKR=1.85 EKV=1.92 EBANK=1.79 ADEC=0.98 TLD=0.68 KDIV=0.94 KVN=1.77 IGN=1.14 TGL=0.36 KV=1.91
  [rfly_replan t=81.1 big=0] gbest=759.2 | EKR=1.63 EKV=2.30 EBANK=1.38 ADEC=1.05 TLD=0.77 KDIV=0.99 KVN=1.71 IGN=1.03 TGL=0.43 KV=1.90
  [rfly_replan t=91.2 big=0] gbest=607.4 | EKR=1.52 EKV=2.18 EBANK=1.65 ADEC=1.15 TLD=0.97 KDIV=0.93 KVN=1.91 IGN=1.00 TGL=0.40 KV=1.81
  [rfly_replan t=101.2 big=0] gbest=567.5 | EKR=1.52 EKV=2.18 EBANK=1.65 ADEC=1.15 TLD=0.97 KDIV=0.93 KVN=1.91 IGN=1.00 TGL=0.40 KV=1.81
  [rfly_replan t=111.2 big=0] gbest=586.6 | EKR=1.47 EKV=2.23 EBANK=1.53 ADEC=1.16 TLD=1.04 KDIV=0.93 KVN=1.90 IGN=0.83 TGL=0.40 KV=1.83
  [imu] reference LOST t=119.10 float=x gimbal rates o/m/i = -90/-12/-7 deg/s (limit 90) MGA=4.0
  [rfly_replan t=121.2 big=0] gbest=586.3 | EKR=1.41 EKV=2.43 EBANK=1.38 ADEC=1.21 TLD=0.91 KDIV=1.14 KVN=1.94 IGN=0.97 TGL=0.55 KV=2.02
  [rfly_replan t=0.0 big=1] gbest=527.4 | EKR=1.48 EKV=1.55 EBANK=1.25 ADEC=0.51 TLD=1.38 KDIV=1.14 KVN=1.62 IGN=0.49 TGL=0.37 KV=0.74
  [rfly_replan t=7.0 big=0] gbest=518.2 | EKR=1.79 EKV=1.72 EBANK=1.10 ADEC=0.52 TLD=1.32 KDIV=1.36 KVN=1.47 IGN=0.69 TGL=0.48 KV=0.87
  [rfly_replan t=17.0 big=0] gbest=518.2 | EKR=1.79 EKV=1.72 EBANK=1.10 ADEC=0.52 TLD=1.32 KDIV=1.36 KVN=1.47 IGN=0.69 TGL=0.48 KV=0.87
  [rfly_replan t=27.0 big=0] gbest=518.2 | EKR=1.79 EKV=1.72 EBANK=1.10 ADEC=0.52 TLD=1.32 KDIV=1.36 KVN=1.47 IGN=0.69 TGL=0.48 KV=0.87
  [rfly_replan t=32.2 big=0] gbest=514.3 | EKR=1.59 EKV=1.74 EBANK=1.10 ADEC=0.53 TLD=1.47 KDIV=1.27 KVN=1.85 IGN=0.56 TGL=0.51 KV=0.71
  [rfly_replan t=42.2 big=0] gbest=514.3 | EKR=1.59 EKV=1.74 EBANK=1.10 ADEC=0.53 TLD=1.47 KDIV=1.27 KVN=1.85 IGN=0.56 TGL=0.51 KV=0.71
  [rfly_replan t=52.2 big=0] gbest=514.3 | EKR=1.59 EKV=1.74 EBANK=1.10 ADEC=0.53 TLD=1.47 KDIV=1.27 KVN=1.85 IGN=0.56 TGL=0.51 KV=0.71
  [rfly_replan t=62.2 big=0] gbest=514.3 | EKR=1.59 EKV=1.74 EBANK=1.10 ADEC=0.53 TLD=1.47 KDIV=1.27 KVN=1.85 IGN=0.56 TGL=0.51 KV=0.71
  [rfly_replan t=72.2 big=0] gbest=514.3 | EKR=1.59 EKV=1.74 EBANK=1.10 ADEC=0.53 TLD=1.47 KDIV=1.27 KVN=1.85 IGN=0.56 TGL=0.51 KV=0.71
  [rfly_replan t=82.2 big=0] gbest=514.3 | EKR=1.59 EKV=1.74 EBANK=1.10 ADEC=0.53 TLD=1.47 KDIV=1.27 KVN=1.85 IGN=0.56 TGL=0.51 KV=0.71
  [rfly_replan t=92.2 big=0] gbest=453.2 | EKR=1.86 EKV=1.44 EBANK=0.87 ADEC=0.71 TLD=1.66 KDIV=1.40 KVN=1.78 IGN=0.52 TGL=0.46 KV=0.57
  [rfly_replan t=102.3 big=0] gbest=430.0 | EKR=1.76 EKV=1.33 EBANK=0.79 ADEC=0.67 TLD=2.03 KDIV=1.19 KVN=2.05 IGN=0.42 TGL=0.33 KV=0.71
  [rfly_replan t=112.3 big=0] gbest=430.0 | EKR=1.76 EKV=1.33 EBANK=0.79 ADEC=0.67 TLD=2.03 KDIV=1.19 KVN=2.05 IGN=0.42 TGL=0.33 KV=0.71
  [rfly_replan t=0.0 big=1] gbest=496.3 | EKR=0.85 EKV=0.70 EBANK=0.79 ADEC=1.66 TLD=1.32 KDIV=0.64 KVN=0.50 IGN=1.18 TGL=0.28 KV=1.50
  [rfly_replan t=10.0 big=0] gbest=326.3 | EKR=1.04 EKV=0.68 EBANK=0.80 ADEC=1.67 TLD=1.31 KDIV=0.62 KVN=0.50 IGN=1.13 TGL=0.25 KV=1.42
  [rfly_replan t=15.7 big=0] gbest=864.7 | EKR=0.89 EKV=0.48 EBANK=0.60 ADEC=1.55 TLD=1.36 KDIV=0.62 KVN=0.50 IGN=1.18 TGL=0.41 KV=1.27
  [rfly_replan t=25.7 big=0] gbest=864.7 | EKR=0.89 EKV=0.48 EBANK=0.60 ADEC=1.55 TLD=1.36 KDIV=0.62 KVN=0.50 IGN=1.18 TGL=0.41 KV=1.27
  [rfly_replan t=26.6 big=0] gbest=472.2 | EKR=1.05 EKV=0.46 EBANK=0.60 ADEC=1.80 TLD=1.38 KDIV=0.59 KVN=0.73 IGN=1.13 TGL=0.43 KV=1.28
  [rfly_replan t=36.6 big=0] gbest=472.2 | EKR=1.05 EKV=0.46 EBANK=0.60 ADEC=1.80 TLD=1.38 KDIV=0.59 KVN=0.73 IGN=1.13 TGL=0.43 KV=1.28
  [rfly_replan t=46.6 big=0] gbest=472.2 | EKR=1.05 EKV=0.46 EBANK=0.60 ADEC=1.80 TLD=1.38 KDIV=0.59 KVN=0.73 IGN=1.13 TGL=0.43 KV=1.28
  [rfly_replan t=56.6 big=0] gbest=472.2 | EKR=1.05 EKV=0.46 EBANK=0.60 ADEC=1.80 TLD=1.38 KDIV=0.59 KVN=0.73 IGN=1.13 TGL=0.43 KV=1.28
  [rfly_replan t=66.6 big=0] gbest=472.2 | EKR=1.05 EKV=0.46 EBANK=0.60 ADEC=1.80 TLD=1.38 KDIV=0.59 KVN=0.73 IGN=1.13 TGL=0.43 KV=1.28
  [rfly_replan t=76.7 big=0] gbest=472.2 | EKR=1.05 EKV=0.46 EBANK=0.60 ADEC=1.80 TLD=1.38 KDIV=0.59 KVN=0.73 IGN=1.13 TGL=0.43 KV=1.28
  [rfly_replan t=86.7 big=0] gbest=472.2 | EKR=1.05 EKV=0.46 EBANK=0.60 ADEC=1.80 TLD=1.38 KDIV=0.59 KVN=0.73 IGN=1.13 TGL=0.43 KV=1.28
  [rfly_replan t=96.7 big=0] gbest=456.4 | EKR=0.67 EKV=0.41 EBANK=0.63 ADEC=1.89 TLD=1.41 KDIV=0.58 KVN=0.97 IGN=0.99 TGL=0.39 KV=1.14
  [imu] reference LOST t=100.75 float=x gimbal rates o/m/i = -90/-8/-1 deg/s (limit 90) MGA=3.6
  [rfly_replan t=106.7 big=0] gbest=456.4 | EKR=0.67 EKV=0.41 EBANK=0.63 ADEC=1.89 TLD=1.41 KDIV=0.58 KVN=0.97 IGN=0.99 TGL=0.39 KV=1.14
  [rfly_replan t=0.0 big=1] gbest=434.1 | EKR=0.32 EKV=0.74 EBANK=0.60 ADEC=1.39 TLD=1.00 KDIV=0.68 KVN=0.50 IGN=1.83 TGL=0.31 KV=1.68
  [rfly_replan t=10.0 big=0] gbest=434.1 | EKR=0.32 EKV=0.74 EBANK=0.60 ADEC=1.39 TLD=1.00 KDIV=0.68 KVN=0.50 IGN=1.83 TGL=0.31 KV=1.68
  [rfly_replan t=10.3 big=0] gbest=1183.7 | EKR=0.30 EKV=0.78 EBANK=0.86 ADEC=1.49 TLD=1.21 KDIV=0.64 KVN=0.50 IGN=1.56 TGL=0.32 KV=1.51
  [rfly_replan t=20.3 big=0] gbest=1183.7 | EKR=0.30 EKV=0.78 EBANK=0.86 ADEC=1.49 TLD=1.21 KDIV=0.64 KVN=0.50 IGN=1.56 TGL=0.32 KV=1.51
  [rfly_replan t=30.4 big=0] gbest=1176.8 | EKR=0.42 EKV=1.05 EBANK=0.60 ADEC=1.46 TLD=0.89 KDIV=0.69 KVN=0.51 IGN=1.54 TGL=0.31 KV=1.78
  [rfly_replan t=33.0 big=0] gbest=1067.8 | EKR=0.30 EKV=0.85 EBANK=0.61 ADEC=1.47 TLD=0.87 KDIV=0.66 KVN=0.52 IGN=1.58 TGL=0.30 KV=1.78
  [rfly_replan t=43.0 big=0] gbest=656.2 | EKR=0.53 EKV=0.58 EBANK=0.60 ADEC=1.21 TLD=0.98 KDIV=0.50 KVN=0.50 IGN=1.37 TGL=0.52 KV=1.92
  [rfly_replan t=53.0 big=0] gbest=656.2 | EKR=0.53 EKV=0.58 EBANK=0.60 ADEC=1.21 TLD=0.98 KDIV=0.50 KVN=0.50 IGN=1.37 TGL=0.52 KV=1.92
  [rfly_replan t=63.0 big=0] gbest=656.2 | EKR=0.53 EKV=0.58 EBANK=0.60 ADEC=1.21 TLD=0.98 KDIV=0.50 KVN=0.50 IGN=1.37 TGL=0.52 KV=1.92
  [rfly_replan t=73.0 big=0] gbest=480.3 | EKR=0.30 EKV=0.41 EBANK=0.86 ADEC=1.24 TLD=1.00 KDIV=0.51 KVN=0.51 IGN=1.12 TGL=0.58 KV=1.93
  [rfly_replan t=83.0 big=0] gbest=480.3 | EKR=0.30 EKV=0.41 EBANK=0.86 ADEC=1.24 TLD=1.00 KDIV=0.51 KVN=0.51 IGN=1.12 TGL=0.58 KV=1.93
  [rfly_replan t=93.0 big=0] gbest=275.5 | EKR=0.30 EKV=0.58 EBANK=1.00 ADEC=1.15 TLD=0.76 KDIV=0.55 KVN=0.65 IGN=1.33 TGL=0.60 KV=1.79
  [rfly_replan t=103.0 big=0] gbest=275.5 | EKR=0.30 EKV=0.58 EBANK=1.00 ADEC=1.15 TLD=0.76 KDIV=0.55 KVN=0.65 IGN=1.33 TGL=0.60 KV=1.79
  [rfly_replan t=113.1 big=0] gbest=275.5 | EKR=0.30 EKV=0.58 EBANK=1.00 ADEC=1.15 TLD=0.76 KDIV=0.55 KVN=0.65 IGN=1.33 TGL=0.60 KV=1.79
  [rfly_replan t=123.1 big=0] gbest=252.1 | EKR=0.30 EKV=0.30 EBANK=0.99 ADEC=1.09 TLD=0.80 KDIV=0.56 KVN=0.52 IGN=1.05 TGL=0.41 KV=1.73
  [imu] reference LOST t=124.14 float=x gimbal rates o/m/i = -90/1/2 deg/s (limit 90) MGA=-5.1
  [rfly_replan t=0.0 big=1] gbest=940.4 | EKR=1.76 EKV=0.92 EBANK=0.87 ADEC=0.80 TLD=0.28 KDIV=1.61 KVN=1.23 IGN=1.33 TGL=0.00 KV=1.06
  [rfly_replan t=5.0 big=0] gbest=1781.6 | EKR=1.58 EKV=1.15 EBANK=0.82 ADEC=0.77 TLD=0.25 KDIV=1.49 KVN=1.24 IGN=1.61 TGL=0.05 KV=1.22
  [rfly_replan t=15.0 big=0] gbest=925.1 | EKR=1.20 EKV=1.37 EBANK=0.83 ADEC=0.69 TLD=0.30 KDIV=1.56 KVN=1.34 IGN=1.31 TGL=0.02 KV=1.18
  [rfly_replan t=25.0 big=0] gbest=925.1 | EKR=1.20 EKV=1.37 EBANK=0.83 ADEC=0.69 TLD=0.30 KDIV=1.56 KVN=1.34 IGN=1.31 TGL=0.02 KV=1.18
  [rfly_replan t=35.0 big=0] gbest=925.1 | EKR=1.20 EKV=1.37 EBANK=0.83 ADEC=0.69 TLD=0.30 KDIV=1.56 KVN=1.34 IGN=1.31 TGL=0.02 KV=1.18
  [rfly_replan t=35.5 big=0] gbest=925.1 | EKR=1.20 EKV=1.37 EBANK=0.83 ADEC=0.69 TLD=0.30 KDIV=1.56 KVN=1.34 IGN=1.31 TGL=0.02 KV=1.18
  [rfly_replan t=45.5 big=0] gbest=925.1 | EKR=1.20 EKV=1.37 EBANK=0.83 ADEC=0.69 TLD=0.30 KDIV=1.56 KVN=1.34 IGN=1.31 TGL=0.02 KV=1.18
  [rfly_replan t=55.5 big=0] gbest=559.6 | EKR=0.83 EKV=0.85 EBANK=0.79 ADEC=0.71 TLD=0.33 KDIV=1.59 KVN=1.53 IGN=1.30 TGL=0.03 KV=1.17
  [rfly_replan t=65.5 big=0] gbest=559.6 | EKR=0.83 EKV=0.85 EBANK=0.79 ADEC=0.71 TLD=0.33 KDIV=1.59 KVN=1.53 IGN=1.30 TGL=0.03 KV=1.17
  [rfly_replan t=75.6 big=0] gbest=559.6 | EKR=0.83 EKV=0.85 EBANK=0.79 ADEC=0.71 TLD=0.33 KDIV=1.59 KVN=1.53 IGN=1.30 TGL=0.03 KV=1.17
  [rfly_replan t=85.6 big=0] gbest=559.6 | EKR=0.83 EKV=0.85 EBANK=0.79 ADEC=0.71 TLD=0.33 KDIV=1.59 KVN=1.53 IGN=1.30 TGL=0.03 KV=1.17
  [rfly_replan t=95.6 big=0] gbest=559.6 | EKR=0.83 EKV=0.85 EBANK=0.79 ADEC=0.71 TLD=0.33 KDIV=1.59 KVN=1.53 IGN=1.30 TGL=0.03 KV=1.17
  [rfly_replan t=105.6 big=0] gbest=559.6 | EKR=0.83 EKV=0.85 EBANK=0.79 ADEC=0.71 TLD=0.33 KDIV=1.59 KVN=1.53 IGN=1.30 TGL=0.03 KV=1.17
  [rfly_replan t=115.6 big=0] gbest=244.0 | EKR=0.50 EKV=1.08 EBANK=0.69 ADEC=0.54 TLD=0.50 KDIV=1.57 KVN=1.73 IGN=1.66 TGL=0.00 KV=1.23
  [rfly_replan t=125.7 big=0] gbest=234.3 | EKR=0.34 EKV=1.39 EBANK=0.84 ADEC=0.48 TLD=0.61 KDIV=1.44 KVN=1.96 IGN=1.97 TGL=0.00 KV=1.07
  [imu] reference LOST t=126.05 float=x gimbal rates o/m/i = -90/-1/8 deg/s (limit 90) MGA=7.7
  [rfly_replan t=0.0 big=1] gbest=428.2 | EKR=0.98 EKV=1.65 EBANK=1.59 ADEC=1.46 TLD=0.78 KDIV=0.50 KVN=1.22 IGN=0.40 TGL=0.00 KV=1.32
  [rfly_replan t=10.0 big=0] gbest=428.2 | EKR=0.98 EKV=1.65 EBANK=1.59 ADEC=1.46 TLD=0.78 KDIV=0.50 KVN=1.22 IGN=0.40 TGL=0.00 KV=1.32
  [rfly_replan t=13.6 big=0] gbest=972.0 | EKR=1.25 EKV=1.28 EBANK=1.87 ADEC=1.55 TLD=0.94 KDIV=0.50 KVN=0.97 IGN=0.40 TGL=0.00 KV=1.38
  [rfly_replan t=23.6 big=0] gbest=743.7 | EKR=1.00 EKV=1.01 EBANK=1.79 ADEC=1.75 TLD=0.71 KDIV=0.65 KVN=1.12 IGN=0.52 TGL=0.00 KV=1.40
  [rfly_replan t=30.8 big=0] gbest=442.6 | EKR=1.20 EKV=1.15 EBANK=1.83 ADEC=1.72 TLD=0.47 KDIV=0.61 KVN=1.02 IGN=0.40 TGL=0.00 KV=1.42
  [rfly_replan t=40.8 big=0] gbest=410.5 | EKR=1.04 EKV=1.17 EBANK=1.95 ADEC=1.61 TLD=0.51 KDIV=0.41 KVN=1.00 IGN=0.40 TGL=0.14 KV=1.55
  [rfly_replan t=50.8 big=0] gbest=410.5 | EKR=1.04 EKV=1.17 EBANK=1.95 ADEC=1.61 TLD=0.51 KDIV=0.41 KVN=1.00 IGN=0.40 TGL=0.14 KV=1.55
  [rfly_replan t=60.8 big=0] gbest=410.5 | EKR=1.04 EKV=1.17 EBANK=1.95 ADEC=1.61 TLD=0.51 KDIV=0.41 KVN=1.00 IGN=0.40 TGL=0.14 KV=1.55
  [rfly_replan t=70.9 big=0] gbest=365.8 | EKR=0.79 EKV=1.43 EBANK=1.79 ADEC=1.75 TLD=0.76 KDIV=0.40 KVN=1.02 IGN=0.69 TGL=0.30 KV=1.58
  [rfly_replan t=80.9 big=0] gbest=365.8 | EKR=0.79 EKV=1.43 EBANK=1.79 ADEC=1.75 TLD=0.76 KDIV=0.40 KVN=1.02 IGN=0.69 TGL=0.30 KV=1.58
  [rfly_replan t=90.9 big=0] gbest=365.8 | EKR=0.79 EKV=1.43 EBANK=1.79 ADEC=1.75 TLD=0.76 KDIV=0.40 KVN=1.02 IGN=0.69 TGL=0.30 KV=1.58
  [rfly_replan t=100.9 big=0] gbest=365.8 | EKR=0.79 EKV=1.43 EBANK=1.79 ADEC=1.75 TLD=0.76 KDIV=0.40 KVN=1.02 IGN=0.69 TGL=0.30 KV=1.58
  [rfly_replan t=110.9 big=0] gbest=291.6 | EKR=0.82 EKV=1.32 EBANK=1.87 ADEC=1.66 TLD=0.58 KDIV=0.40 KVN=1.06 IGN=0.54 TGL=0.58 KV=1.58
  [imu] reference LOST t=113.90 float=x gimbal rates o/m/i = -90/5/0 deg/s (limit 90) MGA=-2.5
  [rfly_replan t=121.0 big=0] gbest=291.6 | EKR=0.82 EKV=1.32 EBANK=1.87 ADEC=1.66 TLD=0.58 KDIV=0.40 KVN=1.06 IGN=0.54 TGL=0.58 KV=1.58
  [rfly_replan t=0.0 big=1] gbest=539.7 | EKR=0.84 EKV=0.94 EBANK=1.37 ADEC=0.43 TLD=1.24 KDIV=0.96 KVN=1.55 IGN=0.42 TGL=0.10 KV=0.77
  [rfly_replan t=8.3 big=0] gbest=988.9 | EKR=0.86 EKV=1.24 EBANK=1.30 ADEC=0.58 TLD=1.03 KDIV=1.00 KVN=1.79 IGN=0.70 TGL=0.02 KV=0.77
  [rfly_replan t=18.3 big=0] gbest=988.9 | EKR=0.86 EKV=1.24 EBANK=1.30 ADEC=0.58 TLD=1.03 KDIV=1.00 KVN=1.79 IGN=0.70 TGL=0.02 KV=0.77
  [rfly_replan t=28.3 big=0] gbest=653.8 | EKR=0.82 EKV=1.34 EBANK=1.24 ADEC=0.75 TLD=1.13 KDIV=1.03 KVN=1.53 IGN=0.66 TGL=0.34 KV=0.60
  [rfly_replan t=33.0 big=0] gbest=653.8 | EKR=0.82 EKV=1.34 EBANK=1.24 ADEC=0.75 TLD=1.13 KDIV=1.03 KVN=1.53 IGN=0.66 TGL=0.34 KV=0.60
  [rfly_replan t=43.0 big=0] gbest=653.8 | EKR=0.82 EKV=1.34 EBANK=1.24 ADEC=0.75 TLD=1.13 KDIV=1.03 KVN=1.53 IGN=0.66 TGL=0.34 KV=0.60
  [rfly_replan t=53.0 big=0] gbest=653.8 | EKR=0.82 EKV=1.34 EBANK=1.24 ADEC=0.75 TLD=1.13 KDIV=1.03 KVN=1.53 IGN=0.66 TGL=0.34 KV=0.60
  [rfly_replan t=63.0 big=0] gbest=653.8 | EKR=0.82 EKV=1.34 EBANK=1.24 ADEC=0.75 TLD=1.13 KDIV=1.03 KVN=1.53 IGN=0.66 TGL=0.34 KV=0.60
  [rfly_replan t=73.1 big=0] gbest=653.8 | EKR=0.82 EKV=1.34 EBANK=1.24 ADEC=0.75 TLD=1.13 KDIV=1.03 KVN=1.53 IGN=0.66 TGL=0.34 KV=0.60
  [rfly_replan t=83.1 big=0] gbest=653.8 | EKR=0.82 EKV=1.34 EBANK=1.24 ADEC=0.75 TLD=1.13 KDIV=1.03 KVN=1.53 IGN=0.66 TGL=0.34 KV=0.60
  [rfly_replan t=93.1 big=0] gbest=616.1 | EKR=0.88 EKV=1.43 EBANK=1.21 ADEC=0.81 TLD=1.39 KDIV=1.01 KVN=1.40 IGN=0.71 TGL=0.32 KV=0.50
  [rfly_replan t=103.1 big=0] gbest=434.1 | EKR=0.76 EKV=1.47 EBANK=1.44 ADEC=0.86 TLD=1.56 KDIV=1.09 KVN=1.30 IGN=0.82 TGL=0.35 KV=0.50
  [rfly_replan t=113.1 big=0] gbest=431.1 | EKR=0.76 EKV=1.47 EBANK=1.44 ADEC=0.86 TLD=1.56 KDIV=1.09 KVN=1.30 IGN=0.82 TGL=0.35 KV=0.50
  [rfly_replan t=123.2 big=0] gbest=431.1 | EKR=0.76 EKV=1.47 EBANK=1.44 ADEC=0.86 TLD=1.56 KDIV=1.09 KVN=1.30 IGN=0.82 TGL=0.35 KV=0.50
  [rfly_replan t=0.0 big=1] gbest=548.2 | EKR=1.05 EKV=0.63 EBANK=0.66 ADEC=1.61 TLD=0.25 KDIV=0.57 KVN=1.35 IGN=0.78 TGL=0.00 KV=0.72
  [rfly_replan t=10.0 big=0] gbest=366.5 | EKR=1.01 EKV=0.78 EBANK=0.67 ADEC=1.62 TLD=0.25 KDIV=0.45 KVN=1.48 IGN=0.74 TGL=0.01 KV=0.57
  [rfly_replan t=16.9 big=0] gbest=941.6 | EKR=1.13 EKV=0.58 EBANK=0.95 ADEC=1.75 TLD=0.29 KDIV=0.40 KVN=1.30 IGN=1.08 TGL=0.02 KV=0.64
  [rfly_replan t=27.0 big=0] gbest=623.3 | EKR=1.16 EKV=0.55 EBANK=0.60 ADEC=1.50 TLD=0.25 KDIV=0.44 KVN=1.27 IGN=1.05 TGL=0.03 KV=0.80
  [rfly_replan t=29.9 big=0] gbest=623.3 | EKR=1.16 EKV=0.55 EBANK=0.60 ADEC=1.50 TLD=0.25 KDIV=0.44 KVN=1.27 IGN=1.05 TGL=0.03 KV=0.80
  [rfly_replan t=39.9 big=0] gbest=623.3 | EKR=1.16 EKV=0.55 EBANK=0.60 ADEC=1.50 TLD=0.25 KDIV=0.44 KVN=1.27 IGN=1.05 TGL=0.03 KV=0.80
  [rfly_replan t=49.9 big=0] gbest=623.3 | EKR=1.16 EKV=0.55 EBANK=0.60 ADEC=1.50 TLD=0.25 KDIV=0.44 KVN=1.27 IGN=1.05 TGL=0.03 KV=0.80
  [rfly_replan t=59.9 big=0] gbest=597.0 | EKR=0.89 EKV=0.54 EBANK=0.60 ADEC=1.23 TLD=0.34 KDIV=0.40 KVN=1.08 IGN=1.08 TGL=0.00 KV=1.06
  [rfly_replan t=69.9 big=0] gbest=581.0 | EKR=0.79 EKV=0.31 EBANK=0.60 ADEC=1.20 TLD=0.27 KDIV=0.40 KVN=1.10 IGN=1.11 TGL=0.00 KV=1.24
  [rfly_replan t=79.9 big=0] gbest=571.0 | EKR=0.53 EKV=0.51 EBANK=0.69 ADEC=1.33 TLD=0.55 KDIV=0.51 KVN=0.91 IGN=1.32 TGL=0.03 KV=1.38
  [rfly_replan t=89.9 big=0] gbest=571.0 | EKR=0.53 EKV=0.51 EBANK=0.69 ADEC=1.33 TLD=0.55 KDIV=0.51 KVN=0.91 IGN=1.32 TGL=0.03 KV=1.38
  [rfly_replan t=100.0 big=0] gbest=383.9 | EKR=0.43 EKV=0.58 EBANK=0.60 ADEC=1.29 TLD=0.52 KDIV=0.48 KVN=0.84 IGN=1.44 TGL=0.08 KV=1.42
  [rfly_replan t=110.0 big=0] gbest=390.4 | EKR=0.43 EKV=0.58 EBANK=0.60 ADEC=1.29 TLD=0.52 KDIV=0.48 KVN=0.84 IGN=1.44 TGL=0.08 KV=1.42
  [rfly_replan t=120.0 big=0] gbest=377.2 | EKR=0.31 EKV=0.67 EBANK=0.61 ADEC=1.29 TLD=0.49 KDIV=0.44 KVN=0.79 IGN=1.41 TGL=0.30 KV=1.44
  [imu] reference LOST t=125.65 float=x gimbal rates o/m/i = -90/1/2 deg/s (limit 90) MGA=-7.3
  [rfly_replan t=130.0 big=0] gbest=377.2 | EKR=0.31 EKV=0.67 EBANK=0.61 ADEC=1.29 TLD=0.49 KDIV=0.44 KVN=0.79 IGN=1.41 TGL=0.30 KV=1.44
  [rfly_replan t=0.0 big=1] gbest=597.2 | EKR=1.77 EKV=2.04 EBANK=1.61 ADEC=1.26 TLD=2.38 KDIV=0.61 KVN=0.50 IGN=1.42 TGL=0.01 KV=1.10
  [rfly_replan t=10.0 big=0] gbest=436.0 | EKR=1.74 EKV=1.88 EBANK=1.70 ADEC=1.41 TLD=2.55 KDIV=0.65 KVN=0.50 IGN=1.72 TGL=0.08 KV=1.21
  [rfly_replan t=11.6 big=0] gbest=981.6 | EKR=1.77 EKV=1.81 EBANK=1.65 ADEC=1.44 TLD=2.72 KDIV=0.78 KVN=0.53 IGN=1.78 TGL=0.07 KV=1.23
  [rfly_replan t=21.6 big=0] gbest=953.6 | EKR=1.86 EKV=1.66 EBANK=1.66 ADEC=1.63 TLD=2.90 KDIV=0.68 KVN=0.55 IGN=1.37 TGL=0.00 KV=1.11
  [rfly_replan t=31.6 big=0] gbest=888.5 | EKR=1.64 EKV=1.52 EBANK=1.89 ADEC=1.55 TLD=2.84 KDIV=0.80 KVN=0.50 IGN=1.13 TGL=0.00 KV=1.20
  [rfly_replan t=32.0 big=0] gbest=888.5 | EKR=1.64 EKV=1.52 EBANK=1.89 ADEC=1.55 TLD=2.84 KDIV=0.80 KVN=0.50 IGN=1.13 TGL=0.00 KV=1.20
  [rfly_replan t=42.0 big=0] gbest=888.5 | EKR=1.64 EKV=1.52 EBANK=1.89 ADEC=1.55 TLD=2.84 KDIV=0.80 KVN=0.50 IGN=1.13 TGL=0.00 KV=1.20
  [rfly_replan t=52.0 big=0] gbest=888.5 | EKR=1.64 EKV=1.52 EBANK=1.89 ADEC=1.55 TLD=2.84 KDIV=0.80 KVN=0.50 IGN=1.13 TGL=0.00 KV=1.20
  [rfly_replan t=62.0 big=0] gbest=888.5 | EKR=1.64 EKV=1.52 EBANK=1.89 ADEC=1.55 TLD=2.84 KDIV=0.80 KVN=0.50 IGN=1.13 TGL=0.00 KV=1.20
  [rfly_replan t=72.0 big=0] gbest=888.5 | EKR=1.64 EKV=1.52 EBANK=1.89 ADEC=1.55 TLD=2.84 KDIV=0.80 KVN=0.50 IGN=1.13 TGL=0.00 KV=1.20
  [rfly_replan t=82.1 big=0] gbest=888.5 | EKR=1.64 EKV=1.52 EBANK=1.89 ADEC=1.55 TLD=2.84 KDIV=0.80 KVN=0.50 IGN=1.13 TGL=0.00 KV=1.20
  [rfly_replan t=92.1 big=0] gbest=888.5 | EKR=1.64 EKV=1.52 EBANK=1.89 ADEC=1.55 TLD=2.84 KDIV=0.80 KVN=0.50 IGN=1.13 TGL=0.00 KV=1.20
  [rfly_replan t=102.1 big=0] gbest=888.8 | EKR=1.64 EKV=1.52 EBANK=1.89 ADEC=1.55 TLD=2.84 KDIV=0.80 KVN=0.50 IGN=1.13 TGL=0.00 KV=1.20
  [rfly_replan t=112.1 big=0] gbest=796.4 | EKR=1.63 EKV=1.48 EBANK=1.94 ADEC=1.59 TLD=2.87 KDIV=0.72 KVN=0.51 IGN=1.28 TGL=0.00 KV=1.16
  [imu] reference LOST t=116.66 float=x gimbal rates o/m/i = -90/6/-1 deg/s (limit 90) MGA=0.7
  [rfly_replan t=122.1 big=0] gbest=796.4 | EKR=1.63 EKV=1.48 EBANK=1.94 ADEC=1.59 TLD=2.87 KDIV=0.72 KVN=0.51 IGN=1.28 TGL=0.00 KV=1.16
  [rfly_replan t=132.1 big=0] gbest=796.4 | EKR=1.63 EKV=1.48 EBANK=1.94 ADEC=1.59 TLD=2.87 KDIV=0.72 KVN=0.51 IGN=1.28 TGL=0.00 KV=1.16
  [rfly_replan t=0.0 big=1] gbest=243.3 | EKR=1.62 EKV=1.82 EBANK=0.60 ADEC=0.96 TLD=1.77 KDIV=0.56 KVN=0.52 IGN=1.23 TGL=0.00 KV=1.17
  [rfly_replan t=6.2 big=0] gbest=1621.7 | EKR=1.43 EKV=2.05 EBANK=0.68 ADEC=0.80 TLD=2.01 KDIV=0.58 KVN=0.50 IGN=0.80 TGL=0.15 KV=1.25
  [rfly_replan t=16.2 big=0] gbest=1344.3 | EKR=1.29 EKV=2.10 EBANK=0.72 ADEC=0.86 TLD=2.15 KDIV=0.59 KVN=0.54 IGN=0.86 TGL=0.00 KV=1.26
  [rfly_replan t=26.3 big=0] gbest=846.7 | EKR=1.14 EKV=1.94 EBANK=0.67 ADEC=0.79 TLD=2.12 KDIV=0.63 KVN=0.50 IGN=1.28 TGL=0.21 KV=1.38
  [rfly_replan t=33.1 big=0] gbest=787.9 | EKR=1.33 EKV=1.92 EBANK=0.60 ADEC=0.81 TLD=2.26 KDIV=0.99 KVN=0.68 IGN=1.34 TGL=0.22 KV=1.26
  [rfly_replan t=43.1 big=0] gbest=787.9 | EKR=1.33 EKV=1.92 EBANK=0.60 ADEC=0.81 TLD=2.26 KDIV=0.99 KVN=0.68 IGN=1.34 TGL=0.22 KV=1.26
  [rfly_replan t=53.1 big=0] gbest=787.9 | EKR=1.33 EKV=1.92 EBANK=0.60 ADEC=0.81 TLD=2.26 KDIV=0.99 KVN=0.68 IGN=1.34 TGL=0.22 KV=1.26
  [rfly_replan t=63.1 big=0] gbest=787.9 | EKR=1.33 EKV=1.92 EBANK=0.60 ADEC=0.81 TLD=2.26 KDIV=0.99 KVN=0.68 IGN=1.34 TGL=0.22 KV=1.26
  [rfly_replan t=73.1 big=0] gbest=787.9 | EKR=1.33 EKV=1.92 EBANK=0.60 ADEC=0.81 TLD=2.26 KDIV=0.99 KVN=0.68 IGN=1.34 TGL=0.22 KV=1.26
  [rfly_replan t=83.2 big=0] gbest=787.9 | EKR=1.33 EKV=1.92 EBANK=0.60 ADEC=0.81 TLD=2.26 KDIV=0.99 KVN=0.68 IGN=1.34 TGL=0.22 KV=1.26
  [rfly_replan t=93.2 big=0] gbest=734.1 | EKR=1.12 EKV=2.08 EBANK=0.61 ADEC=0.80 TLD=2.33 KDIV=1.00 KVN=0.57 IGN=1.22 TGL=0.17 KV=1.25
  [rfly_replan t=103.2 big=0] gbest=705.1 | EKR=0.97 EKV=2.07 EBANK=0.60 ADEC=0.70 TLD=2.10 KDIV=0.98 KVN=0.50 IGN=0.91 TGL=0.00 KV=1.52
  [imu] reference LOST t=112.36 float=x gimbal rates o/m/i = -90/-4/-1 deg/s (limit 90) MGA=5.7
  [rfly_replan t=113.2 big=0] gbest=696.0 | EKR=0.77 EKV=2.31 EBANK=0.66 ADEC=0.84 TLD=2.35 KDIV=0.77 KVN=0.67 IGN=0.59 TGL=0.16 KV=1.37
  [rfly_replan t=0.0 big=1] gbest=449.7 | EKR=1.43 EKV=0.79 EBANK=0.83 ADEC=0.81 TLD=0.38 KDIV=1.16 KVN=1.93 IGN=0.46 TGL=0.12 KV=1.06
  [rfly_replan t=10.0 big=0] gbest=449.7 | EKR=1.43 EKV=0.79 EBANK=0.83 ADEC=0.81 TLD=0.38 KDIV=1.16 KVN=1.93 IGN=0.46 TGL=0.12 KV=1.06
  [rfly_replan t=14.9 big=0] gbest=1208.6 | EKR=1.58 EKV=0.73 EBANK=0.92 ADEC=0.96 TLD=0.29 KDIV=1.22 KVN=1.75 IGN=0.62 TGL=0.22 KV=1.17
  [rfly_replan t=24.9 big=0] gbest=1208.6 | EKR=1.58 EKV=0.73 EBANK=0.92 ADEC=0.96 TLD=0.29 KDIV=1.22 KVN=1.75 IGN=0.62 TGL=0.22 KV=1.17
  [rfly_replan t=32.7 big=0] gbest=1208.6 | EKR=1.58 EKV=0.73 EBANK=0.92 ADEC=0.96 TLD=0.29 KDIV=1.22 KVN=1.75 IGN=0.62 TGL=0.22 KV=1.17
  [rfly_replan t=42.7 big=0] gbest=1119.9 | EKR=1.73 EKV=0.84 EBANK=0.87 ADEC=0.95 TLD=0.33 KDIV=1.29 KVN=1.75 IGN=0.58 TGL=0.09 KV=1.38
  [rfly_replan t=52.7 big=0] gbest=524.1 | EKR=1.47 EKV=0.85 EBANK=0.88 ADEC=0.93 TLD=0.29 KDIV=1.20 KVN=1.69 IGN=0.61 TGL=0.09 KV=1.20
  [rfly_replan t=62.7 big=0] gbest=524.1 | EKR=1.47 EKV=0.85 EBANK=0.88 ADEC=0.93 TLD=0.29 KDIV=1.20 KVN=1.69 IGN=0.61 TGL=0.09 KV=1.20
  [rfly_replan t=72.8 big=0] gbest=524.1 | EKR=1.47 EKV=0.85 EBANK=0.88 ADEC=0.93 TLD=0.29 KDIV=1.20 KVN=1.69 IGN=0.61 TGL=0.09 KV=1.20
  [rfly_replan t=82.8 big=0] gbest=524.1 | EKR=1.47 EKV=0.85 EBANK=0.88 ADEC=0.93 TLD=0.29 KDIV=1.20 KVN=1.69 IGN=0.61 TGL=0.09 KV=1.20
  [rfly_replan t=92.8 big=0] gbest=524.1 | EKR=1.47 EKV=0.85 EBANK=0.88 ADEC=0.93 TLD=0.29 KDIV=1.20 KVN=1.69 IGN=0.61 TGL=0.09 KV=1.20
  [rfly_replan t=102.8 big=0] gbest=453.4 | EKR=1.45 EKV=0.67 EBANK=0.77 ADEC=0.92 TLD=0.31 KDIV=1.26 KVN=1.48 IGN=0.57 TGL=0.04 KV=1.07
  [rfly_replan t=112.8 big=0] gbest=364.8 | EKR=1.68 EKV=0.51 EBANK=0.91 ADEC=1.00 TLD=0.40 KDIV=1.41 KVN=1.41 IGN=0.58 TGL=0.08 KV=1.02
  [rfly_replan t=122.9 big=0] gbest=364.8 | EKR=1.68 EKV=0.51 EBANK=0.91 ADEC=1.00 TLD=0.40 KDIV=1.41 KVN=1.41 IGN=0.58 TGL=0.08 KV=1.02
  [imu] reference LOST t=129.74 float=x gimbal rates o/m/i = 90/5/1 deg/s (limit 90) MGA=-2.1
  [rfly_replan t=132.9 big=0] gbest=359.9 | EKR=1.98 EKV=0.71 EBANK=1.07 ADEC=1.06 TLD=0.85 KDIV=1.25 KVN=1.59 IGN=0.48 TGL=0.00 KV=0.91
  [rfly_replan t=0.0 big=1] gbest=578.1 | EKR=0.98 EKV=1.65 EBANK=1.59 ADEC=1.46 TLD=0.78 KDIV=0.50 KVN=1.22 IGN=0.40 TGL=0.00 KV=1.32
  [rfly_replan t=9.5 big=0] gbest=919.7 | EKR=0.69 EKV=0.69 EBANK=1.61 ADEC=1.33 TLD=0.87 KDIV=0.40 KVN=1.49 IGN=0.41 TGL=0.00 KV=1.16
  [rfly_replan t=19.5 big=0] gbest=729.0 | EKR=0.98 EKV=0.91 EBANK=1.22 ADEC=1.33 TLD=0.95 KDIV=0.40 KVN=1.55 IGN=0.40 TGL=0.00 KV=1.12
  [rfly_replan t=29.6 big=0] gbest=579.1 | EKR=1.12 EKV=1.12 EBANK=1.15 ADEC=1.41 TLD=0.70 KDIV=0.40 KVN=1.64 IGN=0.54 TGL=0.08 KV=0.89
  [rfly_replan t=31.1 big=0] gbest=579.1 | EKR=1.12 EKV=1.12 EBANK=1.15 ADEC=1.41 TLD=0.70 KDIV=0.40 KVN=1.64 IGN=0.54 TGL=0.08 KV=0.89
  [rfly_replan t=41.1 big=0] gbest=487.7 | EKR=0.92 EKV=1.07 EBANK=1.17 ADEC=1.39 TLD=0.70 KDIV=0.40 KVN=1.53 IGN=0.58 TGL=0.00 KV=0.89
  [rfly_replan t=51.1 big=0] gbest=487.7 | EKR=0.92 EKV=1.07 EBANK=1.17 ADEC=1.39 TLD=0.70 KDIV=0.40 KVN=1.53 IGN=0.58 TGL=0.00 KV=0.89
  [rfly_replan t=61.1 big=0] gbest=487.7 | EKR=0.92 EKV=1.07 EBANK=1.17 ADEC=1.39 TLD=0.70 KDIV=0.40 KVN=1.53 IGN=0.58 TGL=0.00 KV=0.89
  [rfly_replan t=71.2 big=0] gbest=487.7 | EKR=0.92 EKV=1.07 EBANK=1.17 ADEC=1.39 TLD=0.70 KDIV=0.40 KVN=1.53 IGN=0.58 TGL=0.00 KV=0.89
  [rfly_replan t=81.2 big=0] gbest=487.7 | EKR=0.92 EKV=1.07 EBANK=1.17 ADEC=1.39 TLD=0.70 KDIV=0.40 KVN=1.53 IGN=0.58 TGL=0.00 KV=0.89
  [rfly_replan t=91.2 big=0] gbest=487.7 | EKR=0.92 EKV=1.07 EBANK=1.17 ADEC=1.39 TLD=0.70 KDIV=0.40 KVN=1.53 IGN=0.58 TGL=0.00 KV=0.89
  [imu] reference LOST t=98.40 float=x gimbal rates o/m/i = -90/0/-7 deg/s (limit 90) MGA=8.6
  [rfly_replan t=101.2 big=0] gbest=477.4 | EKR=0.43 EKV=0.96 EBANK=0.60 ADEC=1.55 TLD=0.85 KDIV=0.40 KVN=1.42 IGN=0.73 TGL=0.00 KV=1.18
  [rfly_replan t=0.0 big=1] gbest=899.8 | EKR=2.08 EKV=0.98 EBANK=0.62 ADEC=1.63 TLD=0.53 KDIV=0.43 KVN=0.53 IGN=0.40 TGL=0.00 KV=0.50
  [rfly_replan t=4.2 big=0] gbest=22956.3 | EKR=1.99 EKV=1.08 EBANK=0.82 ADEC=1.60 TLD=0.63 KDIV=0.40 KVN=0.76 IGN=0.43 TGL=0.00 KV=0.55
  [rfly_replan t=14.2 big=0] gbest=22956.3 | EKR=1.99 EKV=1.08 EBANK=0.82 ADEC=1.60 TLD=0.63 KDIV=0.40 KVN=0.76 IGN=0.43 TGL=0.00 KV=0.55
  [rfly_replan t=24.2 big=0] gbest=20911.3 | EKR=1.51 EKV=1.31 EBANK=0.83 ADEC=1.60 TLD=0.53 KDIV=0.40 KVN=0.90 IGN=0.84 TGL=0.12 KV=0.68
  [rfly_replan t=34.2 big=0] gbest=20025.0 | EKR=1.54 EKV=0.95 EBANK=0.81 ADEC=1.70 TLD=0.51 KDIV=0.44 KVN=0.86 IGN=0.83 TGL=0.10 KV=0.74
  [rfly_replan t=35.1 big=0] gbest=19148.6 | EKR=1.19 EKV=1.21 EBANK=0.82 ADEC=1.78 TLD=0.32 KDIV=0.47 KVN=0.83 IGN=0.80 TGL=0.00 KV=0.74
  [rfly_replan t=45.1 big=0] gbest=18760.8 | EKR=1.26 EKV=1.12 EBANK=1.14 ADEC=1.82 TLD=0.25 KDIV=0.46 KVN=0.80 IGN=0.82 TGL=0.00 KV=0.92
  [rfly_replan t=55.1 big=0] gbest=18363.1 | EKR=1.28 EKV=1.07 EBANK=1.45 ADEC=1.84 TLD=0.25 KDIV=0.47 KVN=0.70 IGN=1.01 TGL=0.00 KV=1.16
  [rfly_replan t=65.1 big=0] gbest=18018.4 | EKR=1.43 EKV=1.16 EBANK=1.61 ADEC=1.81 TLD=0.26 KDIV=0.50 KVN=0.70 IGN=0.99 TGL=0.04 KV=1.27
  [rfly_replan t=75.1 big=0] gbest=15987.9 | EKR=0.74 EKV=0.96 EBANK=1.62 ADEC=2.36 TLD=0.27 KDIV=0.53 KVN=0.71 IGN=1.12 TGL=0.01 KV=1.44
  [rfly_replan t=85.2 big=0] gbest=15081.7 | EKR=0.45 EKV=0.90 EBANK=1.87 ADEC=2.45 TLD=0.29 KDIV=0.53 KVN=0.71 IGN=1.28 TGL=0.03 KV=1.39
  [rfly_replan t=95.2 big=0] gbest=15081.7 | EKR=0.45 EKV=0.90 EBANK=1.87 ADEC=2.45 TLD=0.29 KDIV=0.53 KVN=0.71 IGN=1.28 TGL=0.03 KV=1.39
  [rfly_replan t=105.2 big=0] gbest=14617.8 | EKR=0.42 EKV=1.30 EBANK=2.02 ADEC=2.41 TLD=0.29 KDIV=0.40 KVN=0.89 IGN=1.03 TGL=0.00 KV=1.63
  [rfly_replan t=115.2 big=0] gbest=14607.7 | EKR=0.82 EKV=1.14 EBANK=1.77 ADEC=2.50 TLD=0.26 KDIV=0.40 KVN=0.67 IGN=1.54 TGL=0.28 KV=1.45
  [rfly_replan t=0.0 big=1] gbest=690.2 | EKR=0.30 EKV=0.36 EBANK=0.71 ADEC=1.13 TLD=1.39 KDIV=1.29 KVN=1.33 IGN=1.39 TGL=0.00 KV=1.46
  [rfly_replan t=10.0 big=0] gbest=690.2 | EKR=0.30 EKV=0.36 EBANK=0.71 ADEC=1.13 TLD=1.39 KDIV=1.29 KVN=1.33 IGN=1.39 TGL=0.00 KV=1.46
  [rfly_replan t=12.8 big=0] gbest=52080.1 | EKR=0.44 EKV=0.58 EBANK=0.65 ADEC=0.97 TLD=1.17 KDIV=1.36 KVN=1.37 IGN=1.44 TGL=0.00 KV=1.67
  [rfly_replan t=22.9 big=0] gbest=9995.5 | EKR=0.75 EKV=0.41 EBANK=0.61 ADEC=0.81 TLD=0.98 KDIV=1.02 KVN=1.48 IGN=1.13 TGL=0.17 KV=1.57
  [rfly_replan t=32.9 big=0] gbest=7514.8 | EKR=0.81 EKV=0.30 EBANK=1.02 ADEC=0.80 TLD=1.05 KDIV=0.87 KVN=1.45 IGN=1.47 TGL=0.41 KV=1.68
  [rfly_replan t=33.1 big=0] gbest=4937.4 | EKR=0.51 EKV=0.31 EBANK=1.10 ADEC=0.96 TLD=1.28 KDIV=0.64 KVN=1.28 IGN=1.91 TGL=0.46 KV=1.77
  [rfly_replan t=43.1 big=0] gbest=668.1 | EKR=0.55 EKV=0.31 EBANK=1.13 ADEC=1.08 TLD=1.30 KDIV=0.62 KVN=1.30 IGN=2.01 TGL=0.40 KV=1.75
  [rfly_replan t=53.1 big=0] gbest=668.1 | EKR=0.55 EKV=0.31 EBANK=1.13 ADEC=1.08 TLD=1.30 KDIV=0.62 KVN=1.30 IGN=2.01 TGL=0.40 KV=1.75
  [rfly_replan t=63.1 big=0] gbest=664.9 | EKR=0.31 EKV=0.32 EBANK=1.10 ADEC=1.08 TLD=1.24 KDIV=0.63 KVN=1.20 IGN=2.04 TGL=0.28 KV=1.78
  [rfly_replan t=73.1 big=0] gbest=664.9 | EKR=0.31 EKV=0.32 EBANK=1.10 ADEC=1.08 TLD=1.24 KDIV=0.63 KVN=1.20 IGN=2.04 TGL=0.28 KV=1.78
  [rfly_replan t=83.2 big=0] gbest=515.4 | EKR=0.70 EKV=0.30 EBANK=0.98 ADEC=1.26 TLD=1.22 KDIV=0.62 KVN=1.01 IGN=1.84 TGL=0.31 KV=1.78
  [rfly_replan t=93.2 big=0] gbest=515.4 | EKR=0.70 EKV=0.30 EBANK=0.98 ADEC=1.26 TLD=1.22 KDIV=0.62 KVN=1.01 IGN=1.84 TGL=0.31 KV=1.78
  [rfly_replan t=103.2 big=0] gbest=515.4 | EKR=0.70 EKV=0.30 EBANK=0.98 ADEC=1.26 TLD=1.22 KDIV=0.62 KVN=1.01 IGN=1.84 TGL=0.31 KV=1.78
  [rfly_replan t=113.2 big=0] gbest=515.4 | EKR=0.70 EKV=0.30 EBANK=0.98 ADEC=1.26 TLD=1.22 KDIV=0.62 KVN=1.01 IGN=1.84 TGL=0.31 KV=1.78
  [rfly_replan t=123.2 big=0] gbest=452.3 | EKR=0.55 EKV=0.50 EBANK=0.98 ADEC=1.27 TLD=1.22 KDIV=0.62 KVN=0.92 IGN=1.29 TGL=0.27 KV=1.89
  [rfly_replan t=133.2 big=0] gbest=436.8 | EKR=0.62 EKV=0.52 EBANK=1.00 ADEC=1.14 TLD=1.14 KDIV=0.63 KVN=0.75 IGN=0.84 TGL=0.06 KV=1.78
  [imu] reference LOST t=133.84 float=x gimbal rates o/m/i = -90/3/2 deg/s (limit 90) MGA=-1.6
  [rfly_replan t=0.0 big=1] gbest=511.9 | EKR=0.67 EKV=1.01 EBANK=1.08 ADEC=1.18 TLD=1.59 KDIV=1.01 KVN=1.04 IGN=0.58 TGL=0.41 KV=0.99
  [rfly_replan t=7.5 big=0] gbest=1583.5 | EKR=0.45 EKV=0.78 EBANK=1.04 ADEC=1.23 TLD=1.69 KDIV=1.18 KVN=1.04 IGN=0.41 TGL=0.34 KV=0.98
  [rfly_replan t=17.5 big=0] gbest=583.0 | EKR=0.31 EKV=0.52 EBANK=1.20 ADEC=1.18 TLD=1.73 KDIV=1.21 KVN=1.20 IGN=0.40 TGL=0.32 KV=0.97
  [rfly_replan t=27.5 big=0] gbest=448.8 | EKR=0.58 EKV=0.64 EBANK=0.95 ADEC=1.28 TLD=1.48 KDIV=1.08 KVN=1.00 IGN=0.62 TGL=0.18 KV=0.71
  [rfly_replan t=32.4 big=0] gbest=423.9 | EKR=0.61 EKV=0.61 EBANK=1.08 ADEC=1.29 TLD=1.57 KDIV=1.00 KVN=0.82 IGN=0.81 TGL=0.00 KV=0.56
  [rfly_replan t=42.4 big=0] gbest=423.9 | EKR=0.61 EKV=0.61 EBANK=1.08 ADEC=1.29 TLD=1.57 KDIV=1.00 KVN=0.82 IGN=0.81 TGL=0.00 KV=0.56
  [rfly_replan t=52.4 big=0] gbest=423.9 | EKR=0.61 EKV=0.61 EBANK=1.08 ADEC=1.29 TLD=1.57 KDIV=1.00 KVN=0.82 IGN=0.81 TGL=0.00 KV=0.56
  [rfly_replan t=62.4 big=0] gbest=423.9 | EKR=0.61 EKV=0.61 EBANK=1.08 ADEC=1.29 TLD=1.57 KDIV=1.00 KVN=0.82 IGN=0.81 TGL=0.00 KV=0.56
  [rfly_replan t=72.4 big=0] gbest=423.9 | EKR=0.61 EKV=0.61 EBANK=1.08 ADEC=1.29 TLD=1.57 KDIV=1.00 KVN=0.82 IGN=0.81 TGL=0.00 KV=0.56
  [rfly_replan t=82.5 big=0] gbest=423.9 | EKR=0.61 EKV=0.61 EBANK=1.08 ADEC=1.29 TLD=1.57 KDIV=1.00 KVN=0.82 IGN=0.81 TGL=0.00 KV=0.56
  [rfly_replan t=92.5 big=0] gbest=254.0 | EKR=0.43 EKV=1.02 EBANK=0.98 ADEC=1.31 TLD=1.79 KDIV=0.64 KVN=0.80 IGN=0.90 TGL=0.00 KV=0.50
  [rfly_replan t=102.5 big=0] gbest=254.0 | EKR=0.43 EKV=1.02 EBANK=0.98 ADEC=1.31 TLD=1.79 KDIV=0.64 KVN=0.80 IGN=0.90 TGL=0.00 KV=0.50
  [rfly_replan t=112.5 big=0] gbest=254.0 | EKR=0.43 EKV=1.02 EBANK=0.98 ADEC=1.31 TLD=1.79 KDIV=0.64 KVN=0.80 IGN=0.90 TGL=0.00 KV=0.50
  [rfly_replan t=0.0 big=1] gbest=272.2 | EKR=0.77 EKV=0.44 EBANK=0.69 ADEC=0.50 TLD=0.70 KDIV=0.73 KVN=0.50 IGN=1.77 TGL=0.00 KV=0.96
  [rfly_replan t=10.0 big=0] gbest=224.9 | EKR=1.15 EKV=0.60 EBANK=0.65 ADEC=0.54 TLD=0.70 KDIV=0.73 KVN=0.57 IGN=2.02 TGL=0.00 KV=0.94
  [rfly_replan t=16.2 big=0] gbest=5951.6 | EKR=1.46 EKV=0.76 EBANK=0.63 ADEC=0.65 TLD=0.85 KDIV=0.60 KVN=0.70 IGN=2.37 TGL=0.00 KV=1.07
  [rfly_replan t=26.2 big=0] gbest=980.9 | EKR=1.34 EKV=0.55 EBANK=0.79 ADEC=0.82 TLD=0.75 KDIV=0.60 KVN=0.52 IGN=2.82 TGL=0.00 KV=1.02
  [rfly_replan t=28.0 big=0] gbest=694.3 | EKR=1.16 EKV=0.60 EBANK=0.78 ADEC=0.76 TLD=0.94 KDIV=0.61 KVN=0.50 IGN=2.83 TGL=0.01 KV=1.01
  [rfly_replan t=38.0 big=0] gbest=484.0 | EKR=1.49 EKV=0.54 EBANK=0.98 ADEC=0.66 TLD=0.75 KDIV=0.43 KVN=0.50 IGN=2.65 TGL=0.05 KV=0.84
  [rfly_replan t=48.0 big=0] gbest=484.0 | EKR=1.49 EKV=0.54 EBANK=0.98 ADEC=0.66 TLD=0.75 KDIV=0.43 KVN=0.50 IGN=2.65 TGL=0.05 KV=0.84
  [rfly_replan t=58.0 big=0] gbest=484.0 | EKR=1.49 EKV=0.54 EBANK=0.98 ADEC=0.66 TLD=0.75 KDIV=0.43 KVN=0.50 IGN=2.65 TGL=0.05 KV=0.84
  [rfly_replan t=68.1 big=0] gbest=484.0 | EKR=1.49 EKV=0.54 EBANK=0.98 ADEC=0.66 TLD=0.75 KDIV=0.43 KVN=0.50 IGN=2.65 TGL=0.05 KV=0.84
  [rfly_replan t=78.1 big=0] gbest=484.0 | EKR=1.49 EKV=0.54 EBANK=0.98 ADEC=0.66 TLD=0.75 KDIV=0.43 KVN=0.50 IGN=2.65 TGL=0.05 KV=0.84
  [rfly_replan t=88.1 big=0] gbest=448.7 | EKR=1.35 EKV=0.59 EBANK=0.91 ADEC=0.65 TLD=0.67 KDIV=0.44 KVN=0.50 IGN=2.59 TGL=0.26 KV=0.85
  [rfly_replan t=98.1 big=0] gbest=448.7 | EKR=1.35 EKV=0.59 EBANK=0.91 ADEC=0.65 TLD=0.67 KDIV=0.44 KVN=0.50 IGN=2.59 TGL=0.26 KV=0.85
  [imu] reference LOST t=106.08 float=x gimbal rates o/m/i = -90/-6/-2 deg/s (limit 90) MGA=-0.3
  [rfly_replan t=108.1 big=0] gbest=438.9 | EKR=1.06 EKV=0.58 EBANK=0.70 ADEC=0.67 TLD=0.95 KDIV=0.45 KVN=0.56 IGN=2.56 TGL=0.41 KV=1.06
  [rfly_replan t=118.2 big=0] gbest=438.9 | EKR=1.06 EKV=0.58 EBANK=0.70 ADEC=0.67 TLD=0.95 KDIV=0.45 KVN=0.56 IGN=2.56 TGL=0.41 KV=1.06
  [rfly_replan t=0.0 big=1] gbest=816.6 | EKR=0.98 EKV=1.65 EBANK=1.59 ADEC=1.46 TLD=0.78 KDIV=0.50 KVN=1.22 IGN=0.40 TGL=0.00 KV=1.32
  [rfly_replan t=10.0 big=0] gbest=664.7 | EKR=0.91 EKV=1.36 EBANK=1.61 ADEC=1.52 TLD=1.06 KDIV=0.55 KVN=1.21 IGN=0.86 TGL=0.08 KV=1.47
  [rfly_replan t=10.8 big=0] gbest=1154.1 | EKR=1.26 EKV=1.68 EBANK=1.44 ADEC=1.48 TLD=1.53 KDIV=0.73 KVN=1.30 IGN=0.80 TGL=0.00 KV=1.67
  [rfly_replan t=20.8 big=0] gbest=1154.1 | EKR=1.26 EKV=1.68 EBANK=1.44 ADEC=1.48 TLD=1.53 KDIV=0.73 KVN=1.30 IGN=0.80 TGL=0.00 KV=1.67
  [rfly_replan t=30.8 big=0] gbest=1053.5 | EKR=1.48 EKV=1.84 EBANK=1.47 ADEC=1.33 TLD=1.25 KDIV=0.77 KVN=1.18 IGN=0.64 TGL=0.00 KV=1.69
  [rfly_replan t=34.7 big=0] gbest=960.6 | EKR=1.18 EKV=1.64 EBANK=1.55 ADEC=1.21 TLD=1.08 KDIV=0.69 KVN=1.07 IGN=0.56 TGL=0.17 KV=1.56
  [rfly_replan t=44.7 big=0] gbest=960.6 | EKR=1.18 EKV=1.64 EBANK=1.55 ADEC=1.21 TLD=1.08 KDIV=0.69 KVN=1.07 IGN=0.56 TGL=0.17 KV=1.56
  [rfly_replan t=54.7 big=0] gbest=960.6 | EKR=1.18 EKV=1.64 EBANK=1.55 ADEC=1.21 TLD=1.08 KDIV=0.69 KVN=1.07 IGN=0.56 TGL=0.17 KV=1.56
  [rfly_replan t=64.7 big=0] gbest=263.4 | EKR=0.99 EKV=1.42 EBANK=1.30 ADEC=1.44 TLD=0.74 KDIV=0.42 KVN=1.00 IGN=0.66 TGL=0.30 KV=1.46
  [rfly_replan t=74.8 big=0] gbest=263.4 | EKR=0.99 EKV=1.42 EBANK=1.30 ADEC=1.44 TLD=0.74 KDIV=0.42 KVN=1.00 IGN=0.66 TGL=0.30 KV=1.46
  [rfly_replan t=84.8 big=0] gbest=263.4 | EKR=0.99 EKV=1.42 EBANK=1.30 ADEC=1.44 TLD=0.74 KDIV=0.42 KVN=1.00 IGN=0.66 TGL=0.30 KV=1.46
  [rfly_replan t=94.8 big=0] gbest=215.0 | EKR=1.37 EKV=2.12 EBANK=1.09 ADEC=1.44 TLD=0.70 KDIV=0.40 KVN=0.92 IGN=0.40 TGL=0.49 KV=1.72
  [rfly_replan t=104.8 big=0] gbest=204.9 | EKR=1.22 EKV=2.02 EBANK=1.19 ADEC=1.46 TLD=0.73 KDIV=0.40 KVN=0.86 IGN=0.64 TGL=0.49 KV=1.65
  [rfly_replan t=114.8 big=0] gbest=204.6 | EKR=1.22 EKV=2.02 EBANK=1.19 ADEC=1.46 TLD=0.73 KDIV=0.40 KVN=0.86 IGN=0.64 TGL=0.49 KV=1.65
  [rfly_replan t=124.9 big=0] gbest=199.5 | EKR=1.28 EKV=2.18 EBANK=1.27 ADEC=1.51 TLD=0.76 KDIV=0.40 KVN=0.85 IGN=0.52 TGL=0.60 KV=1.62
  [imu] reference LOST t=132.44 float=x gimbal rates o/m/i = -90/-1/5 deg/s (limit 90) MGA=-2.9
  [rfly_replan t=134.9 big=0] gbest=199.5 | EKR=1.28 EKV=2.18 EBANK=1.27 ADEC=1.51 TLD=0.76 KDIV=0.40 KVN=0.85 IGN=0.52 TGL=0.60 KV=1.62
  [rfly_replan t=0.0 big=1] gbest=545.9 | EKR=1.83 EKV=0.86 EBANK=1.34 ADEC=1.00 TLD=1.27 KDIV=1.83 KVN=0.50 IGN=0.63 TGL=0.29 KV=1.53
  [rfly_replan t=5.5 big=0] gbest=1110.8 | EKR=1.54 EKV=1.04 EBANK=1.48 ADEC=1.12 TLD=1.05 KDIV=1.58 KVN=0.51 IGN=0.91 TGL=0.20 KV=1.37
  [rfly_replan t=15.5 big=0] gbest=1110.8 | EKR=1.54 EKV=1.04 EBANK=1.48 ADEC=1.12 TLD=1.05 KDIV=1.58 KVN=0.51 IGN=0.91 TGL=0.20 KV=1.37
  [rfly_replan t=25.5 big=0] gbest=448.8 | EKR=1.72 EKV=1.09 EBANK=1.46 ADEC=1.12 TLD=1.10 KDIV=1.52 KVN=0.50 IGN=1.28 TGL=0.22 KV=1.29
  [rfly_replan t=31.2 big=0] gbest=448.8 | EKR=1.72 EKV=1.09 EBANK=1.46 ADEC=1.12 TLD=1.10 KDIV=1.52 KVN=0.50 IGN=1.28 TGL=0.22 KV=1.29
  [rfly_replan t=41.2 big=0] gbest=412.4 | EKR=1.67 EKV=0.82 EBANK=1.46 ADEC=1.11 TLD=1.00 KDIV=1.43 KVN=0.50 IGN=1.25 TGL=0.20 KV=1.30
  [rfly_replan t=51.2 big=0] gbest=412.4 | EKR=1.67 EKV=0.82 EBANK=1.46 ADEC=1.11 TLD=1.00 KDIV=1.43 KVN=0.50 IGN=1.25 TGL=0.20 KV=1.30
  [rfly_replan t=61.2 big=0] gbest=412.4 | EKR=1.67 EKV=0.82 EBANK=1.46 ADEC=1.11 TLD=1.00 KDIV=1.43 KVN=0.50 IGN=1.25 TGL=0.20 KV=1.30
  [rfly_replan t=71.2 big=0] gbest=412.4 | EKR=1.67 EKV=0.82 EBANK=1.46 ADEC=1.11 TLD=1.00 KDIV=1.43 KVN=0.50 IGN=1.25 TGL=0.20 KV=1.30
  [rfly_replan t=81.3 big=0] gbest=317.4 | EKR=1.96 EKV=0.86 EBANK=1.38 ADEC=0.97 TLD=0.83 KDIV=1.37 KVN=0.50 IGN=1.11 TGL=0.21 KV=1.42
  [imu] reference LOST t=83.03 float=x gimbal rates o/m/i = -90/-8/3 deg/s (limit 90) MGA=-6.8
  [rfly_replan t=91.3 big=0] gbest=316.7 | EKR=2.12 EKV=1.08 EBANK=1.57 ADEC=0.90 TLD=0.81 KDIV=1.46 KVN=0.50 IGN=1.10 TGL=0.09 KV=1.60
  [rfly_replan t=0.0 big=1] gbest=355.2 | EKR=1.76 EKV=0.92 EBANK=0.87 ADEC=0.80 TLD=0.28 KDIV=1.61 KVN=1.23 IGN=1.33 TGL=0.00 KV=1.06
  [rfly_replan t=10.0 big=0] gbest=355.2 | EKR=1.76 EKV=0.92 EBANK=0.87 ADEC=0.80 TLD=0.28 KDIV=1.61 KVN=1.23 IGN=1.33 TGL=0.00 KV=1.06
  [rfly_replan t=14.1 big=0] gbest=7927.4 | EKR=1.49 EKV=0.76 EBANK=0.78 ADEC=0.90 TLD=0.25 KDIV=1.49 KVN=1.34 IGN=1.49 TGL=0.08 KV=1.02
  [rfly_replan t=24.1 big=0] gbest=833.0 | EKR=1.27 EKV=1.01 EBANK=0.64 ADEC=0.92 TLD=0.27 KDIV=1.58 KVN=1.55 IGN=1.63 TGL=0.00 KV=0.84
  [rfly_replan t=29.8 big=0] gbest=833.0 | EKR=1.27 EKV=1.01 EBANK=0.64 ADEC=0.92 TLD=0.27 KDIV=1.58 KVN=1.55 IGN=1.63 TGL=0.00 KV=0.84
  [rfly_replan t=39.8 big=0] gbest=833.0 | EKR=1.27 EKV=1.01 EBANK=0.64 ADEC=0.92 TLD=0.27 KDIV=1.58 KVN=1.55 IGN=1.63 TGL=0.00 KV=0.84
  [rfly_replan t=49.8 big=0] gbest=833.0 | EKR=1.27 EKV=1.01 EBANK=0.64 ADEC=0.92 TLD=0.27 KDIV=1.58 KVN=1.55 IGN=1.63 TGL=0.00 KV=0.84
  [rfly_replan t=59.8 big=0] gbest=833.0 | EKR=1.27 EKV=1.01 EBANK=0.64 ADEC=0.92 TLD=0.27 KDIV=1.58 KVN=1.55 IGN=1.63 TGL=0.00 KV=0.84
  [rfly_replan t=69.8 big=0] gbest=833.0 | EKR=1.27 EKV=1.01 EBANK=0.64 ADEC=0.92 TLD=0.27 KDIV=1.58 KVN=1.55 IGN=1.63 TGL=0.00 KV=0.84
  [rfly_replan t=79.9 big=0] gbest=833.0 | EKR=1.27 EKV=1.01 EBANK=0.64 ADEC=0.92 TLD=0.27 KDIV=1.58 KVN=1.55 IGN=1.63 TGL=0.00 KV=0.84
  [rfly_replan t=89.9 big=0] gbest=833.0 | EKR=1.27 EKV=1.01 EBANK=0.64 ADEC=0.92 TLD=0.27 KDIV=1.58 KVN=1.55 IGN=1.63 TGL=0.00 KV=0.84
  [rfly_replan t=99.9 big=0] gbest=833.0 | EKR=1.27 EKV=1.01 EBANK=0.64 ADEC=0.92 TLD=0.27 KDIV=1.58 KVN=1.55 IGN=1.63 TGL=0.00 KV=0.84
  [rfly_replan t=109.9 big=0] gbest=833.0 | EKR=1.27 EKV=1.01 EBANK=0.64 ADEC=0.92 TLD=0.27 KDIV=1.58 KVN=1.55 IGN=1.63 TGL=0.00 KV=0.84
  [rfly_replan t=119.9 big=0] gbest=806.1 | EKR=1.38 EKV=0.79 EBANK=0.74 ADEC=1.09 TLD=0.25 KDIV=1.47 KVN=1.67 IGN=1.53 TGL=0.17 KV=1.03
  [rfly_replan t=0.0 big=1] gbest=481.6 | EKR=1.29 EKV=1.24 EBANK=2.04 ADEC=0.40 TLD=0.25 KDIV=0.52 KVN=1.33 IGN=0.40 TGL=0.00 KV=0.73
  [rfly_replan t=8.8 big=0] gbest=1026.4 | EKR=0.99 EKV=1.40 EBANK=2.27 ADEC=0.40 TLD=0.25 KDIV=0.45 KVN=1.23 IGN=0.40 TGL=0.22 KV=0.87
  [rfly_replan t=18.8 big=0] gbest=558.3 | EKR=0.68 EKV=1.77 EBANK=2.39 ADEC=0.40 TLD=0.51 KDIV=0.40 KVN=1.11 IGN=0.61 TGL=0.43 KV=0.96
  [rfly_replan t=28.8 big=0] gbest=241.9 | EKR=0.88 EKV=1.85 EBANK=2.58 ADEC=0.43 TLD=0.40 KDIV=0.40 KVN=1.12 IGN=0.78 TGL=0.43 KV=0.89
  [rfly_replan t=32.7 big=0] gbest=241.9 | EKR=0.88 EKV=1.85 EBANK=2.58 ADEC=0.43 TLD=0.40 KDIV=0.40 KVN=1.12 IGN=0.78 TGL=0.43 KV=0.89
  [rfly_replan t=42.7 big=0] gbest=241.9 | EKR=0.88 EKV=1.85 EBANK=2.58 ADEC=0.43 TLD=0.40 KDIV=0.40 KVN=1.12 IGN=0.78 TGL=0.43 KV=0.89
  [rfly_replan t=52.7 big=0] gbest=241.9 | EKR=0.88 EKV=1.85 EBANK=2.58 ADEC=0.43 TLD=0.40 KDIV=0.40 KVN=1.12 IGN=0.78 TGL=0.43 KV=0.89
  [rfly_replan t=62.7 big=0] gbest=241.9 | EKR=0.88 EKV=1.85 EBANK=2.58 ADEC=0.43 TLD=0.40 KDIV=0.40 KVN=1.12 IGN=0.78 TGL=0.43 KV=0.89
  [rfly_replan t=72.7 big=0] gbest=212.3 | EKR=0.30 EKV=1.90 EBANK=2.51 ADEC=0.40 TLD=0.44 KDIV=0.40 KVN=1.05 IGN=0.80 TGL=0.36 KV=1.08
  [rfly_replan t=82.7 big=0] gbest=212.3 | EKR=0.30 EKV=1.90 EBANK=2.51 ADEC=0.40 TLD=0.44 KDIV=0.40 KVN=1.05 IGN=0.80 TGL=0.36 KV=1.08
  [rfly_replan t=92.8 big=0] gbest=203.0 | EKR=0.31 EKV=1.89 EBANK=2.50 ADEC=0.40 TLD=0.39 KDIV=0.40 KVN=1.01 IGN=0.79 TGL=0.31 KV=1.05
  [rfly_replan t=102.8 big=0] gbest=179.1 | EKR=0.33 EKV=1.92 EBANK=2.50 ADEC=0.40 TLD=0.42 KDIV=0.40 KVN=0.76 IGN=0.79 TGL=0.35 KV=1.10
  [rfly_replan t=112.8 big=0] gbest=171.6 | EKR=0.66 EKV=1.92 EBANK=2.67 ADEC=0.44 TLD=0.37 KDIV=0.40 KVN=0.50 IGN=1.23 TGL=0.40 KV=1.03
  [imu] reference LOST t=113.07 float=x gimbal rates o/m/i = -90/-6/1 deg/s (limit 90) MGA=1.2
  [rfly_replan t=0.0 big=1] gbest=319.3 | EKR=1.17 EKV=0.61 EBANK=1.30 ADEC=1.57 TLD=1.24 KDIV=0.54 KVN=0.50 IGN=1.63 TGL=0.25 KV=1.53
  [rfly_replan t=10.0 big=0] gbest=319.3 | EKR=1.17 EKV=0.61 EBANK=1.30 ADEC=1.57 TLD=1.24 KDIV=0.54 KVN=0.50 IGN=1.63 TGL=0.25 KV=1.53
  [rfly_replan t=17.4 big=0] gbest=1013.4 | EKR=1.44 EKV=0.97 EBANK=1.32 ADEC=1.57 TLD=1.03 KDIV=0.42 KVN=0.62 IGN=1.66 TGL=0.09 KV=1.80
  [rfly_replan t=27.4 big=0] gbest=890.9 | EKR=1.46 EKV=0.66 EBANK=1.02 ADEC=1.48 TLD=1.10 KDIV=0.41 KVN=0.55 IGN=1.55 TGL=0.15 KV=1.86
  [rfly_replan t=29.5 big=0] gbest=795.9 | EKR=1.22 EKV=0.56 EBANK=0.77 ADEC=1.38 TLD=1.02 KDIV=0.41 KVN=0.58 IGN=1.52 TGL=0.15 KV=2.01
  [rfly_replan t=39.5 big=0] gbest=585.4 | EKR=1.28 EKV=0.52 EBANK=0.66 ADEC=1.34 TLD=0.99 KDIV=0.41 KVN=0.50 IGN=1.57 TGL=0.06 KV=1.99
  [rfly_replan t=49.5 big=0] gbest=585.4 | EKR=1.28 EKV=0.52 EBANK=0.66 ADEC=1.34 TLD=0.99 KDIV=0.41 KVN=0.50 IGN=1.57 TGL=0.06 KV=1.99
  [rfly_replan t=59.5 big=0] gbest=352.7 | EKR=1.33 EKV=0.47 EBANK=0.68 ADEC=1.29 TLD=0.81 KDIV=0.42 KVN=0.51 IGN=1.46 TGL=0.01 KV=1.90
  [rfly_replan t=69.5 big=0] gbest=352.7 | EKR=1.33 EKV=0.47 EBANK=0.68 ADEC=1.29 TLD=0.81 KDIV=0.42 KVN=0.51 IGN=1.46 TGL=0.01 KV=1.90
  [rfly_replan t=79.5 big=0] gbest=352.7 | EKR=1.33 EKV=0.47 EBANK=0.68 ADEC=1.29 TLD=0.81 KDIV=0.42 KVN=0.51 IGN=1.46 TGL=0.01 KV=1.90
  [rfly_replan t=89.5 big=0] gbest=267.2 | EKR=0.96 EKV=0.30 EBANK=0.60 ADEC=1.24 TLD=0.72 KDIV=0.40 KVN=0.51 IGN=1.25 TGL=0.02 KV=2.03
  [rfly_replan t=99.6 big=0] gbest=267.2 | EKR=0.96 EKV=0.30 EBANK=0.60 ADEC=1.24 TLD=0.72 KDIV=0.40 KVN=0.51 IGN=1.25 TGL=0.02 KV=2.03
  [rfly_replan t=109.6 big=0] gbest=267.2 | EKR=0.96 EKV=0.30 EBANK=0.60 ADEC=1.24 TLD=0.72 KDIV=0.40 KVN=0.51 IGN=1.25 TGL=0.02 KV=2.03
  [rfly_replan t=119.6 big=0] gbest=267.2 | EKR=0.96 EKV=0.30 EBANK=0.60 ADEC=1.24 TLD=0.72 KDIV=0.40 KVN=0.51 IGN=1.25 TGL=0.02 KV=2.03
  [imu] reference LOST t=124.08 float=x gimbal rates o/m/i = -90/6/-3 deg/s (limit 90) MGA=0.5
  [rfly_replan t=129.6 big=0] gbest=267.2 | EKR=0.96 EKV=0.30 EBANK=0.60 ADEC=1.24 TLD=0.72 KDIV=0.40 KVN=0.51 IGN=1.25 TGL=0.02 KV=2.03
  [rfly_replan t=0.0 big=1] gbest=209.3 | EKR=0.41 EKV=1.34 EBANK=0.88 ADEC=1.42 TLD=1.10 KDIV=1.56 KVN=0.54 IGN=0.63 TGL=0.42 KV=1.46
  [rfly_replan t=10.0 big=0] gbest=209.3 | EKR=0.41 EKV=1.34 EBANK=0.88 ADEC=1.42 TLD=1.10 KDIV=1.56 KVN=0.54 IGN=0.63 TGL=0.42 KV=1.46
  [rfly_replan t=12.1 big=0] gbest=7153.2 | EKR=0.91 EKV=1.06 EBANK=1.11 ADEC=1.21 TLD=1.29 KDIV=1.88 KVN=0.69 IGN=0.59 TGL=0.60 KV=1.42
  [rfly_replan t=22.1 big=0] gbest=7010.7 | EKR=1.08 EKV=1.02 EBANK=1.36 ADEC=1.21 TLD=1.18 KDIV=1.79 KVN=0.69 IGN=0.81 TGL=0.43 KV=1.50
  [rfly_replan t=32.1 big=0] gbest=6916.1 | EKR=0.95 EKV=1.37 EBANK=1.54 ADEC=1.20 TLD=1.23 KDIV=1.82 KVN=0.70 IGN=0.82 TGL=0.49 KV=1.27
  [rfly_replan t=42.1 big=0] gbest=6916.1 | EKR=0.95 EKV=1.37 EBANK=1.54 ADEC=1.20 TLD=1.23 KDIV=1.82 KVN=0.70 IGN=0.82 TGL=0.49 KV=1.27
  [rfly_replan t=52.1 big=0] gbest=6710.7 | EKR=1.28 EKV=1.29 EBANK=1.68 ADEC=1.28 TLD=1.41 KDIV=1.86 KVN=0.59 IGN=0.41 TGL=0.68 KV=1.28
  [rfly_replan t=62.1 big=0] gbest=6710.7 | EKR=1.28 EKV=1.29 EBANK=1.68 ADEC=1.28 TLD=1.41 KDIV=1.86 KVN=0.59 IGN=0.41 TGL=0.68 KV=1.28
  [rfly_replan t=72.1 big=0] gbest=5555.1 | EKR=1.31 EKV=1.43 EBANK=1.89 ADEC=1.14 TLD=1.64 KDIV=2.08 KVN=0.54 IGN=0.63 TGL=0.76 KV=1.19
  [rfly_replan t=82.1 big=0] gbest=4654.8 | EKR=1.36 EKV=1.27 EBANK=1.68 ADEC=1.17 TLD=2.10 KDIV=2.31 KVN=0.58 IGN=0.82 TGL=0.79 KV=1.22
  [rfly_replan t=92.1 big=0] gbest=4654.8 | EKR=1.36 EKV=1.27 EBANK=1.68 ADEC=1.17 TLD=2.10 KDIV=2.31 KVN=0.58 IGN=0.82 TGL=0.79 KV=1.22
  [rfly_replan t=102.1 big=0] gbest=4654.8 | EKR=1.36 EKV=1.27 EBANK=1.68 ADEC=1.17 TLD=2.10 KDIV=2.31 KVN=0.58 IGN=0.82 TGL=0.79 KV=1.22
  [rfly_replan t=112.2 big=0] gbest=1758.0 | EKR=1.40 EKV=1.14 EBANK=1.68 ADEC=1.00 TLD=2.37 KDIV=2.14 KVN=0.67 IGN=0.76 TGL=0.60 KV=1.15
  [imu] reference LOST t=118.35 float=x gimbal rates o/m/i = -90/1/6 deg/s (limit 90) MGA=2.9
  [rfly_replan t=122.2 big=0] gbest=1757.9 | EKR=1.42 EKV=1.14 EBANK=1.70 ADEC=1.01 TLD=2.03 KDIV=2.14 KVN=0.50 IGN=0.96 TGL=0.44 KV=1.26
  [rfly_replan t=0.0 big=1] gbest=752.5 | EKR=1.29 EKV=1.53 EBANK=0.60 ADEC=1.56 TLD=0.81 KDIV=0.73 KVN=2.08 IGN=0.46 TGL=0.12 KV=1.42
  [rfly_replan t=6.7 big=0] gbest=1352.7 | EKR=0.97 EKV=1.31 EBANK=0.60 ADEC=1.72 TLD=1.02 KDIV=0.60 KVN=2.21 IGN=0.76 TGL=0.00 KV=1.54
  [rfly_replan t=16.7 big=0] gbest=875.4 | EKR=1.05 EKV=1.20 EBANK=0.84 ADEC=1.70 TLD=1.17 KDIV=0.60 KVN=2.11 IGN=0.72 TGL=0.00 KV=1.41
  [rfly_replan t=26.7 big=0] gbest=875.4 | EKR=1.05 EKV=1.20 EBANK=0.84 ADEC=1.70 TLD=1.17 KDIV=0.60 KVN=2.11 IGN=0.72 TGL=0.00 KV=1.41
  [rfly_replan t=34.6 big=0] gbest=809.0 | EKR=1.03 EKV=0.75 EBANK=0.73 ADEC=1.69 TLD=0.88 KDIV=0.52 KVN=2.10 IGN=0.71 TGL=0.01 KV=1.38
  [rfly_replan t=44.6 big=0] gbest=726.4 | EKR=1.10 EKV=0.70 EBANK=0.70 ADEC=1.73 TLD=0.61 KDIV=0.41 KVN=2.12 IGN=0.56 TGL=0.00 KV=1.17
  [rfly_replan t=54.6 big=0] gbest=653.7 | EKR=0.77 EKV=0.62 EBANK=0.72 ADEC=1.85 TLD=0.69 KDIV=0.40 KVN=2.16 IGN=0.40 TGL=0.04 KV=0.88
  [rfly_replan t=64.6 big=0] gbest=641.7 | EKR=0.83 EKV=0.68 EBANK=0.73 ADEC=1.77 TLD=0.62 KDIV=0.40 KVN=2.20 IGN=0.50 TGL=0.05 KV=0.83
  [rfly_replan t=74.6 big=0] gbest=600.0 | EKR=0.67 EKV=0.56 EBANK=1.07 ADEC=1.67 TLD=0.60 KDIV=0.40 KVN=2.12 IGN=0.71 TGL=0.00 KV=0.72
  [rfly_replan t=84.6 big=0] gbest=422.3 | EKR=0.39 EKV=0.30 EBANK=1.04 ADEC=1.63 TLD=0.43 KDIV=0.40 KVN=2.15 IGN=1.25 TGL=0.00 KV=0.61
  [rfly_replan t=94.7 big=0] gbest=422.3 | EKR=0.39 EKV=0.30 EBANK=1.04 ADEC=1.63 TLD=0.43 KDIV=0.40 KVN=2.15 IGN=1.25 TGL=0.00 KV=0.61
  [rfly_replan t=104.7 big=0] gbest=416.7 | EKR=0.41 EKV=0.39 EBANK=1.32 ADEC=1.61 TLD=0.54 KDIV=0.40 KVN=2.14 IGN=1.06 TGL=0.00 KV=0.77
  [rfly_replan t=114.7 big=0] gbest=354.8 | EKR=0.46 EKV=0.40 EBANK=1.35 ADEC=1.58 TLD=0.48 KDIV=0.40 KVN=2.27 IGN=1.40 TGL=0.00 KV=0.99
  [rfly_replan t=124.7 big=0] gbest=348.9 | EKR=0.46 EKV=0.30 EBANK=1.35 ADEC=1.45 TLD=0.58 KDIV=0.64 KVN=2.25 IGN=1.14 TGL=0.05 KV=1.12
  [imu] reference LOST t=126.16 float=x gimbal rates o/m/i = -90/1/4 deg/s (limit 90) MGA=-2.5
  [rfly_replan t=0.0 big=1] gbest=255.4 | EKR=1.17 EKV=0.61 EBANK=1.30 ADEC=1.57 TLD=1.24 KDIV=0.54 KVN=0.50 IGN=1.63 TGL=0.25 KV=1.53
  [rfly_replan t=10.0 big=0] gbest=255.4 | EKR=1.17 EKV=0.61 EBANK=1.30 ADEC=1.57 TLD=1.24 KDIV=0.54 KVN=0.50 IGN=1.63 TGL=0.25 KV=1.53
  [rfly_replan t=15.4 big=0] gbest=746.9 | EKR=1.29 EKV=0.78 EBANK=1.26 ADEC=1.55 TLD=1.46 KDIV=0.54 KVN=0.53 IGN=1.63 TGL=0.22 KV=1.52
  [rfly_replan t=25.4 big=0] gbest=746.9 | EKR=1.29 EKV=0.78 EBANK=1.26 ADEC=1.55 TLD=1.46 KDIV=0.54 KVN=0.53 IGN=1.63 TGL=0.22 KV=1.52
  [rfly_replan t=29.8 big=0] gbest=675.2 | EKR=1.27 EKV=0.80 EBANK=1.23 ADEC=1.68 TLD=1.44 KDIV=0.54 KVN=0.68 IGN=1.25 TGL=0.19 KV=1.54
  [rfly_replan t=39.8 big=0] gbest=675.2 | EKR=1.27 EKV=0.80 EBANK=1.23 ADEC=1.68 TLD=1.44 KDIV=0.54 KVN=0.68 IGN=1.25 TGL=0.19 KV=1.54
  [rfly_replan t=49.8 big=0] gbest=530.6 | EKR=1.10 EKV=0.62 EBANK=1.15 ADEC=1.84 TLD=1.08 KDIV=0.40 KVN=0.65 IGN=1.04 TGL=0.35 KV=1.46
  [rfly_replan t=59.8 big=0] gbest=448.5 | EKR=1.54 EKV=0.65 EBANK=1.43 ADEC=1.67 TLD=0.93 KDIV=0.41 KVN=0.50 IGN=0.83 TGL=0.51 KV=1.45
  [rfly_replan t=69.9 big=0] gbest=305.0 | EKR=1.79 EKV=0.58 EBANK=1.39 ADEC=1.71 TLD=1.13 KDIV=0.41 KVN=0.51 IGN=0.93 TGL=0.58 KV=1.52
  [rfly_replan t=79.9 big=0] gbest=305.0 | EKR=1.79 EKV=0.58 EBANK=1.39 ADEC=1.71 TLD=1.13 KDIV=0.41 KVN=0.51 IGN=0.93 TGL=0.58 KV=1.52
  [rfly_replan t=89.9 big=0] gbest=305.0 | EKR=1.79 EKV=0.58 EBANK=1.39 ADEC=1.71 TLD=1.13 KDIV=0.41 KVN=0.51 IGN=0.93 TGL=0.58 KV=1.52
  [rfly_replan t=99.9 big=0] gbest=280.9 | EKR=1.40 EKV=0.63 EBANK=1.42 ADEC=1.54 TLD=0.96 KDIV=0.43 KVN=0.50 IGN=1.07 TGL=0.67 KV=1.66
  [rfly_replan t=109.9 big=0] gbest=280.9 | EKR=1.40 EKV=0.63 EBANK=1.42 ADEC=1.54 TLD=0.96 KDIV=0.43 KVN=0.50 IGN=1.07 TGL=0.67 KV=1.66
  [imu] reference LOST t=114.69 float=x gimbal rates o/m/i = -90/3/-1 deg/s (limit 90) MGA=-0.2
  [rfly_replan t=120.0 big=0] gbest=280.9 | EKR=1.40 EKV=0.63 EBANK=1.42 ADEC=1.54 TLD=0.96 KDIV=0.43 KVN=0.50 IGN=1.07 TGL=0.67 KV=1.66
  [rfly_replan t=0.0 big=1] gbest=656.3 | EKR=1.00 EKV=1.00 EBANK=1.00 ADEC=1.00 TLD=1.00 KDIV=1.00 KVN=1.00 IGN=1.00 TGL=0.00 KV=1.00
  [rfly_replan t=10.0 big=0] gbest=656.3 | EKR=1.00 EKV=1.00 EBANK=1.00 ADEC=1.00 TLD=1.00 KDIV=1.00 KVN=1.00 IGN=1.00 TGL=0.00 KV=1.00
  [rfly_replan t=10.0 big=0] gbest=824.9 | EKR=0.87 EKV=1.31 EBANK=1.02 ADEC=1.12 TLD=0.92 KDIV=0.79 KVN=0.70 IGN=1.15 TGL=0.16 KV=0.96
  [rfly_replan t=20.0 big=0] gbest=734.3 | EKR=0.88 EKV=1.34 EBANK=0.87 ADEC=1.13 TLD=0.73 KDIV=0.74 KVN=0.65 IGN=1.12 TGL=0.08 KV=1.13
  [rfly_replan t=30.1 big=0] gbest=734.3 | EKR=0.88 EKV=1.34 EBANK=0.87 ADEC=1.13 TLD=0.73 KDIV=0.74 KVN=0.65 IGN=1.12 TGL=0.08 KV=1.13
  [rfly_replan t=33.2 big=0] gbest=562.9 | EKR=0.83 EKV=1.28 EBANK=0.85 ADEC=1.26 TLD=0.63 KDIV=1.11 KVN=0.60 IGN=1.22 TGL=0.15 KV=1.18
  [rfly_replan t=43.2 big=0] gbest=562.9 | EKR=0.83 EKV=1.28 EBANK=0.85 ADEC=1.26 TLD=0.63 KDIV=1.11 KVN=0.60 IGN=1.22 TGL=0.15 KV=1.18
  [rfly_replan t=53.2 big=0] gbest=528.0 | EKR=0.92 EKV=1.33 EBANK=0.74 ADEC=1.29 TLD=0.64 KDIV=1.08 KVN=0.50 IGN=1.22 TGL=0.11 KV=1.22
  [rfly_replan t=63.2 big=0] gbest=528.0 | EKR=0.92 EKV=1.33 EBANK=0.74 ADEC=1.29 TLD=0.64 KDIV=1.08 KVN=0.50 IGN=1.22 TGL=0.11 KV=1.22
  [rfly_replan t=73.2 big=0] gbest=169.2 | EKR=1.21 EKV=0.79 EBANK=0.77 ADEC=1.22 TLD=0.55 KDIV=1.13 KVN=0.50 IGN=1.14 TGL=0.10 KV=1.25
  [rfly_replan t=83.3 big=0] gbest=169.2 | EKR=1.21 EKV=0.79 EBANK=0.77 ADEC=1.22 TLD=0.55 KDIV=1.13 KVN=0.50 IGN=1.14 TGL=0.10 KV=1.25
  [rfly_replan t=93.3 big=0] gbest=169.2 | EKR=1.21 EKV=0.79 EBANK=0.77 ADEC=1.22 TLD=0.55 KDIV=1.13 KVN=0.50 IGN=1.14 TGL=0.10 KV=1.25
  [rfly_replan t=103.3 big=0] gbest=169.2 | EKR=1.21 EKV=0.79 EBANK=0.77 ADEC=1.22 TLD=0.55 KDIV=1.13 KVN=0.50 IGN=1.14 TGL=0.10 KV=1.25
  [rfly_replan t=113.3 big=0] gbest=157.6 | EKR=1.24 EKV=0.87 EBANK=0.75 ADEC=1.17 TLD=0.48 KDIV=1.15 KVN=0.62 IGN=1.20 TGL=0.13 KV=1.21
  [imu] reference LOST t=123.15 float=x gimbal rates o/m/i = -90/-1/1 deg/s (limit 90) MGA=4.4
  [rfly_replan t=123.3 big=0] gbest=153.3 | EKR=0.75 EKV=0.55 EBANK=0.86 ADEC=1.08 TLD=0.67 KDIV=1.08 KVN=0.54 IGN=1.39 TGL=0.26 KV=1.11
  [rfly_replan t=0.0 big=1] gbest=453.3 | EKR=1.57 EKV=0.78 EBANK=1.12 ADEC=0.54 TLD=0.42 KDIV=1.17 KVN=1.17 IGN=0.40 TGL=0.45 KV=1.26
  [rfly_replan t=4.7 big=0] gbest=636.2 | EKR=1.47 EKV=1.12 EBANK=1.28 ADEC=0.63 TLD=0.44 KDIV=0.99 KVN=1.21 IGN=0.59 TGL=0.59 KV=1.27
  [rfly_replan t=14.7 big=0] gbest=604.6 | EKR=1.36 EKV=1.12 EBANK=1.26 ADEC=0.60 TLD=0.25 KDIV=1.01 KVN=1.23 IGN=1.31 TGL=0.67 KV=1.16
  [rfly_replan t=24.7 big=0] gbest=604.6 | EKR=1.36 EKV=1.12 EBANK=1.26 ADEC=0.60 TLD=0.25 KDIV=1.01 KVN=1.23 IGN=1.31 TGL=0.67 KV=1.16
  [rfly_replan t=33.2 big=0] gbest=408.7 | EKR=1.11 EKV=1.43 EBANK=1.35 ADEC=0.62 TLD=0.30 KDIV=0.98 KVN=1.06 IGN=1.38 TGL=0.50 KV=1.10
  [rfly_replan t=43.2 big=0] gbest=408.7 | EKR=1.11 EKV=1.43 EBANK=1.35 ADEC=0.62 TLD=0.30 KDIV=0.98 KVN=1.06 IGN=1.38 TGL=0.50 KV=1.10
  [rfly_replan t=53.2 big=0] gbest=408.7 | EKR=1.11 EKV=1.43 EBANK=1.35 ADEC=0.62 TLD=0.30 KDIV=0.98 KVN=1.06 IGN=1.38 TGL=0.50 KV=1.10
  [rfly_replan t=63.2 big=0] gbest=408.7 | EKR=1.11 EKV=1.43 EBANK=1.35 ADEC=0.62 TLD=0.30 KDIV=0.98 KVN=1.06 IGN=1.38 TGL=0.50 KV=1.10
  [rfly_replan t=73.3 big=0] gbest=408.7 | EKR=1.11 EKV=1.43 EBANK=1.35 ADEC=0.62 TLD=0.30 KDIV=0.98 KVN=1.06 IGN=1.38 TGL=0.50 KV=1.10
  [rfly_replan t=83.3 big=0] gbest=408.7 | EKR=1.11 EKV=1.43 EBANK=1.35 ADEC=0.62 TLD=0.30 KDIV=0.98 KVN=1.06 IGN=1.38 TGL=0.50 KV=1.10
  [rfly_replan t=93.3 big=0] gbest=233.6 | EKR=1.46 EKV=1.33 EBANK=1.43 ADEC=0.77 TLD=0.34 KDIV=0.78 KVN=1.18 IGN=1.30 TGL=0.50 KV=1.30
  [imu] reference LOST t=96.71 float=x gimbal rates o/m/i = -90/6/11 deg/s (limit 90) MGA=-7.7
  [rfly_replan t=103.3 big=0] gbest=233.6 | EKR=1.46 EKV=1.33 EBANK=1.43 ADEC=0.77 TLD=0.34 KDIV=0.78 KVN=1.18 IGN=1.30 TGL=0.50 KV=1.30
  [rfly_replan t=0.0 big=1] gbest=693.6 | EKR=1.00 EKV=1.00 EBANK=1.00 ADEC=1.00 TLD=1.00 KDIV=1.00 KVN=1.00 IGN=1.00 TGL=0.00 KV=1.00
  [rfly_replan t=10.0 big=0] gbest=655.8 | EKR=0.76 EKV=1.14 EBANK=1.03 ADEC=1.05 TLD=1.05 KDIV=1.04 KVN=1.00 IGN=1.02 TGL=0.00 KV=1.24
  [rfly_replan t=13.3 big=0] gbest=6002.4 | EKR=1.22 EKV=1.00 EBANK=0.91 ADEC=1.16 TLD=0.88 KDIV=0.90 KVN=0.98 IGN=0.82 TGL=0.27 KV=1.38
  [rfly_replan t=23.3 big=0] gbest=4651.8 | EKR=1.19 EKV=1.04 EBANK=0.89 ADEC=1.15 TLD=0.77 KDIV=0.78 KVN=0.82 IGN=0.81 TGL=0.20 KV=1.40
  [rfly_replan t=32.0 big=0] gbest=650.9 | EKR=1.24 EKV=1.08 EBANK=0.82 ADEC=1.14 TLD=0.81 KDIV=0.64 KVN=0.70 IGN=0.85 TGL=0.12 KV=1.51
  [rfly_replan t=42.0 big=0] gbest=597.0 | EKR=1.07 EKV=1.03 EBANK=0.70 ADEC=1.13 TLD=0.87 KDIV=0.66 KVN=0.50 IGN=1.08 TGL=0.19 KV=1.52
  [rfly_replan t=52.0 big=0] gbest=597.0 | EKR=1.07 EKV=1.03 EBANK=0.70 ADEC=1.13 TLD=0.87 KDIV=0.66 KVN=0.50 IGN=1.08 TGL=0.19 KV=1.52
  [rfly_replan t=62.0 big=0] gbest=597.0 | EKR=1.07 EKV=1.03 EBANK=0.70 ADEC=1.13 TLD=0.87 KDIV=0.66 KVN=0.50 IGN=1.08 TGL=0.19 KV=1.52
  [rfly_replan t=72.0 big=0] gbest=553.6 | EKR=1.04 EKV=0.95 EBANK=0.60 ADEC=1.18 TLD=0.63 KDIV=0.58 KVN=0.51 IGN=1.13 TGL=0.27 KV=1.40
  [rfly_replan t=82.1 big=0] gbest=531.5 | EKR=1.02 EKV=0.91 EBANK=0.60 ADEC=1.34 TLD=0.88 KDIV=0.59 KVN=0.50 IGN=0.80 TGL=0.30 KV=1.45
  [rfly_replan t=92.1 big=0] gbest=531.5 | EKR=1.02 EKV=0.91 EBANK=0.60 ADEC=1.34 TLD=0.88 KDIV=0.59 KVN=0.50 IGN=0.80 TGL=0.30 KV=1.45
  [rfly_replan t=102.1 big=0] gbest=531.5 | EKR=1.02 EKV=0.91 EBANK=0.60 ADEC=1.34 TLD=0.88 KDIV=0.59 KVN=0.50 IGN=0.80 TGL=0.30 KV=1.45
  [rfly_replan t=112.1 big=0] gbest=476.1 | EKR=1.05 EKV=1.20 EBANK=0.75 ADEC=1.24 TLD=0.57 KDIV=0.52 KVN=0.64 IGN=0.62 TGL=0.47 KV=1.36
  [rfly_replan t=122.1 big=0] gbest=278.0 | EKR=1.39 EKV=1.25 EBANK=0.71 ADEC=1.36 TLD=0.63 KDIV=0.41 KVN=0.50 IGN=0.40 TGL=0.62 KV=1.65
  [rfly_replan t=132.1 big=0] gbest=278.0 | EKR=1.39 EKV=1.25 EBANK=0.71 ADEC=1.36 TLD=0.63 KDIV=0.41 KVN=0.50 IGN=0.40 TGL=0.62 KV=1.65
  [rfly_replan t=0.0 big=1] gbest=610.7 | EKR=1.21 EKV=0.78 EBANK=0.60 ADEC=1.15 TLD=1.00 KDIV=0.76 KVN=1.19 IGN=0.65 TGL=0.00 KV=1.21
  [rfly_replan t=8.0 big=0] gbest=17514.9 | EKR=0.96 EKV=0.72 EBANK=0.80 ADEC=1.25 TLD=0.76 KDIV=0.94 KVN=0.98 IGN=0.66 TGL=0.01 KV=1.43
  [rfly_replan t=18.0 big=0] gbest=14235.3 | EKR=1.08 EKV=0.72 EBANK=0.83 ADEC=1.42 TLD=0.61 KDIV=0.90 KVN=1.06 IGN=1.01 TGL=0.00 KV=1.56
  [rfly_replan t=28.0 big=0] gbest=14235.3 | EKR=1.08 EKV=0.72 EBANK=0.83 ADEC=1.42 TLD=0.61 KDIV=0.90 KVN=1.06 IGN=1.01 TGL=0.00 KV=1.56
  [rfly_replan t=31.2 big=0] gbest=10075.1 | EKR=1.20 EKV=0.71 EBANK=0.90 ADEC=1.78 TLD=0.51 KDIV=1.10 KVN=1.15 IGN=1.34 TGL=0.10 KV=1.65
  [rfly_replan t=41.2 big=0] gbest=9382.4 | EKR=1.23 EKV=0.91 EBANK=0.89 ADEC=1.97 TLD=0.56 KDIV=0.89 KVN=1.29 IGN=1.04 TGL=0.00 KV=1.60
  [rfly_replan t=51.2 big=0] gbest=9119.8 | EKR=1.52 EKV=0.81 EBANK=0.95 ADEC=1.95 TLD=0.59 KDIV=0.89 KVN=1.37 IGN=0.98 TGL=0.05 KV=1.67
  [rfly_replan t=61.2 big=0] gbest=9119.8 | EKR=1.52 EKV=0.81 EBANK=0.95 ADEC=1.95 TLD=0.59 KDIV=0.89 KVN=1.37 IGN=0.98 TGL=0.05 KV=1.67
  [rfly_replan t=71.2 big=0] gbest=9119.8 | EKR=1.52 EKV=0.81 EBANK=0.95 ADEC=1.95 TLD=0.59 KDIV=0.89 KVN=1.37 IGN=0.98 TGL=0.05 KV=1.67
  [rfly_replan t=81.2 big=0] gbest=8003.8 | EKR=1.65 EKV=0.82 EBANK=0.95 ADEC=1.93 TLD=0.60 KDIV=0.75 KVN=1.40 IGN=0.93 TGL=0.00 KV=1.79
  [rfly_replan t=91.3 big=0] gbest=7484.2 | EKR=1.42 EKV=0.46 EBANK=0.73 ADEC=1.81 TLD=0.68 KDIV=0.61 KVN=1.29 IGN=0.89 TGL=0.01 KV=1.77
  [rfly_replan t=0.0 big=1] gbest=409.5 | EKR=1.17 EKV=0.61 EBANK=1.30 ADEC=1.57 TLD=1.24 KDIV=0.54 KVN=0.50 IGN=1.63 TGL=0.25 KV=1.53
  [rfly_replan t=10.0 big=0] gbest=409.5 | EKR=1.17 EKV=0.61 EBANK=1.30 ADEC=1.57 TLD=1.24 KDIV=0.54 KVN=0.50 IGN=1.63 TGL=0.25 KV=1.53
  [rfly_replan t=16.6 big=0] gbest=517.9 | EKR=0.86 EKV=0.42 EBANK=1.49 ADEC=1.43 TLD=1.23 KDIV=0.61 KVN=0.58 IGN=1.56 TGL=0.22 KV=1.56
  [rfly_replan t=26.7 big=0] gbest=517.9 | EKR=0.86 EKV=0.42 EBANK=1.49 ADEC=1.43 TLD=1.23 KDIV=0.61 KVN=0.58 IGN=1.56 TGL=0.22 KV=1.56
  [rfly_replan t=29.0 big=0] gbest=517.9 | EKR=0.86 EKV=0.42 EBANK=1.49 ADEC=1.43 TLD=1.23 KDIV=0.61 KVN=0.58 IGN=1.56 TGL=0.22 KV=1.56
  [rfly_replan t=39.0 big=0] gbest=517.9 | EKR=0.86 EKV=0.42 EBANK=1.49 ADEC=1.43 TLD=1.23 KDIV=0.61 KVN=0.58 IGN=1.56 TGL=0.22 KV=1.56
  [rfly_replan t=49.0 big=0] gbest=517.9 | EKR=0.86 EKV=0.42 EBANK=1.49 ADEC=1.43 TLD=1.23 KDIV=0.61 KVN=0.58 IGN=1.56 TGL=0.22 KV=1.56
  [rfly_replan t=59.0 big=0] gbest=517.9 | EKR=0.86 EKV=0.42 EBANK=1.49 ADEC=1.43 TLD=1.23 KDIV=0.61 KVN=0.58 IGN=1.56 TGL=0.22 KV=1.56
  [rfly_replan t=69.1 big=0] gbest=517.9 | EKR=0.86 EKV=0.42 EBANK=1.49 ADEC=1.43 TLD=1.23 KDIV=0.61 KVN=0.58 IGN=1.56 TGL=0.22 KV=1.56
  [rfly_replan t=79.1 big=0] gbest=517.9 | EKR=0.86 EKV=0.42 EBANK=1.49 ADEC=1.43 TLD=1.23 KDIV=0.61 KVN=0.58 IGN=1.56 TGL=0.22 KV=1.56
  [rfly_replan t=89.1 big=0] gbest=517.9 | EKR=0.86 EKV=0.42 EBANK=1.49 ADEC=1.43 TLD=1.23 KDIV=0.61 KVN=0.58 IGN=1.56 TGL=0.22 KV=1.56
  [rfly_replan t=99.1 big=0] gbest=507.0 | EKR=0.86 EKV=0.42 EBANK=1.49 ADEC=1.43 TLD=1.23 KDIV=0.61 KVN=0.58 IGN=1.56 TGL=0.22 KV=1.56
  [rfly_replan t=109.1 big=0] gbest=412.1 | EKR=1.16 EKV=0.73 EBANK=1.42 ADEC=1.54 TLD=1.25 KDIV=0.60 KVN=0.59 IGN=1.55 TGL=0.23 KV=1.68
  [rfly_replan t=119.2 big=0] gbest=408.4 | EKR=0.87 EKV=0.99 EBANK=1.38 ADEC=1.45 TLD=1.45 KDIV=0.83 KVN=0.80 IGN=1.89 TGL=0.38 KV=1.84
  [imu] reference LOST t=119.23 float=x gimbal rates o/m/i = -90/-0/-0 deg/s (limit 90) MGA=-2.1
  [rfly_replan t=0.0 big=1] gbest=481.6 | EKR=1.40 EKV=1.82 EBANK=0.90 ADEC=1.59 TLD=0.53 KDIV=0.54 KVN=1.54 IGN=0.40 TGL=0.00 KV=0.65
  [rfly_replan t=10.0 big=0] gbest=481.6 | EKR=1.40 EKV=1.82 EBANK=0.90 ADEC=1.59 TLD=0.53 KDIV=0.54 KVN=1.54 IGN=0.40 TGL=0.00 KV=0.65
  [rfly_replan t=11.3 big=0] gbest=5755.9 | EKR=1.66 EKV=1.75 EBANK=0.76 ADEC=1.46 TLD=0.49 KDIV=0.67 KVN=1.55 IGN=0.40 TGL=0.00 KV=0.69
  [rfly_replan t=21.3 big=0] gbest=1035.1 | EKR=1.66 EKV=1.63 EBANK=0.60 ADEC=1.52 TLD=0.58 KDIV=0.71 KVN=1.80 IGN=0.40 TGL=0.08 KV=1.15
  [rfly_replan t=31.3 big=0] gbest=590.7 | EKR=1.62 EKV=1.82 EBANK=0.89 ADEC=1.43 TLD=0.44 KDIV=0.68 KVN=1.82 IGN=0.42 TGL=0.08 KV=1.13
  [rfly_replan t=32.6 big=0] gbest=590.7 | EKR=1.62 EKV=1.82 EBANK=0.89 ADEC=1.43 TLD=0.44 KDIV=0.68 KVN=1.82 IGN=0.42 TGL=0.08 KV=1.13
  [rfly_replan t=42.6 big=0] gbest=590.7 | EKR=1.62 EKV=1.82 EBANK=0.89 ADEC=1.43 TLD=0.44 KDIV=0.68 KVN=1.82 IGN=0.42 TGL=0.08 KV=1.13
  [rfly_replan t=52.6 big=0] gbest=590.7 | EKR=1.62 EKV=1.82 EBANK=0.89 ADEC=1.43 TLD=0.44 KDIV=0.68 KVN=1.82 IGN=0.42 TGL=0.08 KV=1.13
  [rfly_replan t=62.6 big=0] gbest=590.7 | EKR=1.62 EKV=1.82 EBANK=0.89 ADEC=1.43 TLD=0.44 KDIV=0.68 KVN=1.82 IGN=0.42 TGL=0.08 KV=1.13
  [rfly_replan t=72.6 big=0] gbest=485.1 | EKR=1.63 EKV=1.70 EBANK=0.82 ADEC=1.55 TLD=0.52 KDIV=0.68 KVN=1.76 IGN=0.40 TGL=0.21 KV=1.03
  [rfly_replan t=82.7 big=0] gbest=485.1 | EKR=1.63 EKV=1.70 EBANK=0.82 ADEC=1.55 TLD=0.52 KDIV=0.68 KVN=1.76 IGN=0.40 TGL=0.21 KV=1.03
  [rfly_replan t=92.7 big=0] gbest=485.1 | EKR=1.63 EKV=1.70 EBANK=0.82 ADEC=1.55 TLD=0.52 KDIV=0.68 KVN=1.76 IGN=0.40 TGL=0.21 KV=1.03
  [rfly_replan t=102.7 big=0] gbest=443.6 | EKR=1.91 EKV=1.96 EBANK=0.82 ADEC=1.41 TLD=0.75 KDIV=0.81 KVN=1.76 IGN=0.47 TGL=0.21 KV=1.19
  [rfly_replan t=112.7 big=0] gbest=443.6 | EKR=1.91 EKV=1.96 EBANK=0.82 ADEC=1.41 TLD=0.75 KDIV=0.81 KVN=1.76 IGN=0.47 TGL=0.21 KV=1.19
  [rfly_replan t=122.7 big=0] gbest=436.0 | EKR=1.97 EKV=2.24 EBANK=0.88 ADEC=1.66 TLD=0.71 KDIV=0.71 KVN=1.63 IGN=0.71 TGL=0.17 KV=1.14
  [imu] reference LOST t=125.74 float=x gimbal rates o/m/i = -90/6/-1 deg/s (limit 90) MGA=-4.7
  [rfly_replan t=132.7 big=0] gbest=436.0 | EKR=1.97 EKV=2.24 EBANK=0.88 ADEC=1.66 TLD=0.71 KDIV=0.71 KVN=1.63 IGN=0.71 TGL=0.17 KV=1.14
  [rfly_replan t=0.0 big=1] gbest=419.3 | EKR=2.27 EKV=0.95 EBANK=1.08 ADEC=0.50 TLD=1.14 KDIV=1.46 KVN=0.53 IGN=0.40 TGL=0.36 KV=0.60
  [rfly_replan t=5.9 big=0] gbest=15295.9 | EKR=2.03 EKV=1.35 EBANK=1.33 ADEC=0.48 TLD=1.07 KDIV=1.37 KVN=0.55 IGN=0.48 TGL=0.36 KV=0.50
  [rfly_replan t=15.9 big=0] gbest=7071.9 | EKR=2.26 EKV=1.36 EBANK=1.32 ADEC=0.64 TLD=0.88 KDIV=1.34 KVN=0.52 IGN=0.53 TGL=0.31 KV=0.50
  [rfly_replan t=26.0 big=0] gbest=6118.2 | EKR=2.26 EKV=1.30 EBANK=1.33 ADEC=0.64 TLD=0.72 KDIV=1.20 KVN=0.52 IGN=0.40 TGL=0.40 KV=0.51
  [rfly_replan t=33.7 big=0] gbest=983.4 | EKR=1.99 EKV=1.31 EBANK=1.30 ADEC=0.72 TLD=0.66 KDIV=1.01 KVN=0.66 IGN=0.45 TGL=0.66 KV=0.65
  [rfly_replan t=43.7 big=0] gbest=983.4 | EKR=1.99 EKV=1.31 EBANK=1.30 ADEC=0.72 TLD=0.66 KDIV=1.01 KVN=0.66 IGN=0.45 TGL=0.66 KV=0.65
  [rfly_replan t=53.7 big=0] gbest=730.3 | EKR=2.22 EKV=1.62 EBANK=1.52 ADEC=0.77 TLD=0.91 KDIV=0.95 KVN=0.81 IGN=0.77 TGL=0.53 KV=0.81
  [rfly_replan t=63.7 big=0] gbest=730.3 | EKR=2.22 EKV=1.62 EBANK=1.52 ADEC=0.77 TLD=0.91 KDIV=0.95 KVN=0.81 IGN=0.77 TGL=0.53 KV=0.81
  [rfly_replan t=73.7 big=0] gbest=730.3 | EKR=2.22 EKV=1.62 EBANK=1.52 ADEC=0.77 TLD=0.91 KDIV=0.95 KVN=0.81 IGN=0.77 TGL=0.53 KV=0.81
  [rfly_replan t=83.7 big=0] gbest=730.3 | EKR=2.22 EKV=1.62 EBANK=1.52 ADEC=0.77 TLD=0.91 KDIV=0.95 KVN=0.81 IGN=0.77 TGL=0.53 KV=0.81
  [rfly_replan t=93.8 big=0] gbest=730.3 | EKR=2.22 EKV=1.62 EBANK=1.52 ADEC=0.77 TLD=0.91 KDIV=0.95 KVN=0.81 IGN=0.77 TGL=0.53 KV=0.81
  [rfly_replan t=103.8 big=0] gbest=729.6 | EKR=2.10 EKV=1.62 EBANK=1.52 ADEC=0.77 TLD=1.04 KDIV=0.97 KVN=0.83 IGN=0.76 TGL=0.50 KV=0.89
  [imu] reference LOST t=104.77 float=x gimbal rates o/m/i = -90/-2/-5 deg/s (limit 90) MGA=4.6
  [rfly_replan t=113.8 big=0] gbest=729.6 | EKR=2.10 EKV=1.62 EBANK=1.52 ADEC=0.77 TLD=1.04 KDIV=0.97 KVN=0.83 IGN=0.76 TGL=0.50 KV=0.89
  [rfly_replan t=0.0 big=1] gbest=602.4 | EKR=1.71 EKV=1.14 EBANK=0.78 ADEC=1.07 TLD=0.25 KDIV=0.68 KVN=1.25 IGN=0.40 TGL=0.00 KV=0.64
  [rfly_replan t=10.0 big=0] gbest=512.0 | EKR=1.77 EKV=1.20 EBANK=0.76 ADEC=1.08 TLD=0.32 KDIV=0.70 KVN=1.24 IGN=0.41 TGL=0.00 KV=1.03
  [rfly_replan t=14.6 big=0] gbest=693.2 | EKR=1.90 EKV=1.47 EBANK=0.72 ADEC=1.05 TLD=0.25 KDIV=0.70 KVN=1.39 IGN=0.41 TGL=0.00 KV=1.08
  [rfly_replan t=24.6 big=0] gbest=443.4 | EKR=1.97 EKV=1.54 EBANK=0.67 ADEC=1.06 TLD=0.30 KDIV=0.65 KVN=1.34 IGN=0.40 TGL=0.21 KV=1.06
  [rfly_replan t=31.6 big=0] gbest=443.4 | EKR=1.97 EKV=1.54 EBANK=0.67 ADEC=1.06 TLD=0.30 KDIV=0.65 KVN=1.34 IGN=0.40 TGL=0.21 KV=1.06
  [rfly_replan t=41.6 big=0] gbest=443.4 | EKR=1.97 EKV=1.54 EBANK=0.67 ADEC=1.06 TLD=0.30 KDIV=0.65 KVN=1.34 IGN=0.40 TGL=0.21 KV=1.06
  [rfly_replan t=51.6 big=0] gbest=443.4 | EKR=1.97 EKV=1.54 EBANK=0.67 ADEC=1.06 TLD=0.30 KDIV=0.65 KVN=1.34 IGN=0.40 TGL=0.21 KV=1.06
  [rfly_replan t=61.6 big=0] gbest=443.4 | EKR=1.97 EKV=1.54 EBANK=0.67 ADEC=1.06 TLD=0.30 KDIV=0.65 KVN=1.34 IGN=0.40 TGL=0.21 KV=1.06
  [rfly_replan t=71.6 big=0] gbest=443.4 | EKR=1.97 EKV=1.54 EBANK=0.67 ADEC=1.06 TLD=0.30 KDIV=0.65 KVN=1.34 IGN=0.40 TGL=0.21 KV=1.06
  [rfly_replan t=81.6 big=0] gbest=443.4 | EKR=1.97 EKV=1.54 EBANK=0.67 ADEC=1.06 TLD=0.30 KDIV=0.65 KVN=1.34 IGN=0.40 TGL=0.21 KV=1.06
  [rfly_replan t=91.6 big=0] gbest=428.4 | EKR=1.51 EKV=1.60 EBANK=0.65 ADEC=1.04 TLD=0.25 KDIV=0.65 KVN=1.33 IGN=0.44 TGL=0.03 KV=1.18
  [rfly_replan t=101.6 big=0] gbest=428.4 | EKR=1.51 EKV=1.60 EBANK=0.65 ADEC=1.04 TLD=0.25 KDIV=0.65 KVN=1.33 IGN=0.44 TGL=0.03 KV=1.18
  [rfly_replan t=111.7 big=0] gbest=428.4 | EKR=1.51 EKV=1.60 EBANK=0.65 ADEC=1.04 TLD=0.25 KDIV=0.65 KVN=1.33 IGN=0.44 TGL=0.03 KV=1.18
  [rfly_replan t=121.7 big=0] gbest=428.4 | EKR=1.51 EKV=1.60 EBANK=0.65 ADEC=1.04 TLD=0.25 KDIV=0.65 KVN=1.33 IGN=0.44 TGL=0.03 KV=1.18
  [imu] reference LOST t=129.20 float=x gimbal rates o/m/i = -90/2/-8 deg/s (limit 90) MGA=2.5
  [rfly_replan t=131.7 big=0] gbest=428.4 | EKR=1.51 EKV=1.60 EBANK=0.65 ADEC=1.04 TLD=0.25 KDIV=0.65 KVN=1.33 IGN=0.44 TGL=0.03 KV=1.18
  [rfly_replan t=0.0 big=1] gbest=611.1 | EKR=1.21 EKV=0.96 EBANK=1.11 ADEC=0.55 TLD=1.39 KDIV=0.74 KVN=0.79 IGN=0.40 TGL=0.00 KV=0.76
  [rfly_replan t=9.2 big=0] gbest=1304.6 | EKR=0.90 EKV=1.25 EBANK=1.28 ADEC=0.67 TLD=1.37 KDIV=0.72 KVN=0.54 IGN=0.40 TGL=0.20 KV=0.53
  [rfly_replan t=19.2 big=0] gbest=1090.6 | EKR=0.92 EKV=1.24 EBANK=1.55 ADEC=0.80 TLD=1.49 KDIV=0.71 KVN=0.58 IGN=0.41 TGL=0.13 KV=0.50
  [rfly_replan t=29.3 big=0] gbest=361.0 | EKR=0.64 EKV=0.91 EBANK=1.66 ADEC=0.82 TLD=1.62 KDIV=0.60 KVN=0.82 IGN=0.50 TGL=0.21 KV=0.55
  [rfly_replan t=32.1 big=0] gbest=361.0 | EKR=0.64 EKV=0.91 EBANK=1.66 ADEC=0.82 TLD=1.62 KDIV=0.60 KVN=0.82 IGN=0.50 TGL=0.21 KV=0.55
  [rfly_replan t=42.1 big=0] gbest=361.0 | EKR=0.64 EKV=0.91 EBANK=1.66 ADEC=0.82 TLD=1.62 KDIV=0.60 KVN=0.82 IGN=0.50 TGL=0.21 KV=0.55
  [rfly_replan t=52.1 big=0] gbest=361.0 | EKR=0.64 EKV=0.91 EBANK=1.66 ADEC=0.82 TLD=1.62 KDIV=0.60 KVN=0.82 IGN=0.50 TGL=0.21 KV=0.55
  [rfly_replan t=62.1 big=0] gbest=208.0 | EKR=0.46 EKV=0.85 EBANK=1.83 ADEC=1.01 TLD=1.70 KDIV=0.72 KVN=0.73 IGN=0.50 TGL=0.05 KV=0.69
  [rfly_replan t=72.1 big=0] gbest=208.0 | EKR=0.46 EKV=0.85 EBANK=1.83 ADEC=1.01 TLD=1.70 KDIV=0.72 KVN=0.73 IGN=0.50 TGL=0.05 KV=0.69
  [rfly_replan t=82.1 big=0] gbest=208.0 | EKR=0.46 EKV=0.85 EBANK=1.83 ADEC=1.01 TLD=1.70 KDIV=0.72 KVN=0.73 IGN=0.50 TGL=0.05 KV=0.69
  [rfly_replan t=92.1 big=0] gbest=208.0 | EKR=0.46 EKV=0.85 EBANK=1.83 ADEC=1.01 TLD=1.70 KDIV=0.72 KVN=0.73 IGN=0.50 TGL=0.05 KV=0.69
  [rfly_replan t=102.2 big=0] gbest=189.9 | EKR=0.41 EKV=0.72 EBANK=1.78 ADEC=0.99 TLD=1.70 KDIV=0.65 KVN=0.70 IGN=0.49 TGL=0.05 KV=0.85
  [rfly_replan t=112.2 big=0] gbest=179.2 | EKR=0.38 EKV=0.97 EBANK=1.62 ADEC=1.08 TLD=1.90 KDIV=0.85 KVN=0.70 IGN=0.85 TGL=0.38 KV=1.05
  [imu] reference LOST t=113.37 float=x gimbal rates o/m/i = -90/-5/7 deg/s (limit 90) MGA=-4.2
  [rfly_replan t=122.2 big=0] gbest=179.2 | EKR=0.38 EKV=0.97 EBANK=1.62 ADEC=1.08 TLD=1.90 KDIV=0.85 KVN=0.70 IGN=0.85 TGL=0.38 KV=1.05
  [rfly_replan t=0.0 big=1] gbest=631.3 | EKR=1.09 EKV=0.77 EBANK=1.58 ADEC=0.40 TLD=0.48 KDIV=0.44 KVN=0.97 IGN=0.40 TGL=0.00 KV=0.50
  [rfly_replan t=10.0 big=0] gbest=398.1 | EKR=1.21 EKV=0.75 EBANK=1.47 ADEC=0.40 TLD=0.25 KDIV=0.59 KVN=1.10 IGN=0.45 TGL=0.11 KV=0.50
  [rfly_replan t=17.9 big=0] gbest=6607.1 | EKR=1.19 EKV=0.61 EBANK=1.31 ADEC=0.40 TLD=0.48 KDIV=0.72 KVN=1.39 IGN=0.69 TGL=0.00 KV=0.70
  [rfly_replan t=27.9 big=0] gbest=1067.5 | EKR=0.90 EKV=0.45 EBANK=1.45 ADEC=0.40 TLD=0.49 KDIV=0.68 KVN=1.21 IGN=0.97 TGL=0.00 KV=0.50
  [rfly_replan t=29.8 big=0] gbest=1067.5 | EKR=0.90 EKV=0.45 EBANK=1.45 ADEC=0.40 TLD=0.49 KDIV=0.68 KVN=1.21 IGN=0.97 TGL=0.00 KV=0.50
  [rfly_replan t=39.8 big=0] gbest=1032.9 | EKR=1.23 EKV=0.39 EBANK=1.24 ADEC=0.56 TLD=0.41 KDIV=0.70 KVN=1.48 IGN=1.02 TGL=0.00 KV=0.80
  [rfly_replan t=49.8 big=0] gbest=1032.9 | EKR=1.23 EKV=0.39 EBANK=1.24 ADEC=0.56 TLD=0.41 KDIV=0.70 KVN=1.48 IGN=1.02 TGL=0.00 KV=0.80
  [rfly_replan t=59.8 big=0] gbest=1020.0 | EKR=0.91 EKV=0.30 EBANK=1.23 ADEC=0.42 TLD=0.34 KDIV=0.88 KVN=1.43 IGN=0.81 TGL=0.08 KV=0.80
  [rfly_replan t=69.9 big=0] gbest=726.9 | EKR=1.06 EKV=0.30 EBANK=1.24 ADEC=0.40 TLD=0.25 KDIV=1.04 KVN=1.32 IGN=0.71 TGL=0.14 KV=1.05
  [rfly_replan t=79.9 big=0] gbest=726.9 | EKR=1.06 EKV=0.30 EBANK=1.24 ADEC=0.40 TLD=0.25 KDIV=1.04 KVN=1.32 IGN=0.71 TGL=0.14 KV=1.05
  [rfly_replan t=89.9 big=0] gbest=685.0 | EKR=0.83 EKV=0.30 EBANK=1.39 ADEC=0.60 TLD=0.40 KDIV=1.05 KVN=1.56 IGN=0.40 TGL=0.20 KV=1.13
  [rfly_replan t=99.9 big=0] gbest=579.7 | EKR=0.66 EKV=0.55 EBANK=1.24 ADEC=0.67 TLD=0.64 KDIV=0.93 KVN=1.65 IGN=0.40 TGL=0.12 KV=1.06
  [rfly_replan t=109.9 big=0] gbest=474.1 | EKR=0.85 EKV=0.42 EBANK=1.25 ADEC=0.62 TLD=0.87 KDIV=0.91 KVN=1.85 IGN=0.40 TGL=0.12 KV=1.07
  [rfly_replan t=120.0 big=0] gbest=380.8 | EKR=0.48 EKV=0.93 EBANK=1.42 ADEC=0.75 TLD=1.08 KDIV=0.92 KVN=1.97 IGN=0.40 TGL=0.00 KV=0.96
  [imu] reference LOST t=129.51 float=x gimbal rates o/m/i = 90/3/2 deg/s (limit 90) MGA=1.0
  [rfly_replan t=130.0 big=0] gbest=380.3 | EKR=0.40 EKV=0.86 EBANK=1.39 ADEC=0.66 TLD=1.21 KDIV=0.73 KVN=2.09 IGN=0.71 TGL=0.02 KV=0.76
  [rfly_replan t=0.0 big=1] gbest=486.4 | EKR=0.97 EKV=1.46 EBANK=2.23 ADEC=1.01 TLD=0.96 KDIV=0.70 KVN=1.48 IGN=0.52 TGL=0.11 KV=0.79
  [rfly_replan t=10.0 big=0] gbest=278.9 | EKR=1.26 EKV=1.65 EBANK=2.20 ADEC=0.95 TLD=0.90 KDIV=0.64 KVN=1.56 IGN=0.69 TGL=0.08 KV=0.64
  [rfly_replan t=12.5 big=0] gbest=902.8 | EKR=1.45 EKV=1.58 EBANK=2.35 ADEC=0.90 TLD=1.00 KDIV=0.71 KVN=1.40 IGN=0.40 TGL=0.26 KV=0.60
  [rfly_replan t=22.6 big=0] gbest=668.5 | EKR=1.74 EKV=1.30 EBANK=2.28 ADEC=1.00 TLD=0.73 KDIV=0.71 KVN=1.41 IGN=0.41 TGL=0.16 KV=0.69
  [rfly_replan t=31.7 big=0] gbest=492.3 | EKR=1.68 EKV=1.37 EBANK=2.24 ADEC=1.11 TLD=0.39 KDIV=0.63 KVN=1.39 IGN=0.40 TGL=0.11 KV=0.69
  [rfly_replan t=41.7 big=0] gbest=492.3 | EKR=1.68 EKV=1.37 EBANK=2.24 ADEC=1.11 TLD=0.39 KDIV=0.63 KVN=1.39 IGN=0.40 TGL=0.11 KV=0.69
  [rfly_replan t=51.7 big=0] gbest=492.3 | EKR=1.68 EKV=1.37 EBANK=2.24 ADEC=1.11 TLD=0.39 KDIV=0.63 KVN=1.39 IGN=0.40 TGL=0.11 KV=0.69
  [rfly_replan t=61.7 big=0] gbest=488.4 | EKR=1.66 EKV=1.35 EBANK=2.19 ADEC=1.08 TLD=0.34 KDIV=0.64 KVN=1.50 IGN=0.44 TGL=0.34 KV=0.64
  [rfly_replan t=71.8 big=0] gbest=488.4 | EKR=1.66 EKV=1.35 EBANK=2.19 ADEC=1.08 TLD=0.34 KDIV=0.64 KVN=1.50 IGN=0.44 TGL=0.34 KV=0.64
  [rfly_replan t=81.8 big=0] gbest=428.6 | EKR=1.01 EKV=1.64 EBANK=2.16 ADEC=1.08 TLD=0.25 KDIV=0.68 KVN=1.50 IGN=0.40 TGL=0.75 KV=0.95
  [rfly_replan t=91.8 big=0] gbest=397.6 | EKR=1.14 EKV=1.68 EBANK=2.23 ADEC=1.09 TLD=0.25 KDIV=0.66 KVN=1.50 IGN=0.40 TGL=0.63 KV=0.98
  [rfly_replan t=101.8 big=0] gbest=399.8 | EKR=1.14 EKV=1.68 EBANK=2.23 ADEC=1.09 TLD=0.25 KDIV=0.66 KVN=1.50 IGN=0.40 TGL=0.63 KV=0.98
  [rfly_replan t=111.8 big=0] gbest=372.8 | EKR=1.17 EKV=1.25 EBANK=2.33 ADEC=0.88 TLD=0.25 KDIV=0.74 KVN=1.43 IGN=0.40 TGL=0.64 KV=0.97
  [imu] reference LOST t=120.93 float=x gimbal rates o/m/i = -90/-3/-2 deg/s (limit 90) MGA=3.1
  [rfly_replan t=121.9 big=0] gbest=372.8 | EKR=1.17 EKV=1.25 EBANK=2.33 ADEC=0.88 TLD=0.25 KDIV=0.74 KVN=1.43 IGN=0.40 TGL=0.64 KV=0.97
  [rfly_replan t=0.0 big=1] gbest=494.1 | EKR=1.31 EKV=1.75 EBANK=2.37 ADEC=0.71 TLD=0.47 KDIV=0.43 KVN=1.27 IGN=0.40 TGL=0.00 KV=0.86
  [rfly_replan t=7.2 big=0] gbest=414.5 | EKR=1.29 EKV=1.99 EBANK=2.40 ADEC=0.49 TLD=0.40 KDIV=0.41 KVN=1.44 IGN=0.60 TGL=0.21 KV=0.76
  [rfly_replan t=17.2 big=0] gbest=379.1 | EKR=1.82 EKV=1.94 EBANK=2.45 ADEC=0.46 TLD=0.49 KDIV=0.40 KVN=1.46 IGN=0.59 TGL=0.18 KV=0.98
  [rfly_replan t=27.2 big=0] gbest=379.1 | EKR=1.82 EKV=1.94 EBANK=2.45 ADEC=0.46 TLD=0.49 KDIV=0.40 KVN=1.46 IGN=0.59 TGL=0.18 KV=0.98
  [rfly_replan t=33.4 big=0] gbest=379.1 | EKR=1.82 EKV=1.94 EBANK=2.45 ADEC=0.46 TLD=0.49 KDIV=0.40 KVN=1.46 IGN=0.59 TGL=0.18 KV=0.98
  [rfly_replan t=43.4 big=0] gbest=379.1 | EKR=1.82 EKV=1.94 EBANK=2.45 ADEC=0.46 TLD=0.49 KDIV=0.40 KVN=1.46 IGN=0.59 TGL=0.18 KV=0.98
  [rfly_replan t=53.4 big=0] gbest=379.1 | EKR=1.82 EKV=1.94 EBANK=2.45 ADEC=0.46 TLD=0.49 KDIV=0.40 KVN=1.46 IGN=0.59 TGL=0.18 KV=0.98
  [rfly_replan t=63.4 big=0] gbest=379.1 | EKR=1.82 EKV=1.94 EBANK=2.45 ADEC=0.46 TLD=0.49 KDIV=0.40 KVN=1.46 IGN=0.59 TGL=0.18 KV=0.98
  [rfly_replan t=73.4 big=0] gbest=363.6 | EKR=1.46 EKV=1.91 EBANK=2.47 ADEC=0.45 TLD=0.51 KDIV=0.40 KVN=1.38 IGN=0.60 TGL=0.05 KV=0.96
  [rfly_replan t=83.4 big=0] gbest=363.6 | EKR=1.46 EKV=1.91 EBANK=2.47 ADEC=0.45 TLD=0.51 KDIV=0.40 KVN=1.38 IGN=0.60 TGL=0.05 KV=0.96
  [rfly_replan t=93.4 big=0] gbest=318.9 | EKR=1.39 EKV=2.12 EBANK=2.47 ADEC=0.44 TLD=0.40 KDIV=0.41 KVN=1.41 IGN=0.45 TGL=0.06 KV=1.16
  [rfly_replan t=103.5 big=0] gbest=318.9 | EKR=1.39 EKV=2.12 EBANK=2.47 ADEC=0.44 TLD=0.40 KDIV=0.41 KVN=1.41 IGN=0.45 TGL=0.06 KV=1.16
  [rfly_replan t=113.5 big=0] gbest=318.9 | EKR=1.39 EKV=2.12 EBANK=2.47 ADEC=0.44 TLD=0.40 KDIV=0.41 KVN=1.41 IGN=0.45 TGL=0.06 KV=1.16
  [imu] reference LOST t=115.21 float=x gimbal rates o/m/i = -90/-2/-7 deg/s (limit 90) MGA=5.0
  [rfly_replan t=123.5 big=0] gbest=318.9 | EKR=1.39 EKV=2.12 EBANK=2.47 ADEC=0.44 TLD=0.40 KDIV=0.41 KVN=1.41 IGN=0.45 TGL=0.06 KV=1.16
  [rfly_replan t=0.0 big=1] gbest=369.7 | EKR=0.98 EKV=1.65 EBANK=1.59 ADEC=1.46 TLD=0.78 KDIV=0.50 KVN=1.22 IGN=0.40 TGL=0.00 KV=1.32
  [rfly_replan t=10.0 big=0] gbest=369.7 | EKR=0.98 EKV=1.65 EBANK=1.59 ADEC=1.46 TLD=0.78 KDIV=0.50 KVN=1.22 IGN=0.40 TGL=0.00 KV=1.32
  [rfly_replan t=15.9 big=0] gbest=8905.5 | EKR=1.42 EKV=1.39 EBANK=1.74 ADEC=1.40 TLD=0.74 KDIV=0.48 KVN=1.23 IGN=0.71 TGL=0.00 KV=1.38
  [rfly_replan t=25.9 big=0] gbest=1200.3 | EKR=1.33 EKV=1.09 EBANK=1.58 ADEC=1.31 TLD=0.78 KDIV=0.40 KVN=1.39 IGN=0.78 TGL=0.00 KV=1.50
  [rfly_replan t=32.3 big=0] gbest=682.8 | EKR=1.27 EKV=1.14 EBANK=1.35 ADEC=1.23 TLD=0.50 KDIV=0.40 KVN=1.30 IGN=1.01 TGL=0.00 KV=1.42
  [rfly_replan t=42.3 big=0] gbest=496.3 | EKR=1.27 EKV=1.08 EBANK=1.31 ADEC=1.22 TLD=0.26 KDIV=0.46 KVN=1.16 IGN=0.81 TGL=0.01 KV=1.57
  [rfly_replan t=52.3 big=0] gbest=496.3 | EKR=1.27 EKV=1.08 EBANK=1.31 ADEC=1.22 TLD=0.26 KDIV=0.46 KVN=1.16 IGN=0.81 TGL=0.01 KV=1.57
  [rfly_replan t=62.3 big=0] gbest=496.3 | EKR=1.27 EKV=1.08 EBANK=1.31 ADEC=1.22 TLD=0.26 KDIV=0.46 KVN=1.16 IGN=0.81 TGL=0.01 KV=1.57
  [rfly_replan t=72.3 big=0] gbest=496.3 | EKR=1.27 EKV=1.08 EBANK=1.31 ADEC=1.22 TLD=0.26 KDIV=0.46 KVN=1.16 IGN=0.81 TGL=0.01 KV=1.57
  [rfly_replan t=82.3 big=0] gbest=496.3 | EKR=1.27 EKV=1.08 EBANK=1.31 ADEC=1.22 TLD=0.26 KDIV=0.46 KVN=1.16 IGN=0.81 TGL=0.01 KV=1.57
  [rfly_replan t=92.4 big=0] gbest=432.8 | EKR=1.08 EKV=0.68 EBANK=1.50 ADEC=1.09 TLD=0.25 KDIV=0.40 KVN=1.23 IGN=1.02 TGL=0.00 KV=1.39
  [rfly_replan t=102.4 big=0] gbest=432.8 | EKR=1.08 EKV=0.68 EBANK=1.50 ADEC=1.09 TLD=0.25 KDIV=0.40 KVN=1.23 IGN=1.02 TGL=0.00 KV=1.39
  [rfly_replan t=112.4 big=0] gbest=418.7 | EKR=1.10 EKV=0.88 EBANK=1.47 ADEC=1.11 TLD=0.25 KDIV=0.41 KVN=1.31 IGN=1.07 TGL=0.00 KV=1.29
  [rfly_replan t=122.4 big=0] gbest=418.7 | EKR=1.10 EKV=0.88 EBANK=1.47 ADEC=1.11 TLD=0.25 KDIV=0.41 KVN=1.31 IGN=1.07 TGL=0.00 KV=1.29
  [rfly_replan t=132.4 big=0] gbest=418.7 | EKR=1.10 EKV=0.88 EBANK=1.47 ADEC=1.11 TLD=0.25 KDIV=0.41 KVN=1.31 IGN=1.07 TGL=0.00 KV=1.29
  [rfly_replan t=0.0 big=1] gbest=707.0 | EKR=1.62 EKV=1.82 EBANK=0.60 ADEC=0.96 TLD=1.77 KDIV=0.56 KVN=0.52 IGN=1.23 TGL=0.00 KV=1.17
  [rfly_replan t=10.0 big=0] gbest=633.1 | EKR=1.78 EKV=1.78 EBANK=0.60 ADEC=1.08 TLD=1.96 KDIV=0.55 KVN=0.62 IGN=1.43 TGL=0.00 KV=1.15
  [rfly_replan t=10.5 big=0] gbest=450.9 | EKR=1.54 EKV=1.91 EBANK=0.70 ADEC=0.80 TLD=2.36 KDIV=0.40 KVN=0.50 IGN=1.18 TGL=0.00 KV=1.36
  [rfly_replan t=20.5 big=0] gbest=450.9 | EKR=1.54 EKV=1.91 EBANK=0.70 ADEC=0.80 TLD=2.36 KDIV=0.40 KVN=0.50 IGN=1.18 TGL=0.00 KV=1.36
  [rfly_replan t=30.5 big=0] gbest=450.9 | EKR=1.54 EKV=1.91 EBANK=0.70 ADEC=0.80 TLD=2.36 KDIV=0.40 KVN=0.50 IGN=1.18 TGL=0.00 KV=1.36
  [rfly_replan t=32.0 big=0] gbest=450.9 | EKR=1.54 EKV=1.91 EBANK=0.70 ADEC=0.80 TLD=2.36 KDIV=0.40 KVN=0.50 IGN=1.18 TGL=0.00 KV=1.36
  [rfly_replan t=42.0 big=0] gbest=450.9 | EKR=1.54 EKV=1.91 EBANK=0.70 ADEC=0.80 TLD=2.36 KDIV=0.40 KVN=0.50 IGN=1.18 TGL=0.00 KV=1.36
  [rfly_replan t=52.0 big=0] gbest=450.9 | EKR=1.54 EKV=1.91 EBANK=0.70 ADEC=0.80 TLD=2.36 KDIV=0.40 KVN=0.50 IGN=1.18 TGL=0.00 KV=1.36
  [rfly_replan t=62.0 big=0] gbest=450.9 | EKR=1.54 EKV=1.91 EBANK=0.70 ADEC=0.80 TLD=2.36 KDIV=0.40 KVN=0.50 IGN=1.18 TGL=0.00 KV=1.36
  [rfly_replan t=72.0 big=0] gbest=450.9 | EKR=1.54 EKV=1.91 EBANK=0.70 ADEC=0.80 TLD=2.36 KDIV=0.40 KVN=0.50 IGN=1.18 TGL=0.00 KV=1.36
  [rfly_replan t=82.1 big=0] gbest=450.9 | EKR=1.54 EKV=1.91 EBANK=0.70 ADEC=0.80 TLD=2.36 KDIV=0.40 KVN=0.50 IGN=1.18 TGL=0.00 KV=1.36
  [rfly_replan t=92.1 big=0] gbest=292.6 | EKR=1.78 EKV=1.89 EBANK=0.60 ADEC=0.56 TLD=2.60 KDIV=0.51 KVN=0.50 IGN=1.46 TGL=0.04 KV=1.51
  [rfly_replan t=102.1 big=0] gbest=288.5 | EKR=1.78 EKV=1.89 EBANK=0.60 ADEC=0.56 TLD=2.60 KDIV=0.51 KVN=0.50 IGN=1.46 TGL=0.04 KV=1.51
  [imu] reference LOST t=108.23 float=x gimbal rates o/m/i = 90/-1/4 deg/s (limit 90) MGA=-9.3
  [rfly_replan t=112.1 big=0] gbest=285.6 | EKR=1.34 EKV=1.95 EBANK=0.60 ADEC=0.73 TLD=2.79 KDIV=0.40 KVN=0.50 IGN=1.56 TGL=0.01 KV=1.55
  [rfly_replan t=122.1 big=0] gbest=285.6 | EKR=1.34 EKV=1.95 EBANK=0.60 ADEC=0.73 TLD=2.79 KDIV=0.40 KVN=0.50 IGN=1.56 TGL=0.01 KV=1.55
  [rfly_replan t=0.0 big=1] gbest=591.8 | EKR=0.66 EKV=0.68 EBANK=1.09 ADEC=1.58 TLD=1.47 KDIV=0.71 KVN=0.66 IGN=0.85 TGL=0.28 KV=1.51
  [rfly_replan t=5.2 big=0] gbest=735.0 | EKR=0.66 EKV=0.68 EBANK=1.09 ADEC=1.58 TLD=1.47 KDIV=0.71 KVN=0.66 IGN=0.85 TGL=0.28 KV=1.51
  [rfly_replan t=15.2 big=0] gbest=735.0 | EKR=0.66 EKV=0.68 EBANK=1.09 ADEC=1.58 TLD=1.47 KDIV=0.71 KVN=0.66 IGN=0.85 TGL=0.28 KV=1.51
  [rfly_replan t=25.2 big=0] gbest=369.6 | EKR=0.37 EKV=0.86 EBANK=1.52 ADEC=1.42 TLD=1.69 KDIV=0.69 KVN=0.81 IGN=1.14 TGL=0.37 KV=1.35
  [rfly_replan t=33.7 big=0] gbest=369.6 | EKR=0.37 EKV=0.86 EBANK=1.52 ADEC=1.42 TLD=1.69 KDIV=0.69 KVN=0.81 IGN=1.14 TGL=0.37 KV=1.35
  [rfly_replan t=43.7 big=0] gbest=369.6 | EKR=0.37 EKV=0.86 EBANK=1.52 ADEC=1.42 TLD=1.69 KDIV=0.69 KVN=0.81 IGN=1.14 TGL=0.37 KV=1.35
  [rfly_replan t=53.7 big=0] gbest=248.1 | EKR=0.30 EKV=0.84 EBANK=1.43 ADEC=1.44 TLD=1.72 KDIV=0.69 KVN=0.96 IGN=1.01 TGL=0.40 KV=1.46
  [rfly_replan t=63.7 big=0] gbest=248.1 | EKR=0.30 EKV=0.84 EBANK=1.43 ADEC=1.44 TLD=1.72 KDIV=0.69 KVN=0.96 IGN=1.01 TGL=0.40 KV=1.46
  [rfly_replan t=73.7 big=0] gbest=248.1 | EKR=0.30 EKV=0.84 EBANK=1.43 ADEC=1.44 TLD=1.72 KDIV=0.69 KVN=0.96 IGN=1.01 TGL=0.40 KV=1.46
  [rfly_replan t=83.7 big=0] gbest=248.1 | EKR=0.30 EKV=0.84 EBANK=1.43 ADEC=1.44 TLD=1.72 KDIV=0.69 KVN=0.96 IGN=1.01 TGL=0.40 KV=1.46
  [rfly_replan t=93.7 big=0] gbest=776.8 | EKR=0.57 EKV=0.71 EBANK=1.34 ADEC=1.57 TLD=1.47 KDIV=0.66 KVN=1.16 IGN=1.10 TGL=0.53 KV=1.64
  [rfly_replan t=103.8 big=0] gbest=493.1 | EKR=0.36 EKV=0.49 EBANK=1.08 ADEC=1.71 TLD=1.83 KDIV=0.67 KVN=1.05 IGN=0.83 TGL=0.39 KV=1.66
  [rfly_replan t=113.8 big=0] gbest=491.3 | EKR=0.30 EKV=0.58 EBANK=1.18 ADEC=1.44 TLD=1.93 KDIV=0.58 KVN=1.21 IGN=1.34 TGL=0.53 KV=1.45
  [imu] reference LOST t=114.62 float=x gimbal rates o/m/i = -90/1/-1 deg/s (limit 90) MGA=-1.5
  [rfly_replan t=123.8 big=0] gbest=491.3 | EKR=0.30 EKV=0.58 EBANK=1.18 ADEC=1.44 TLD=1.93 KDIV=0.58 KVN=1.21 IGN=1.34 TGL=0.53 KV=1.45
