  [rfly_replan t=0.0 big=1] gbest=334.6 | EKR=1.57 EKV=1.75 EBANK=1.04 ADEC=0.54 TLD=0.45 KDIV=0.55 KVN=1.10 IGN=1.27 TGL=0.13 KV=0.54
  [rfly_replan t=10.0 big=0] gbest=334.6 | EKR=1.57 EKV=1.75 EBANK=1.04 ADEC=0.54 TLD=0.45 KDIV=0.55 KVN=1.10 IGN=1.27 TGL=0.13 KV=0.54
  [rfly_replan t=12.7 big=0] gbest=735.5 | EKR=1.71 EKV=1.96 EBANK=0.89 ADEC=0.76 TLD=0.45 KDIV=0.42 KVN=1.19 IGN=0.86 TGL=0.28 KV=0.82
  [rfly_replan t=22.7 big=0] gbest=735.5 | EKR=1.71 EKV=1.96 EBANK=0.89 ADEC=0.76 TLD=0.45 KDIV=0.42 KVN=1.19 IGN=0.86 TGL=0.28 KV=0.82
  [rfly_replan t=31.6 big=0] gbest=641.3 | EKR=1.33 EKV=1.87 EBANK=1.06 ADEC=0.93 TLD=0.58 KDIV=0.69 KVN=1.24 IGN=0.67 TGL=0.15 KV=0.89
  [rfly_replan t=41.6 big=0] gbest=641.3 | EKR=1.33 EKV=1.87 EBANK=1.06 ADEC=0.93 TLD=0.58 KDIV=0.69 KVN=1.24 IGN=0.67 TGL=0.15 KV=0.89
  [rfly_replan t=51.6 big=0] gbest=503.1 | EKR=1.53 EKV=1.80 EBANK=1.07 ADEC=0.92 TLD=0.56 KDIV=0.70 KVN=1.25 IGN=0.68 TGL=0.40 KV=0.89
  [rfly_replan t=61.6 big=0] gbest=503.1 | EKR=1.53 EKV=1.80 EBANK=1.07 ADEC=0.92 TLD=0.56 KDIV=0.70 KVN=1.25 IGN=0.68 TGL=0.40 KV=0.89
  [rfly_replan t=71.6 big=0] gbest=451.9 | EKR=2.00 EKV=1.83 EBANK=1.09 ADEC=0.91 TLD=0.57 KDIV=0.72 KVN=1.30 IGN=0.95 TGL=0.45 KV=0.92
  [rfly_replan t=81.6 big=0] gbest=451.9 | EKR=2.00 EKV=1.83 EBANK=1.09 ADEC=0.91 TLD=0.57 KDIV=0.72 KVN=1.30 IGN=0.95 TGL=0.45 KV=0.92
  [rfly_replan t=91.6 big=0] gbest=451.9 | EKR=2.00 EKV=1.83 EBANK=1.09 ADEC=0.91 TLD=0.57 KDIV=0.72 KVN=1.30 IGN=0.95 TGL=0.45 KV=0.92
  [rfly_replan t=101.7 big=0] gbest=442.9 | EKR=2.00 EKV=1.83 EBANK=1.09 ADEC=0.91 TLD=0.57 KDIV=0.72 KVN=1.30 IGN=0.95 TGL=0.45 KV=0.92
  [rfly_replan t=111.7 big=0] gbest=451.9 | EKR=2.00 EKV=1.83 EBANK=1.09 ADEC=0.91 TLD=0.57 KDIV=0.72 KVN=1.30 IGN=0.95 TGL=0.45 KV=0.92
  [imu] reference LOST t=121.55 float=x gimbal rates o/m/i = -90/-1/-2 deg/s (limit 90) MGA=2.5
  [rfly_replan t=121.7 big=0] gbest=450.5 | EKR=1.84 EKV=1.73 EBANK=1.34 ADEC=0.88 TLD=0.68 KDIV=0.91 KVN=1.07 IGN=0.65 TGL=0.74 KV=1.13
  [rfly_replan t=0.0 big=1] gbest=476.8 | EKR=1.57 EKV=1.75 EBANK=1.04 ADEC=0.54 TLD=0.45 KDIV=0.55 KVN=1.10 IGN=1.27 TGL=0.13 KV=0.54
  [rfly_replan t=7.3 big=0] gbest=873.3 | EKR=1.34 EKV=1.93 EBANK=1.19 ADEC=0.50 TLD=0.28 KDIV=0.40 KVN=0.97 IGN=1.08 TGL=0.00 KV=0.50
  [rfly_replan t=17.3 big=0] gbest=830.9 | EKR=0.97 EKV=1.73 EBANK=1.29 ADEC=0.63 TLD=0.44 KDIV=0.40 KVN=0.94 IGN=1.15 TGL=0.00 KV=0.65
  [rfly_replan t=27.3 big=0] gbest=823.1 | EKR=0.98 EKV=1.65 EBANK=1.58 ADEC=0.56 TLD=0.43 KDIV=0.40 KVN=1.01 IGN=1.01 TGL=0.14 KV=0.54
  [rfly_replan t=32.6 big=0] gbest=754.2 | EKR=1.26 EKV=1.62 EBANK=1.49 ADEC=0.63 TLD=0.50 KDIV=0.41 KVN=0.95 IGN=0.96 TGL=0.03 KV=0.56
  [rfly_replan t=42.6 big=0] gbest=750.1 | EKR=1.38 EKV=1.58 EBANK=1.32 ADEC=0.61 TLD=0.55 KDIV=0.40 KVN=0.78 IGN=1.27 TGL=0.21 KV=0.58
  [rfly_replan t=52.6 big=0] gbest=608.0 | EKR=1.13 EKV=1.67 EBANK=1.18 ADEC=0.76 TLD=0.59 KDIV=0.40 KVN=0.85 IGN=1.30 TGL=0.10 KV=0.62
  [rfly_replan t=62.6 big=0] gbest=608.0 | EKR=1.13 EKV=1.67 EBANK=1.18 ADEC=0.76 TLD=0.59 KDIV=0.40 KVN=0.85 IGN=1.30 TGL=0.10 KV=0.62
  [rfly_replan t=72.6 big=0] gbest=608.0 | EKR=1.13 EKV=1.67 EBANK=1.18 ADEC=0.76 TLD=0.59 KDIV=0.40 KVN=0.85 IGN=1.30 TGL=0.10 KV=0.62
  [rfly_replan t=82.6 big=0] gbest=603.6 | EKR=1.16 EKV=1.31 EBANK=1.04 ADEC=0.77 TLD=0.53 KDIV=0.41 KVN=1.03 IGN=1.33 TGL=0.08 KV=0.63
  [rfly_replan t=92.7 big=0] gbest=577.8 | EKR=1.17 EKV=1.41 EBANK=0.93 ADEC=0.89 TLD=0.55 KDIV=0.40 KVN=1.08 IGN=1.24 TGL=0.10 KV=0.51
  [rfly_replan t=102.7 big=0] gbest=562.5 | EKR=1.38 EKV=1.50 EBANK=0.75 ADEC=0.74 TLD=0.39 KDIV=0.45 KVN=1.09 IGN=1.37 TGL=0.19 KV=0.66
  [rfly_replan t=112.7 big=0] gbest=562.5 | EKR=1.38 EKV=1.50 EBANK=0.75 ADEC=0.74 TLD=0.39 KDIV=0.45 KVN=1.09 IGN=1.37 TGL=0.19 KV=0.66
  [rfly_replan t=0.0 big=1] gbest=490.2 | EKR=1.50 EKV=1.03 EBANK=1.36 ADEC=0.48 TLD=0.39 KDIV=0.40 KVN=1.07 IGN=1.65 TGL=0.00 KV=0.50
  [rfly_replan t=10.0 big=0] gbest=490.2 | EKR=1.50 EKV=1.03 EBANK=1.36 ADEC=0.48 TLD=0.39 KDIV=0.40 KVN=1.07 IGN=1.65 TGL=0.00 KV=0.50
  [rfly_replan t=16.0 big=0] gbest=513.0 | EKR=1.49 EKV=0.64 EBANK=1.50 ADEC=0.51 TLD=0.55 KDIV=0.41 KVN=0.85 IGN=1.19 TGL=0.25 KV=0.62
  [rfly_replan t=26.0 big=0] gbest=513.0 | EKR=1.49 EKV=0.64 EBANK=1.50 ADEC=0.51 TLD=0.55 KDIV=0.41 KVN=0.85 IGN=1.19 TGL=0.25 KV=0.62
  [rfly_replan t=30.7 big=0] gbest=367.4 | EKR=1.78 EKV=0.85 EBANK=1.64 ADEC=0.44 TLD=0.42 KDIV=0.40 KVN=0.73 IGN=1.22 TGL=0.13 KV=0.75
  [rfly_replan t=40.7 big=0] gbest=367.4 | EKR=1.78 EKV=0.85 EBANK=1.64 ADEC=0.44 TLD=0.42 KDIV=0.40 KVN=0.73 IGN=1.22 TGL=0.13 KV=0.75
  [rfly_replan t=50.7 big=0] gbest=367.4 | EKR=1.78 EKV=0.85 EBANK=1.64 ADEC=0.44 TLD=0.42 KDIV=0.40 KVN=0.73 IGN=1.22 TGL=0.13 KV=0.75
  [rfly_replan t=60.7 big=0] gbest=367.4 | EKR=1.78 EKV=0.85 EBANK=1.64 ADEC=0.44 TLD=0.42 KDIV=0.40 KVN=0.73 IGN=1.22 TGL=0.13 KV=0.75
  [rfly_replan t=70.7 big=0] gbest=367.4 | EKR=1.78 EKV=0.85 EBANK=1.64 ADEC=0.44 TLD=0.42 KDIV=0.40 KVN=0.73 IGN=1.22 TGL=0.13 KV=0.75
  [rfly_replan t=80.7 big=0] gbest=367.4 | EKR=1.78 EKV=0.85 EBANK=1.64 ADEC=0.44 TLD=0.42 KDIV=0.40 KVN=0.73 IGN=1.22 TGL=0.13 KV=0.75
  [rfly_replan t=90.7 big=0] gbest=367.4 | EKR=1.78 EKV=0.85 EBANK=1.64 ADEC=0.44 TLD=0.42 KDIV=0.40 KVN=0.73 IGN=1.22 TGL=0.13 KV=0.75
  [rfly_replan t=100.7 big=0] gbest=367.4 | EKR=1.78 EKV=0.85 EBANK=1.64 ADEC=0.44 TLD=0.42 KDIV=0.40 KVN=0.73 IGN=1.22 TGL=0.13 KV=0.75
  [rfly_replan t=110.8 big=0] gbest=363.4 | EKR=1.89 EKV=0.75 EBANK=1.61 ADEC=0.40 TLD=0.33 KDIV=0.41 KVN=0.75 IGN=1.36 TGL=0.19 KV=0.67
  [rfly_replan t=120.8 big=0] gbest=241.0 | EKR=2.12 EKV=0.56 EBANK=1.54 ADEC=0.58 TLD=0.38 KDIV=0.40 KVN=1.10 IGN=1.16 TGL=0.06 KV=0.87
  [imu] reference LOST t=125.41 float=x gimbal rates o/m/i = -90/7/-0 deg/s (limit 90) MGA=-2.7
  [rfly_replan t=130.8 big=0] gbest=241.0 | EKR=2.12 EKV=0.56 EBANK=1.54 ADEC=0.58 TLD=0.38 KDIV=0.40 KVN=1.10 IGN=1.16 TGL=0.06 KV=0.87
  [rfly_replan t=0.0 big=1] gbest=332.6 | EKR=1.68 EKV=1.66 EBANK=1.25 ADEC=0.40 TLD=0.30 KDIV=1.05 KVN=0.50 IGN=1.19 TGL=0.00 KV=1.41
  [rfly_replan t=10.0 big=0] gbest=332.6 | EKR=1.68 EKV=1.66 EBANK=1.25 ADEC=0.40 TLD=0.30 KDIV=1.05 KVN=0.50 IGN=1.19 TGL=0.00 KV=1.41
  [rfly_replan t=10.6 big=0] gbest=549.1 | EKR=1.55 EKV=2.00 EBANK=1.22 ADEC=0.41 TLD=0.40 KDIV=0.99 KVN=0.50 IGN=1.61 TGL=0.13 KV=1.50
  [rfly_replan t=20.6 big=0] gbest=549.1 | EKR=1.55 EKV=2.00 EBANK=1.22 ADEC=0.41 TLD=0.40 KDIV=0.99 KVN=0.50 IGN=1.61 TGL=0.13 KV=1.50
  [rfly_replan t=30.5 big=0] gbest=549.1 | EKR=1.55 EKV=2.00 EBANK=1.22 ADEC=0.41 TLD=0.40 KDIV=0.99 KVN=0.50 IGN=1.61 TGL=0.13 KV=1.50
  [rfly_replan t=40.5 big=0] gbest=549.1 | EKR=1.55 EKV=2.00 EBANK=1.22 ADEC=0.41 TLD=0.40 KDIV=0.99 KVN=0.50 IGN=1.61 TGL=0.13 KV=1.50
  [rfly_replan t=50.5 big=0] gbest=549.1 | EKR=1.55 EKV=2.00 EBANK=1.22 ADEC=0.41 TLD=0.40 KDIV=0.99 KVN=0.50 IGN=1.61 TGL=0.13 KV=1.50
  [rfly_replan t=60.5 big=0] gbest=549.1 | EKR=1.55 EKV=2.00 EBANK=1.22 ADEC=0.41 TLD=0.40 KDIV=0.99 KVN=0.50 IGN=1.61 TGL=0.13 KV=1.50
  [rfly_replan t=70.5 big=0] gbest=549.1 | EKR=1.55 EKV=2.00 EBANK=1.22 ADEC=0.41 TLD=0.40 KDIV=0.99 KVN=0.50 IGN=1.61 TGL=0.13 KV=1.50
  [rfly_replan t=80.5 big=0] gbest=549.1 | EKR=1.55 EKV=2.00 EBANK=1.22 ADEC=0.41 TLD=0.40 KDIV=0.99 KVN=0.50 IGN=1.61 TGL=0.13 KV=1.50
  [rfly_replan t=90.5 big=0] gbest=549.1 | EKR=1.55 EKV=2.00 EBANK=1.22 ADEC=0.41 TLD=0.40 KDIV=0.99 KVN=0.50 IGN=1.61 TGL=0.13 KV=1.50
  [rfly_replan t=100.5 big=0] gbest=477.9 | EKR=1.52 EKV=2.03 EBANK=0.71 ADEC=0.40 TLD=0.39 KDIV=1.10 KVN=0.50 IGN=2.00 TGL=0.44 KV=1.35
  [rfly_replan t=110.6 big=0] gbest=472.6 | EKR=1.71 EKV=1.75 EBANK=0.79 ADEC=0.40 TLD=0.45 KDIV=1.29 KVN=0.51 IGN=1.76 TGL=0.34 KV=1.15
  [rfly_replan t=0.0 big=1] gbest=621.9 | EKR=1.32 EKV=1.41 EBANK=0.73 ADEC=1.47 TLD=1.39 KDIV=0.69 KVN=0.50 IGN=1.35 TGL=0.18 KV=1.43
  [rfly_replan t=5.3 big=0] gbest=670.8 | EKR=1.50 EKV=1.62 EBANK=0.64 ADEC=1.22 TLD=1.11 KDIV=0.40 KVN=0.53 IGN=1.37 TGL=0.10 KV=1.73
  [rfly_replan t=15.3 big=0] gbest=670.8 | EKR=1.50 EKV=1.62 EBANK=0.64 ADEC=1.22 TLD=1.11 KDIV=0.40 KVN=0.53 IGN=1.37 TGL=0.10 KV=1.73
  [rfly_replan t=25.3 big=0] gbest=587.7 | EKR=1.77 EKV=1.56 EBANK=0.60 ADEC=1.29 TLD=0.99 KDIV=0.40 KVN=0.58 IGN=1.44 TGL=0.24 KV=1.71
  [rfly_replan t=35.3 big=0] gbest=377.1 | EKR=1.36 EKV=1.48 EBANK=0.64 ADEC=1.37 TLD=0.85 KDIV=0.40 KVN=0.50 IGN=1.35 TGL=0.29 KV=1.56
  [rfly_replan t=35.8 big=0] gbest=348.8 | EKR=0.98 EKV=1.68 EBANK=0.66 ADEC=1.51 TLD=0.94 KDIV=0.40 KVN=0.52 IGN=1.36 TGL=0.39 KV=1.57
  [rfly_replan t=45.8 big=0] gbest=348.8 | EKR=0.98 EKV=1.68 EBANK=0.66 ADEC=1.51 TLD=0.94 KDIV=0.40 KVN=0.52 IGN=1.36 TGL=0.39 KV=1.57
  [rfly_replan t=55.8 big=0] gbest=318.1 | EKR=0.57 EKV=1.50 EBANK=0.65 ADEC=1.48 TLD=0.96 KDIV=0.40 KVN=0.56 IGN=1.00 TGL=0.40 KV=1.66
  [rfly_replan t=65.8 big=0] gbest=318.1 | EKR=0.57 EKV=1.50 EBANK=0.65 ADEC=1.48 TLD=0.96 KDIV=0.40 KVN=0.56 IGN=1.00 TGL=0.40 KV=1.66
  [rfly_replan t=75.8 big=0] gbest=318.1 | EKR=0.57 EKV=1.50 EBANK=0.65 ADEC=1.48 TLD=0.96 KDIV=0.40 KVN=0.56 IGN=1.00 TGL=0.40 KV=1.66
  [rfly_replan t=85.8 big=0] gbest=318.1 | EKR=0.57 EKV=1.50 EBANK=0.65 ADEC=1.48 TLD=0.96 KDIV=0.40 KVN=0.56 IGN=1.00 TGL=0.40 KV=1.66
  [rfly_replan t=95.9 big=0] gbest=303.7 | EKR=0.30 EKV=1.77 EBANK=0.60 ADEC=1.57 TLD=1.23 KDIV=0.40 KVN=0.50 IGN=1.51 TGL=0.47 KV=1.70
  [rfly_replan t=105.9 big=0] gbest=252.0 | EKR=0.30 EKV=1.73 EBANK=0.74 ADEC=1.64 TLD=1.23 KDIV=0.40 KVN=0.50 IGN=0.99 TGL=0.46 KV=1.71
  [rfly_replan t=115.9 big=0] gbest=168.5 | EKR=0.30 EKV=1.73 EBANK=0.60 ADEC=1.56 TLD=1.40 KDIV=0.43 KVN=0.50 IGN=0.98 TGL=0.45 KV=1.68
  [imu] reference LOST t=116.06 float=x gimbal rates o/m/i = -90/-4/7 deg/s (limit 90) MGA=1.9
  [rfly_replan t=125.9 big=0] gbest=168.5 | EKR=0.30 EKV=1.73 EBANK=0.60 ADEC=1.56 TLD=1.40 KDIV=0.43 KVN=0.50 IGN=0.98 TGL=0.45 KV=1.68
  [rfly_replan t=0.0 big=1] gbest=474.9 | EKR=1.27 EKV=1.41 EBANK=1.38 ADEC=1.75 TLD=1.52 KDIV=0.40 KVN=0.63 IGN=1.48 TGL=0.38 KV=1.17
  [rfly_replan t=10.0 big=0] gbest=388.9 | EKR=1.20 EKV=1.36 EBANK=1.50 ADEC=1.60 TLD=1.45 KDIV=0.41 KVN=0.64 IGN=1.48 TGL=0.36 KV=1.19
  [rfly_replan t=13.9 big=0] gbest=1038.1 | EKR=1.48 EKV=1.42 EBANK=1.37 ADEC=1.82 TLD=1.40 KDIV=0.40 KVN=0.50 IGN=1.48 TGL=0.32 KV=1.09
  [rfly_replan t=23.9 big=0] gbest=969.8 | EKR=1.64 EKV=1.73 EBANK=1.66 ADEC=1.99 TLD=1.15 KDIV=0.56 KVN=0.50 IGN=1.20 TGL=0.24 KV=1.07
  [rfly_replan t=29.8 big=0] gbest=732.2 | EKR=1.51 EKV=1.92 EBANK=1.61 ADEC=1.85 TLD=1.30 KDIV=0.50 KVN=0.50 IGN=0.90 TGL=0.62 KV=1.02
  [rfly_replan t=39.8 big=0] gbest=603.0 | EKR=1.63 EKV=2.37 EBANK=1.45 ADEC=1.69 TLD=1.12 KDIV=0.52 KVN=0.50 IGN=0.64 TGL=0.75 KV=1.15
  [rfly_replan t=49.8 big=0] gbest=581.7 | EKR=1.65 EKV=2.57 EBANK=1.49 ADEC=1.72 TLD=1.03 KDIV=0.51 KVN=0.52 IGN=0.66 TGL=0.67 KV=0.94
  [rfly_replan t=59.8 big=0] gbest=581.7 | EKR=1.65 EKV=2.57 EBANK=1.49 ADEC=1.72 TLD=1.03 KDIV=0.51 KVN=0.52 IGN=0.66 TGL=0.67 KV=0.94
  [rfly_replan t=69.8 big=0] gbest=573.5 | EKR=1.45 EKV=2.79 EBANK=1.67 ADEC=1.59 TLD=0.90 KDIV=0.41 KVN=0.54 IGN=0.88 TGL=0.81 KV=0.81
  [rfly_replan t=79.9 big=0] gbest=573.5 | EKR=1.45 EKV=2.79 EBANK=1.67 ADEC=1.59 TLD=0.90 KDIV=0.41 KVN=0.54 IGN=0.88 TGL=0.81 KV=0.81
  [rfly_replan t=89.9 big=0] gbest=506.6 | EKR=1.26 EKV=2.59 EBANK=1.59 ADEC=1.71 TLD=0.96 KDIV=0.45 KVN=0.50 IGN=0.85 TGL=1.01 KV=0.52
  [rfly_replan t=99.9 big=0] gbest=506.6 | EKR=1.26 EKV=2.59 EBANK=1.59 ADEC=1.71 TLD=0.96 KDIV=0.45 KVN=0.50 IGN=0.85 TGL=1.01 KV=0.52
  [rfly_replan t=109.9 big=0] gbest=503.5 | EKR=1.15 EKV=2.65 EBANK=1.56 ADEC=1.70 TLD=1.04 KDIV=0.46 KVN=0.74 IGN=0.82 TGL=0.97 KV=0.50
  [imu] reference LOST t=119.08 float=x gimbal rates o/m/i = -90/7/5 deg/s (limit 90) MGA=3.1
  [rfly_replan t=119.9 big=0] gbest=434.0 | EKR=1.24 EKV=2.45 EBANK=1.51 ADEC=1.86 TLD=0.88 KDIV=0.58 KVN=0.84 IGN=0.48 TGL=0.90 KV=0.78
  [rfly_replan t=130.0 big=0] gbest=434.0 | EKR=1.24 EKV=2.45 EBANK=1.51 ADEC=1.86 TLD=0.88 KDIV=0.58 KVN=0.84 IGN=0.48 TGL=0.90 KV=0.78
  [rfly_replan t=0.0 big=1] gbest=560.6 | EKR=1.83 EKV=1.29 EBANK=2.10 ADEC=1.25 TLD=1.19 KDIV=0.65 KVN=1.16 IGN=1.46 TGL=0.10 KV=1.56
  [rfly_replan t=8.6 big=0] gbest=1323.2 | EKR=1.68 EKV=1.28 EBANK=1.91 ADEC=1.16 TLD=0.99 KDIV=0.77 KVN=1.19 IGN=1.07 TGL=0.00 KV=1.73
  [rfly_replan t=18.6 big=0] gbest=652.4 | EKR=1.52 EKV=1.32 EBANK=1.92 ADEC=1.27 TLD=0.71 KDIV=0.55 KVN=1.39 IGN=0.81 TGL=0.00 KV=1.68
  [rfly_replan t=28.6 big=0] gbest=648.0 | EKR=1.70 EKV=1.37 EBANK=1.72 ADEC=1.35 TLD=0.53 KDIV=0.40 KVN=1.29 IGN=0.92 TGL=0.16 KV=1.70
  [rfly_replan t=33.8 big=0] gbest=525.7 | EKR=1.66 EKV=1.55 EBANK=1.48 ADEC=1.34 TLD=0.56 KDIV=0.53 KVN=1.15 IGN=1.29 TGL=0.31 KV=1.51
  [rfly_replan t=43.8 big=0] gbest=405.3 | EKR=1.47 EKV=1.52 EBANK=1.21 ADEC=1.21 TLD=0.48 KDIV=0.60 KVN=1.34 IGN=1.49 TGL=0.33 KV=1.56
  [rfly_replan t=53.8 big=0] gbest=405.3 | EKR=1.47 EKV=1.52 EBANK=1.21 ADEC=1.21 TLD=0.48 KDIV=0.60 KVN=1.34 IGN=1.49 TGL=0.33 KV=1.56
  [rfly_replan t=63.8 big=0] gbest=405.3 | EKR=1.47 EKV=1.52 EBANK=1.21 ADEC=1.21 TLD=0.48 KDIV=0.60 KVN=1.34 IGN=1.49 TGL=0.33 KV=1.56
  [rfly_replan t=73.8 big=0] gbest=332.2 | EKR=1.62 EKV=1.41 EBANK=1.21 ADEC=1.21 TLD=0.46 KDIV=0.62 KVN=1.39 IGN=1.57 TGL=0.24 KV=1.39
  [rfly_replan t=83.9 big=0] gbest=332.2 | EKR=1.62 EKV=1.41 EBANK=1.21 ADEC=1.21 TLD=0.46 KDIV=0.62 KVN=1.39 IGN=1.57 TGL=0.24 KV=1.39
  [rfly_replan t=93.9 big=0] gbest=332.2 | EKR=1.62 EKV=1.41 EBANK=1.21 ADEC=1.21 TLD=0.46 KDIV=0.62 KVN=1.39 IGN=1.57 TGL=0.24 KV=1.39
  [rfly_replan t=103.9 big=0] gbest=322.3 | EKR=1.82 EKV=1.14 EBANK=1.22 ADEC=1.22 TLD=0.43 KDIV=0.63 KVN=1.45 IGN=1.79 TGL=0.09 KV=1.29
  [imu] reference LOST t=112.85 float=x gimbal rates o/m/i = -90/-0/-0 deg/s (limit 90) MGA=12.4
  [rfly_replan t=113.9 big=0] gbest=301.2 | EKR=1.99 EKV=1.23 EBANK=0.97 ADEC=1.37 TLD=0.34 KDIV=0.56 KVN=1.59 IGN=1.74 TGL=0.05 KV=1.14
  [rfly_replan t=123.9 big=0] gbest=301.2 | EKR=1.99 EKV=1.23 EBANK=0.97 ADEC=1.37 TLD=0.34 KDIV=0.56 KVN=1.59 IGN=1.74 TGL=0.05 KV=1.14
  [rfly_replan t=0.0 big=1] gbest=423.8 | EKR=0.90 EKV=0.48 EBANK=0.62 ADEC=0.93 TLD=0.37 KDIV=0.40 KVN=0.87 IGN=0.40 TGL=0.05 KV=1.27
  [rfly_replan t=10.0 big=0] gbest=423.8 | EKR=0.90 EKV=0.48 EBANK=0.62 ADEC=0.93 TLD=0.37 KDIV=0.40 KVN=0.87 IGN=0.40 TGL=0.05 KV=1.27
  [rfly_replan t=17.2 big=0] gbest=812.9 | EKR=1.06 EKV=0.30 EBANK=0.61 ADEC=1.09 TLD=0.25 KDIV=0.51 KVN=0.87 IGN=0.40 TGL=0.15 KV=1.44
  [rfly_replan t=27.2 big=0] gbest=641.1 | EKR=1.36 EKV=0.30 EBANK=0.60 ADEC=1.25 TLD=0.43 KDIV=0.48 KVN=0.85 IGN=0.40 TGL=0.29 KV=1.60
  [rfly_replan t=28.2 big=0] gbest=641.1 | EKR=1.36 EKV=0.30 EBANK=0.60 ADEC=1.25 TLD=0.43 KDIV=0.48 KVN=0.85 IGN=0.40 TGL=0.29 KV=1.60
  [rfly_replan t=38.2 big=0] gbest=641.1 | EKR=1.36 EKV=0.30 EBANK=0.60 ADEC=1.25 TLD=0.43 KDIV=0.48 KVN=0.85 IGN=0.40 TGL=0.29 KV=1.60
  [rfly_replan t=48.2 big=0] gbest=641.1 | EKR=1.36 EKV=0.30 EBANK=0.60 ADEC=1.25 TLD=0.43 KDIV=0.48 KVN=0.85 IGN=0.40 TGL=0.29 KV=1.60
  [rfly_replan t=58.2 big=0] gbest=641.1 | EKR=1.36 EKV=0.30 EBANK=0.60 ADEC=1.25 TLD=0.43 KDIV=0.48 KVN=0.85 IGN=0.40 TGL=0.29 KV=1.60
  [rfly_replan t=68.2 big=0] gbest=641.1 | EKR=1.36 EKV=0.30 EBANK=0.60 ADEC=1.25 TLD=0.43 KDIV=0.48 KVN=0.85 IGN=0.40 TGL=0.29 KV=1.60
  [rfly_replan t=78.2 big=0] gbest=641.1 | EKR=1.36 EKV=0.30 EBANK=0.60 ADEC=1.25 TLD=0.43 KDIV=0.48 KVN=0.85 IGN=0.40 TGL=0.29 KV=1.60
  [rfly_replan t=88.2 big=0] gbest=641.1 | EKR=1.36 EKV=0.30 EBANK=0.60 ADEC=1.25 TLD=0.43 KDIV=0.48 KVN=0.85 IGN=0.40 TGL=0.29 KV=1.60
  [rfly_replan t=98.2 big=0] gbest=477.6 | EKR=1.64 EKV=0.72 EBANK=0.60 ADEC=1.33 TLD=0.36 KDIV=0.56 KVN=0.92 IGN=0.84 TGL=0.42 KV=1.33
  [rfly_replan t=108.3 big=0] gbest=314.7 | EKR=1.68 EKV=0.76 EBANK=0.82 ADEC=1.45 TLD=0.38 KDIV=0.71 KVN=0.89 IGN=0.77 TGL=0.36 KV=1.45
  [rfly_replan t=118.3 big=0] gbest=314.7 | EKR=1.68 EKV=0.76 EBANK=0.82 ADEC=1.45 TLD=0.38 KDIV=0.71 KVN=0.89 IGN=0.77 TGL=0.36 KV=1.45
  [rfly_replan t=0.0 big=1] gbest=239.8 | EKR=1.02 EKV=2.11 EBANK=1.04 ADEC=1.01 TLD=0.73 KDIV=1.30 KVN=0.73 IGN=0.74 TGL=0.00 KV=1.54
  [rfly_replan t=10.0 big=0] gbest=239.8 | EKR=1.02 EKV=2.11 EBANK=1.04 ADEC=1.01 TLD=0.73 KDIV=1.30 KVN=0.73 IGN=0.74 TGL=0.00 KV=1.54
  [rfly_replan t=11.9 big=0] gbest=6128.8 | EKR=1.30 EKV=1.90 EBANK=1.36 ADEC=1.02 TLD=0.92 KDIV=1.32 KVN=0.84 IGN=0.53 TGL=0.00 KV=1.66
  [rfly_replan t=21.9 big=0] gbest=1520.7 | EKR=1.56 EKV=1.95 EBANK=1.25 ADEC=1.14 TLD=1.22 KDIV=1.34 KVN=0.84 IGN=0.72 TGL=0.00 KV=1.79
  [rfly_replan t=31.3 big=0] gbest=1171.2 | EKR=1.55 EKV=2.00 EBANK=0.97 ADEC=1.16 TLD=1.25 KDIV=1.29 KVN=0.86 IGN=0.83 TGL=0.01 KV=1.95
  [rfly_replan t=41.3 big=0] gbest=1171.2 | EKR=1.55 EKV=2.00 EBANK=0.97 ADEC=1.16 TLD=1.25 KDIV=1.29 KVN=0.86 IGN=0.83 TGL=0.01 KV=1.95
  [rfly_replan t=51.3 big=0] gbest=1171.2 | EKR=1.55 EKV=2.00 EBANK=0.97 ADEC=1.16 TLD=1.25 KDIV=1.29 KVN=0.86 IGN=0.83 TGL=0.01 KV=1.95
  [rfly_replan t=61.3 big=0] gbest=1171.2 | EKR=1.55 EKV=2.00 EBANK=0.97 ADEC=1.16 TLD=1.25 KDIV=1.29 KVN=0.86 IGN=0.83 TGL=0.01 KV=1.95
  [rfly_replan t=71.4 big=0] gbest=698.8 | EKR=1.58 EKV=2.00 EBANK=1.08 ADEC=1.21 TLD=1.34 KDIV=1.13 KVN=0.92 IGN=1.12 TGL=0.00 KV=2.01
  [rfly_replan t=81.4 big=0] gbest=564.7 | EKR=1.66 EKV=2.03 EBANK=1.38 ADEC=1.18 TLD=1.27 KDIV=1.06 KVN=0.99 IGN=1.16 TGL=0.00 KV=2.04
  [rfly_replan t=91.4 big=0] gbest=564.7 | EKR=1.66 EKV=2.03 EBANK=1.38 ADEC=1.18 TLD=1.27 KDIV=1.06 KVN=0.99 IGN=1.16 TGL=0.00 KV=2.04
  [rfly_replan t=101.4 big=0] gbest=559.2 | EKR=1.66 EKV=2.03 EBANK=1.38 ADEC=1.18 TLD=1.27 KDIV=1.06 KVN=0.99 IGN=1.16 TGL=0.00 KV=2.04
  [rfly_replan t=111.4 big=0] gbest=516.7 | EKR=1.78 EKV=2.00 EBANK=1.37 ADEC=1.41 TLD=1.13 KDIV=1.21 KVN=0.94 IGN=1.23 TGL=0.00 KV=1.88
  [rfly_replan t=121.5 big=0] gbest=516.7 | EKR=1.78 EKV=2.00 EBANK=1.37 ADEC=1.41 TLD=1.13 KDIV=1.21 KVN=0.94 IGN=1.23 TGL=0.00 KV=1.88
  [rfly_replan t=0.0 big=1] gbest=358.8 | EKR=0.90 EKV=0.48 EBANK=0.62 ADEC=0.93 TLD=0.37 KDIV=0.40 KVN=0.87 IGN=0.40 TGL=0.05 KV=1.27
  [rfly_replan t=6.5 big=0] gbest=471.6 | EKR=0.75 EKV=0.61 EBANK=0.85 ADEC=0.58 TLD=0.45 KDIV=0.40 KVN=0.95 IGN=0.53 TGL=0.07 KV=1.42
  [rfly_replan t=16.5 big=0] gbest=438.3 | EKR=1.02 EKV=0.60 EBANK=0.80 ADEC=0.60 TLD=0.68 KDIV=0.40 KVN=1.24 IGN=0.40 TGL=0.05 KV=1.44
  [rfly_replan t=26.6 big=0] gbest=428.8 | EKR=1.27 EKV=0.78 EBANK=0.80 ADEC=0.60 TLD=0.65 KDIV=0.40 KVN=1.39 IGN=0.41 TGL=0.00 KV=1.78
  [rfly_replan t=31.4 big=0] gbest=389.7 | EKR=1.27 EKV=0.78 EBANK=1.12 ADEC=0.56 TLD=0.60 KDIV=0.40 KVN=1.32 IGN=0.61 TGL=0.12 KV=1.79
  [rfly_replan t=41.4 big=0] gbest=327.4 | EKR=1.25 EKV=1.22 EBANK=1.39 ADEC=0.55 TLD=0.48 KDIV=0.41 KVN=1.21 IGN=0.60 TGL=0.05 KV=1.79
  [rfly_replan t=51.4 big=0] gbest=246.8 | EKR=1.19 EKV=1.00 EBANK=1.30 ADEC=0.56 TLD=0.45 KDIV=0.40 KVN=1.02 IGN=0.80 TGL=0.05 KV=1.45
  [rfly_replan t=61.4 big=0] gbest=246.8 | EKR=1.19 EKV=1.00 EBANK=1.30 ADEC=0.56 TLD=0.45 KDIV=0.40 KVN=1.02 IGN=0.80 TGL=0.05 KV=1.45
  [rfly_replan t=71.5 big=0] gbest=246.8 | EKR=1.19 EKV=1.00 EBANK=1.30 ADEC=0.56 TLD=0.45 KDIV=0.40 KVN=1.02 IGN=0.80 TGL=0.05 KV=1.45
  [rfly_replan t=81.5 big=0] gbest=182.3 | EKR=1.30 EKV=0.86 EBANK=1.23 ADEC=0.51 TLD=0.25 KDIV=0.40 KVN=0.98 IGN=0.79 TGL=0.06 KV=1.37
  [rfly_replan t=91.5 big=0] gbest=175.7 | EKR=1.33 EKV=0.76 EBANK=1.20 ADEC=0.41 TLD=0.25 KDIV=0.41 KVN=0.96 IGN=0.86 TGL=0.12 KV=1.37
  [rfly_replan t=101.5 big=0] gbest=171.0 | EKR=1.45 EKV=0.62 EBANK=1.29 ADEC=0.47 TLD=0.25 KDIV=0.56 KVN=0.90 IGN=0.81 TGL=0.13 KV=1.21
  [rfly_replan t=0.0 big=1] gbest=389.8 | EKR=1.45 EKV=0.79 EBANK=1.09 ADEC=0.72 TLD=0.25 KDIV=1.12 KVN=1.21 IGN=1.44 TGL=0.22 KV=1.48
  [rfly_replan t=10.0 big=0] gbest=389.8 | EKR=1.45 EKV=0.79 EBANK=1.09 ADEC=0.72 TLD=0.25 KDIV=1.12 KVN=1.21 IGN=1.44 TGL=0.22 KV=1.48
  [rfly_replan t=15.2 big=0] gbest=1553.2 | EKR=1.93 EKV=0.67 EBANK=1.14 ADEC=0.66 TLD=0.25 KDIV=1.12 KVN=0.90 IGN=1.48 TGL=0.20 KV=1.47
  [rfly_replan t=25.2 big=0] gbest=1553.2 | EKR=1.93 EKV=0.67 EBANK=1.14 ADEC=0.66 TLD=0.25 KDIV=1.12 KVN=0.90 IGN=1.48 TGL=0.20 KV=1.47
  [rfly_replan t=30.0 big=0] gbest=799.7 | EKR=2.08 EKV=0.65 EBANK=1.12 ADEC=0.49 TLD=0.25 KDIV=1.21 KVN=0.64 IGN=1.46 TGL=0.18 KV=1.20
  [rfly_replan t=40.0 big=0] gbest=799.7 | EKR=2.08 EKV=0.65 EBANK=1.12 ADEC=0.49 TLD=0.25 KDIV=1.21 KVN=0.64 IGN=1.46 TGL=0.18 KV=1.20
  [rfly_replan t=50.0 big=0] gbest=799.7 | EKR=2.08 EKV=0.65 EBANK=1.12 ADEC=0.49 TLD=0.25 KDIV=1.21 KVN=0.64 IGN=1.46 TGL=0.18 KV=1.20
  [rfly_replan t=60.0 big=0] gbest=799.7 | EKR=2.08 EKV=0.65 EBANK=1.12 ADEC=0.49 TLD=0.25 KDIV=1.21 KVN=0.64 IGN=1.46 TGL=0.18 KV=1.20
  [rfly_replan t=70.0 big=0] gbest=689.5 | EKR=1.85 EKV=0.64 EBANK=1.20 ADEC=0.40 TLD=0.43 KDIV=1.14 KVN=0.69 IGN=1.61 TGL=0.12 KV=1.06
  [rfly_replan t=80.0 big=0] gbest=617.5 | EKR=2.14 EKV=0.54 EBANK=1.38 ADEC=0.40 TLD=0.25 KDIV=1.03 KVN=0.63 IGN=1.59 TGL=0.00 KV=0.93
  [rfly_replan t=90.1 big=0] gbest=617.5 | EKR=2.14 EKV=0.54 EBANK=1.38 ADEC=0.40 TLD=0.25 KDIV=1.03 KVN=0.63 IGN=1.59 TGL=0.00 KV=0.93
  [rfly_replan t=100.1 big=0] gbest=617.5 | EKR=2.14 EKV=0.54 EBANK=1.38 ADEC=0.40 TLD=0.25 KDIV=1.03 KVN=0.63 IGN=1.59 TGL=0.00 KV=0.93
  [imu] reference LOST t=109.12 float=x gimbal rates o/m/i = 90/10/-1 deg/s (limit 90) MGA=-2.3
  [rfly_replan t=110.1 big=0] gbest=570.0 | EKR=2.20 EKV=0.50 EBANK=1.56 ADEC=0.40 TLD=0.29 KDIV=0.97 KVN=0.60 IGN=1.63 TGL=0.08 KV=1.04
  [rfly_replan t=120.1 big=0] gbest=570.0 | EKR=2.20 EKV=0.50 EBANK=1.56 ADEC=0.40 TLD=0.29 KDIV=0.97 KVN=0.60 IGN=1.63 TGL=0.08 KV=1.04
  [rfly_replan t=130.1 big=0] gbest=570.0 | EKR=2.20 EKV=0.50 EBANK=1.56 ADEC=0.40 TLD=0.29 KDIV=0.97 KVN=0.60 IGN=1.63 TGL=0.08 KV=1.04
  [rfly_replan t=0.0 big=1] gbest=678.2 | EKR=1.31 EKV=1.55 EBANK=0.60 ADEC=0.61 TLD=1.05 KDIV=0.47 KVN=1.10 IGN=0.42 TGL=0.24 KV=1.35
  [rfly_replan t=9.8 big=0] gbest=2074.0 | EKR=1.43 EKV=1.52 EBANK=0.61 ADEC=0.60 TLD=0.92 KDIV=0.40 KVN=1.00 IGN=0.40 TGL=0.11 KV=1.24
  [rfly_replan t=19.9 big=0] gbest=979.9 | EKR=1.39 EKV=1.96 EBANK=0.62 ADEC=0.76 TLD=0.74 KDIV=0.40 KVN=1.18 IGN=0.65 TGL=0.09 KV=1.30
  [rfly_replan t=29.9 big=0] gbest=492.3 | EKR=1.14 EKV=1.68 EBANK=0.60 ADEC=0.87 TLD=0.67 KDIV=0.40 KVN=1.06 IGN=0.88 TGL=0.00 KV=1.05
  [rfly_replan t=32.5 big=0] gbest=474.4 | EKR=1.18 EKV=1.64 EBANK=0.60 ADEC=1.00 TLD=0.84 KDIV=0.40 KVN=1.00 IGN=0.96 TGL=0.07 KV=0.92
  [rfly_replan t=42.5 big=0] gbest=474.4 | EKR=1.18 EKV=1.64 EBANK=0.60 ADEC=1.00 TLD=0.84 KDIV=0.40 KVN=1.00 IGN=0.96 TGL=0.07 KV=0.92
  [rfly_replan t=52.5 big=0] gbest=411.2 | EKR=1.29 EKV=1.59 EBANK=0.60 ADEC=0.99 TLD=0.79 KDIV=0.41 KVN=1.05 IGN=0.85 TGL=0.16 KV=0.91
  [rfly_replan t=62.5 big=0] gbest=411.2 | EKR=1.29 EKV=1.59 EBANK=0.60 ADEC=0.99 TLD=0.79 KDIV=0.41 KVN=1.05 IGN=0.85 TGL=0.16 KV=0.91
  [rfly_replan t=72.6 big=0] gbest=411.2 | EKR=1.29 EKV=1.59 EBANK=0.60 ADEC=0.99 TLD=0.79 KDIV=0.41 KVN=1.05 IGN=0.85 TGL=0.16 KV=0.91
  [rfly_replan t=82.6 big=0] gbest=384.0 | EKR=1.02 EKV=1.44 EBANK=0.67 ADEC=1.03 TLD=0.97 KDIV=0.40 KVN=1.01 IGN=1.09 TGL=0.31 KV=1.04
  [rfly_replan t=92.6 big=0] gbest=375.3 | EKR=1.02 EKV=1.44 EBANK=0.67 ADEC=1.03 TLD=0.97 KDIV=0.40 KVN=1.01 IGN=1.09 TGL=0.31 KV=1.04
  [rfly_replan t=102.6 big=0] gbest=339.7 | EKR=1.10 EKV=1.52 EBANK=0.68 ADEC=1.01 TLD=0.93 KDIV=0.40 KVN=1.00 IGN=1.33 TGL=0.32 KV=1.03
  [rfly_replan t=112.6 big=0] gbest=338.5 | EKR=1.05 EKV=1.67 EBANK=0.65 ADEC=0.91 TLD=1.00 KDIV=0.62 KVN=1.19 IGN=1.65 TGL=0.41 KV=1.08
  [rfly_replan t=0.0 big=1] gbest=438.8 | EKR=1.30 EKV=1.06 EBANK=0.62 ADEC=1.27 TLD=0.25 KDIV=1.47 KVN=1.59 IGN=0.40 TGL=0.03 KV=1.40
  [rfly_replan t=4.5 big=0] gbest=1112.8 | EKR=1.26 EKV=1.18 EBANK=0.61 ADEC=1.26 TLD=0.41 KDIV=1.54 KVN=1.53 IGN=0.41 TGL=0.02 KV=1.40
  [rfly_replan t=14.5 big=0] gbest=859.6 | EKR=1.46 EKV=1.32 EBANK=0.60 ADEC=1.47 TLD=0.56 KDIV=1.68 KVN=1.50 IGN=0.40 TGL=0.15 KV=1.49
  [rfly_replan t=24.5 big=0] gbest=859.6 | EKR=1.46 EKV=1.32 EBANK=0.60 ADEC=1.47 TLD=0.56 KDIV=1.68 KVN=1.50 IGN=0.40 TGL=0.15 KV=1.49
  [rfly_replan t=31.4 big=0] gbest=859.6 | EKR=1.46 EKV=1.32 EBANK=0.60 ADEC=1.47 TLD=0.56 KDIV=1.68 KVN=1.50 IGN=0.40 TGL=0.15 KV=1.49
  [rfly_replan t=41.4 big=0] gbest=554.6 | EKR=1.47 EKV=1.63 EBANK=0.65 ADEC=1.16 TLD=0.25 KDIV=1.72 KVN=1.51 IGN=0.54 TGL=0.37 KV=1.46
  [rfly_replan t=51.4 big=0] gbest=535.5 | EKR=1.32 EKV=1.76 EBANK=0.64 ADEC=1.15 TLD=0.25 KDIV=1.74 KVN=1.49 IGN=0.59 TGL=0.38 KV=1.03
  [rfly_replan t=61.4 big=0] gbest=535.5 | EKR=1.32 EKV=1.76 EBANK=0.64 ADEC=1.15 TLD=0.25 KDIV=1.74 KVN=1.49 IGN=0.59 TGL=0.38 KV=1.03
  [rfly_replan t=71.4 big=0] gbest=418.3 | EKR=1.24 EKV=2.09 EBANK=0.75 ADEC=1.10 TLD=0.42 KDIV=1.82 KVN=1.59 IGN=0.44 TGL=0.09 KV=0.78
  [rfly_replan t=81.4 big=0] gbest=413.5 | EKR=1.07 EKV=2.11 EBANK=0.71 ADEC=1.27 TLD=0.41 KDIV=1.67 KVN=1.68 IGN=0.47 TGL=0.00 KV=0.74
  [rfly_replan t=91.5 big=0] gbest=413.5 | EKR=1.07 EKV=2.11 EBANK=0.71 ADEC=1.27 TLD=0.41 KDIV=1.67 KVN=1.68 IGN=0.47 TGL=0.00 KV=0.74
  [rfly_replan t=0.0 big=1] gbest=710.9 | EKR=0.65 EKV=1.15 EBANK=0.69 ADEC=1.07 TLD=1.04 KDIV=0.93 KVN=1.33 IGN=0.79 TGL=0.00 KV=1.52
  [rfly_replan t=10.0 big=0] gbest=683.1 | EKR=0.69 EKV=1.19 EBANK=0.60 ADEC=1.08 TLD=1.39 KDIV=1.06 KVN=1.31 IGN=0.81 TGL=0.08 KV=1.49
  [rfly_replan t=13.1 big=0] gbest=98000.2 | EKR=0.81 EKV=1.31 EBANK=0.84 ADEC=1.19 TLD=1.46 KDIV=0.97 KVN=1.18 IGN=0.48 TGL=0.00 KV=1.40
  [rfly_replan t=23.2 big=0] gbest=6429.6 | EKR=1.28 EKV=1.12 EBANK=1.15 ADEC=1.32 TLD=1.33 KDIV=1.14 KVN=1.08 IGN=0.62 TGL=0.00 KV=1.57
  [rfly_replan t=30.6 big=0] gbest=1975.9 | EKR=1.50 EKV=0.93 EBANK=0.87 ADEC=1.47 TLD=1.26 KDIV=1.38 KVN=1.07 IGN=0.89 TGL=0.01 KV=1.50
  [rfly_replan t=40.6 big=0] gbest=1817.2 | EKR=1.90 EKV=0.72 EBANK=0.87 ADEC=1.48 TLD=1.29 KDIV=1.36 KVN=1.04 IGN=0.86 TGL=0.02 KV=1.50
  [rfly_replan t=50.6 big=0] gbest=1697.4 | EKR=1.95 EKV=1.01 EBANK=0.86 ADEC=1.49 TLD=1.31 KDIV=1.03 KVN=1.15 IGN=0.65 TGL=0.16 KV=1.68
  [rfly_replan t=60.6 big=0] gbest=1697.4 | EKR=1.95 EKV=1.01 EBANK=0.86 ADEC=1.49 TLD=1.31 KDIV=1.03 KVN=1.15 IGN=0.65 TGL=0.16 KV=1.68
  [rfly_replan t=70.6 big=0] gbest=1556.9 | EKR=2.39 EKV=1.05 EBANK=0.83 ADEC=1.66 TLD=1.33 KDIV=0.96 KVN=1.01 IGN=0.66 TGL=0.14 KV=1.65
  [rfly_replan t=80.6 big=0] gbest=1556.9 | EKR=2.39 EKV=1.05 EBANK=0.83 ADEC=1.66 TLD=1.33 KDIV=0.96 KVN=1.01 IGN=0.66 TGL=0.14 KV=1.65
  [rfly_replan t=90.6 big=0] gbest=1556.9 | EKR=2.39 EKV=1.05 EBANK=0.83 ADEC=1.66 TLD=1.33 KDIV=0.96 KVN=1.01 IGN=0.66 TGL=0.14 KV=1.65
  [rfly_replan t=100.7 big=0] gbest=1556.9 | EKR=2.39 EKV=1.05 EBANK=0.83 ADEC=1.66 TLD=1.33 KDIV=0.96 KVN=1.01 IGN=0.66 TGL=0.14 KV=1.65
  [rfly_replan t=110.7 big=0] gbest=1556.9 | EKR=2.39 EKV=1.05 EBANK=0.83 ADEC=1.66 TLD=1.33 KDIV=0.96 KVN=1.01 IGN=0.66 TGL=0.14 KV=1.65
  [rfly_replan t=120.7 big=0] gbest=1359.1 | EKR=2.30 EKV=1.07 EBANK=0.81 ADEC=1.61 TLD=1.56 KDIV=0.71 KVN=1.04 IGN=0.80 TGL=0.00 KV=1.61
  [imu] reference LOST t=126.93 float=x gimbal rates o/m/i = -90/4/6 deg/s (limit 90) MGA=-4.1
  [rfly_replan t=130.7 big=0] gbest=1354.6 | EKR=1.89 EKV=0.88 EBANK=0.90 ADEC=1.97 TLD=1.47 KDIV=0.54 KVN=0.77 IGN=0.56 TGL=0.07 KV=1.43
  [rfly_replan t=0.0 big=1] gbest=346.1 | EKR=1.34 EKV=1.49 EBANK=1.47 ADEC=1.44 TLD=1.48 KDIV=0.40 KVN=0.88 IGN=1.53 TGL=0.32 KV=0.88
  [rfly_replan t=7.8 big=0] gbest=781.0 | EKR=1.31 EKV=1.43 EBANK=1.36 ADEC=1.45 TLD=1.22 KDIV=0.40 KVN=0.72 IGN=1.29 TGL=0.29 KV=1.04
  [rfly_replan t=17.8 big=0] gbest=563.3 | EKR=1.21 EKV=1.82 EBANK=1.42 ADEC=1.50 TLD=1.29 KDIV=0.40 KVN=0.56 IGN=0.75 TGL=0.54 KV=0.98
  [rfly_replan t=27.8 big=0] gbest=309.2 | EKR=1.44 EKV=1.57 EBANK=1.41 ADEC=1.69 TLD=1.10 KDIV=0.40 KVN=0.59 IGN=0.55 TGL=0.56 KV=1.16
  [rfly_replan t=33.1 big=0] gbest=290.7 | EKR=1.50 EKV=1.55 EBANK=1.55 ADEC=1.68 TLD=1.17 KDIV=0.40 KVN=0.84 IGN=0.88 TGL=0.41 KV=1.24
  [rfly_replan t=43.1 big=0] gbest=290.7 | EKR=1.50 EKV=1.55 EBANK=1.55 ADEC=1.68 TLD=1.17 KDIV=0.40 KVN=0.84 IGN=0.88 TGL=0.41 KV=1.24
  [rfly_replan t=53.1 big=0] gbest=290.7 | EKR=1.50 EKV=1.55 EBANK=1.55 ADEC=1.68 TLD=1.17 KDIV=0.40 KVN=0.84 IGN=0.88 TGL=0.41 KV=1.24
  [rfly_replan t=63.1 big=0] gbest=290.7 | EKR=1.50 EKV=1.55 EBANK=1.55 ADEC=1.68 TLD=1.17 KDIV=0.40 KVN=0.84 IGN=0.88 TGL=0.41 KV=1.24
  [rfly_replan t=73.1 big=0] gbest=277.4 | EKR=1.39 EKV=1.58 EBANK=1.43 ADEC=1.74 TLD=1.20 KDIV=0.40 KVN=0.77 IGN=0.93 TGL=0.36 KV=1.13
  [rfly_replan t=83.1 big=0] gbest=220.3 | EKR=1.45 EKV=1.54 EBANK=1.30 ADEC=1.71 TLD=1.19 KDIV=0.40 KVN=0.50 IGN=0.94 TGL=0.31 KV=1.15
  [rfly_replan t=93.1 big=0] gbest=159.0 | EKR=1.46 EKV=1.63 EBANK=1.20 ADEC=1.68 TLD=1.18 KDIV=0.41 KVN=0.50 IGN=0.88 TGL=0.39 KV=1.24
  [rfly_replan t=103.2 big=0] gbest=159.0 | EKR=1.46 EKV=1.63 EBANK=1.20 ADEC=1.68 TLD=1.18 KDIV=0.41 KVN=0.50 IGN=0.88 TGL=0.39 KV=1.24
  [imu] reference LOST t=109.95 float=x gimbal rates o/m/i = -90/-4/2 deg/s (limit 90) MGA=3.4
  [rfly_replan t=113.2 big=0] gbest=155.5 | EKR=1.57 EKV=1.62 EBANK=1.16 ADEC=1.87 TLD=1.39 KDIV=0.41 KVN=0.50 IGN=0.68 TGL=0.58 KV=1.47
  [rfly_replan t=0.0 big=1] gbest=423.9 | EKR=0.73 EKV=0.52 EBANK=1.09 ADEC=0.51 TLD=0.66 KDIV=0.40 KVN=1.37 IGN=0.91 TGL=0.52 KV=0.80
  [rfly_replan t=10.0 big=0] gbest=423.9 | EKR=0.73 EKV=0.52 EBANK=1.09 ADEC=0.51 TLD=0.66 KDIV=0.40 KVN=1.37 IGN=0.91 TGL=0.52 KV=0.80
  [rfly_replan t=16.4 big=0] gbest=4610.6 | EKR=0.90 EKV=0.41 EBANK=1.05 ADEC=0.54 TLD=0.53 KDIV=0.40 KVN=1.21 IGN=1.41 TGL=0.61 KV=0.68
  [rfly_replan t=26.5 big=0] gbest=1669.8 | EKR=0.70 EKV=0.40 EBANK=1.07 ADEC=0.70 TLD=0.82 KDIV=0.40 KVN=1.09 IGN=1.20 TGL=0.45 KV=0.65
  [rfly_replan t=29.0 big=0] gbest=1669.8 | EKR=0.70 EKV=0.40 EBANK=1.07 ADEC=0.70 TLD=0.82 KDIV=0.40 KVN=1.09 IGN=1.20 TGL=0.45 KV=0.65
  [rfly_replan t=39.0 big=0] gbest=1544.6 | EKR=1.07 EKV=0.62 EBANK=0.97 ADEC=1.04 TLD=0.81 KDIV=0.48 KVN=0.88 IGN=1.18 TGL=0.48 KV=0.67
  [rfly_replan t=49.0 big=0] gbest=1323.3 | EKR=1.50 EKV=0.49 EBANK=1.19 ADEC=0.82 TLD=0.66 KDIV=0.53 KVN=0.83 IGN=1.41 TGL=0.47 KV=0.56
  [rfly_replan t=59.0 big=0] gbest=1323.3 | EKR=1.50 EKV=0.49 EBANK=1.19 ADEC=0.82 TLD=0.66 KDIV=0.53 KVN=0.83 IGN=1.41 TGL=0.47 KV=0.56
  [rfly_replan t=69.0 big=0] gbest=1086.3 | EKR=1.33 EKV=0.45 EBANK=1.26 ADEC=0.58 TLD=0.70 KDIV=0.51 KVN=0.93 IGN=1.17 TGL=0.36 KV=0.50
  [rfly_replan t=79.0 big=0] gbest=786.7 | EKR=1.70 EKV=0.62 EBANK=1.10 ADEC=0.53 TLD=0.56 KDIV=0.50 KVN=0.92 IGN=1.10 TGL=0.43 KV=0.50
  [rfly_replan t=89.1 big=0] gbest=725.5 | EKR=1.75 EKV=0.62 EBANK=1.27 ADEC=0.50 TLD=0.59 KDIV=0.40 KVN=0.86 IGN=0.70 TGL=0.46 KV=0.51
  [rfly_replan t=99.1 big=0] gbest=683.2 | EKR=2.06 EKV=0.59 EBANK=1.15 ADEC=0.51 TLD=0.58 KDIV=0.41 KVN=0.89 IGN=0.49 TGL=0.63 KV=0.57
  [imu] reference LOST t=108.68 float=x gimbal rates o/m/i = -90/-7/1 deg/s (limit 90) MGA=-6.9
  [rfly_replan t=109.1 big=0] gbest=645.8 | EKR=2.40 EKV=0.30 EBANK=0.87 ADEC=0.49 TLD=0.70 KDIV=0.48 KVN=0.72 IGN=0.58 TGL=0.92 KV=0.78
  [rfly_replan t=119.1 big=0] gbest=645.8 | EKR=2.40 EKV=0.30 EBANK=0.87 ADEC=0.49 TLD=0.70 KDIV=0.48 KVN=0.72 IGN=0.58 TGL=0.92 KV=0.78
  [rfly_replan t=0.0 big=1] gbest=491.7 | EKR=2.35 EKV=1.99 EBANK=0.93 ADEC=0.83 TLD=0.71 KDIV=0.43 KVN=0.69 IGN=0.74 TGL=0.00 KV=1.17
  [rfly_replan t=10.0 big=0] gbest=491.7 | EKR=2.35 EKV=1.99 EBANK=0.93 ADEC=0.83 TLD=0.71 KDIV=0.43 KVN=0.69 IGN=0.74 TGL=0.00 KV=1.17
  [rfly_replan t=11.1 big=0] gbest=1230.3 | EKR=2.23 EKV=2.24 EBANK=1.11 ADEC=1.02 TLD=1.06 KDIV=0.52 KVN=0.57 IGN=0.83 TGL=0.15 KV=1.25
  [rfly_replan t=21.1 big=0] gbest=891.2 | EKR=2.28 EKV=2.08 EBANK=1.37 ADEC=1.05 TLD=1.19 KDIV=0.72 KVN=0.57 IGN=0.90 TGL=0.08 KV=1.11
  [rfly_replan t=31.1 big=0] gbest=891.2 | EKR=2.28 EKV=2.08 EBANK=1.37 ADEC=1.05 TLD=1.19 KDIV=0.72 KVN=0.57 IGN=0.90 TGL=0.08 KV=1.11
  [rfly_replan t=33.1 big=0] gbest=891.2 | EKR=2.28 EKV=2.08 EBANK=1.37 ADEC=1.05 TLD=1.19 KDIV=0.72 KVN=0.57 IGN=0.90 TGL=0.08 KV=1.11
  [rfly_replan t=43.1 big=0] gbest=624.3 | EKR=1.95 EKV=1.91 EBANK=1.36 ADEC=0.97 TLD=0.82 KDIV=0.72 KVN=0.75 IGN=0.73 TGL=0.00 KV=1.24
  [rfly_replan t=53.1 big=0] gbest=624.3 | EKR=1.95 EKV=1.91 EBANK=1.36 ADEC=0.97 TLD=0.82 KDIV=0.72 KVN=0.75 IGN=0.73 TGL=0.00 KV=1.24
  [rfly_replan t=63.1 big=0] gbest=624.3 | EKR=1.95 EKV=1.91 EBANK=1.36 ADEC=0.97 TLD=0.82 KDIV=0.72 KVN=0.75 IGN=0.73 TGL=0.00 KV=1.24
  [rfly_replan t=73.1 big=0] gbest=624.3 | EKR=1.95 EKV=1.91 EBANK=1.36 ADEC=0.97 TLD=0.82 KDIV=0.72 KVN=0.75 IGN=0.73 TGL=0.00 KV=1.24
  [rfly_replan t=83.1 big=0] gbest=597.7 | EKR=2.45 EKV=2.21 EBANK=1.22 ADEC=1.17 TLD=0.49 KDIV=0.58 KVN=0.60 IGN=0.60 TGL=0.05 KV=1.13
  [rfly_replan t=93.1 big=0] gbest=478.6 | EKR=2.50 EKV=2.47 EBANK=1.30 ADEC=1.10 TLD=0.51 KDIV=0.57 KVN=0.61 IGN=0.60 TGL=0.24 KV=1.11
  [rfly_replan t=103.2 big=0] gbest=407.4 | EKR=2.56 EKV=2.58 EBANK=1.28 ADEC=1.08 TLD=0.66 KDIV=0.75 KVN=0.71 IGN=0.59 TGL=0.14 KV=1.30
  [rfly_replan t=113.2 big=0] gbest=330.6 | EKR=2.74 EKV=2.61 EBANK=1.24 ADEC=1.20 TLD=0.91 KDIV=0.77 KVN=0.61 IGN=0.40 TGL=0.51 KV=1.34
  [imu] reference LOST t=120.73 float=x gimbal rates o/m/i = -90/3/4 deg/s (limit 90) MGA=-3.4
  [rfly_replan t=123.2 big=0] gbest=326.4 | EKR=2.93 EKV=3.01 EBANK=1.22 ADEC=1.07 TLD=1.04 KDIV=1.26 KVN=0.50 IGN=0.40 TGL=0.55 KV=1.18
  [rfly_replan t=0.0 big=1] gbest=605.4 | EKR=1.50 EKV=1.03 EBANK=1.35 ADEC=0.54 TLD=0.72 KDIV=0.40 KVN=0.96 IGN=1.65 TGL=0.00 KV=0.74
  [rfly_replan t=5.8 big=0] gbest=1967.3 | EKR=1.32 EKV=1.23 EBANK=1.53 ADEC=0.40 TLD=1.21 KDIV=0.54 KVN=1.18 IGN=1.52 TGL=0.00 KV=0.63
  [rfly_replan t=15.8 big=0] gbest=682.7 | EKR=1.45 EKV=1.17 EBANK=1.61 ADEC=0.40 TLD=1.02 KDIV=0.67 KVN=1.14 IGN=1.60 TGL=0.13 KV=0.83
  [rfly_replan t=25.8 big=0] gbest=324.4 | EKR=1.35 EKV=0.93 EBANK=1.71 ADEC=0.40 TLD=1.03 KDIV=0.71 KVN=1.11 IGN=1.67 TGL=0.42 KV=0.81
  [rfly_replan t=33.5 big=0] gbest=324.4 | EKR=1.35 EKV=0.93 EBANK=1.71 ADEC=0.40 TLD=1.03 KDIV=0.71 KVN=1.11 IGN=1.67 TGL=0.42 KV=0.81
  [rfly_replan t=43.5 big=0] gbest=324.4 | EKR=1.35 EKV=0.93 EBANK=1.71 ADEC=0.40 TLD=1.03 KDIV=0.71 KVN=1.11 IGN=1.67 TGL=0.42 KV=0.81
  [rfly_replan t=53.5 big=0] gbest=324.4 | EKR=1.35 EKV=0.93 EBANK=1.71 ADEC=0.40 TLD=1.03 KDIV=0.71 KVN=1.11 IGN=1.67 TGL=0.42 KV=0.81
  [rfly_replan t=63.5 big=0] gbest=324.4 | EKR=1.35 EKV=0.93 EBANK=1.71 ADEC=0.40 TLD=1.03 KDIV=0.71 KVN=1.11 IGN=1.67 TGL=0.42 KV=0.81
  [rfly_replan t=73.5 big=0] gbest=324.4 | EKR=1.35 EKV=0.93 EBANK=1.71 ADEC=0.40 TLD=1.03 KDIV=0.71 KVN=1.11 IGN=1.67 TGL=0.42 KV=0.81
  [rfly_replan t=83.5 big=0] gbest=324.4 | EKR=1.35 EKV=0.93 EBANK=1.71 ADEC=0.40 TLD=1.03 KDIV=0.71 KVN=1.11 IGN=1.67 TGL=0.42 KV=0.81
  [rfly_replan t=93.5 big=0] gbest=324.4 | EKR=1.35 EKV=0.93 EBANK=1.71 ADEC=0.40 TLD=1.03 KDIV=0.71 KVN=1.11 IGN=1.67 TGL=0.42 KV=0.81
  [rfly_replan t=103.6 big=0] gbest=243.7 | EKR=1.08 EKV=1.31 EBANK=1.82 ADEC=0.40 TLD=1.01 KDIV=0.82 KVN=1.03 IGN=1.61 TGL=0.53 KV=0.80
  [imu] reference LOST t=106.09 float=x gimbal rates o/m/i = -90/-5/2 deg/s (limit 90) MGA=-8.0
  [rfly_replan t=113.6 big=0] gbest=243.7 | EKR=1.08 EKV=1.31 EBANK=1.82 ADEC=0.40 TLD=1.01 KDIV=0.82 KVN=1.03 IGN=1.61 TGL=0.53 KV=0.80
  [rfly_replan t=0.0 big=1] gbest=565.7 | EKR=2.90 EKV=1.76 EBANK=1.18 ADEC=1.40 TLD=1.49 KDIV=0.40 KVN=0.86 IGN=0.72 TGL=0.00 KV=1.25
  [rfly_replan t=10.0 big=0] gbest=401.3 | EKR=2.50 EKV=1.56 EBANK=1.35 ADEC=1.25 TLD=1.68 KDIV=0.40 KVN=1.01 IGN=0.68 TGL=0.00 KV=1.12
  [rfly_replan t=14.4 big=0] gbest=534.2 | EKR=2.12 EKV=1.83 EBANK=1.52 ADEC=1.16 TLD=1.51 KDIV=0.40 KVN=0.98 IGN=0.59 TGL=0.00 KV=1.18
  [rfly_replan t=24.4 big=0] gbest=534.2 | EKR=2.12 EKV=1.83 EBANK=1.52 ADEC=1.16 TLD=1.51 KDIV=0.40 KVN=0.98 IGN=0.59 TGL=0.00 KV=1.18
  [rfly_replan t=32.0 big=0] gbest=361.6 | EKR=2.25 EKV=2.08 EBANK=1.65 ADEC=1.17 TLD=1.65 KDIV=0.40 KVN=0.90 IGN=0.86 TGL=0.00 KV=1.24
  [rfly_replan t=42.0 big=0] gbest=361.6 | EKR=2.25 EKV=2.08 EBANK=1.65 ADEC=1.17 TLD=1.65 KDIV=0.40 KVN=0.90 IGN=0.86 TGL=0.00 KV=1.24
  [rfly_replan t=52.0 big=0] gbest=361.6 | EKR=2.25 EKV=2.08 EBANK=1.65 ADEC=1.17 TLD=1.65 KDIV=0.40 KVN=0.90 IGN=0.86 TGL=0.00 KV=1.24
  [rfly_replan t=62.0 big=0] gbest=318.1 | EKR=1.96 EKV=2.17 EBANK=1.63 ADEC=1.16 TLD=1.58 KDIV=0.40 KVN=0.94 IGN=0.98 TGL=0.12 KV=1.24
  [rfly_replan t=72.0 big=0] gbest=318.1 | EKR=1.96 EKV=2.17 EBANK=1.63 ADEC=1.16 TLD=1.58 KDIV=0.40 KVN=0.94 IGN=0.98 TGL=0.12 KV=1.24
  [rfly_replan t=82.0 big=0] gbest=318.1 | EKR=1.96 EKV=2.17 EBANK=1.63 ADEC=1.16 TLD=1.58 KDIV=0.40 KVN=0.94 IGN=0.98 TGL=0.12 KV=1.24
  [rfly_replan t=92.0 big=0] gbest=318.1 | EKR=1.96 EKV=2.17 EBANK=1.63 ADEC=1.16 TLD=1.58 KDIV=0.40 KVN=0.94 IGN=0.98 TGL=0.12 KV=1.24
  [rfly_replan t=102.1 big=0] gbest=318.1 | EKR=1.96 EKV=2.17 EBANK=1.63 ADEC=1.16 TLD=1.58 KDIV=0.40 KVN=0.94 IGN=0.98 TGL=0.12 KV=1.24
  [rfly_replan t=112.1 big=0] gbest=318.1 | EKR=1.96 EKV=2.17 EBANK=1.63 ADEC=1.16 TLD=1.58 KDIV=0.40 KVN=0.94 IGN=0.98 TGL=0.12 KV=1.24
  [rfly_replan t=122.1 big=0] gbest=318.1 | EKR=1.96 EKV=2.17 EBANK=1.63 ADEC=1.16 TLD=1.58 KDIV=0.40 KVN=0.94 IGN=0.98 TGL=0.12 KV=1.24
  [imu] reference LOST t=123.59 float=x gimbal rates o/m/i = -90/2/-0 deg/s (limit 90) MGA=1.7
  [rfly_replan t=132.1 big=0] gbest=318.1 | EKR=1.96 EKV=2.17 EBANK=1.63 ADEC=1.16 TLD=1.58 KDIV=0.40 KVN=0.94 IGN=0.98 TGL=0.12 KV=1.24
  [rfly_replan t=0.0 big=1] gbest=438.1 | EKR=1.53 EKV=1.85 EBANK=0.97 ADEC=1.07 TLD=0.65 KDIV=0.45 KVN=0.56 IGN=1.08 TGL=0.00 KV=0.93
  [rfly_replan t=9.1 big=0] gbest=971.0 | EKR=1.47 EKV=1.83 EBANK=0.94 ADEC=0.87 TLD=0.25 KDIV=0.40 KVN=0.50 IGN=1.22 TGL=0.10 KV=1.07
  [rfly_replan t=19.1 big=0] gbest=935.4 | EKR=1.76 EKV=1.81 EBANK=0.92 ADEC=0.85 TLD=0.26 KDIV=0.40 KVN=0.50 IGN=1.25 TGL=0.10 KV=1.02
  [rfly_replan t=29.1 big=0] gbest=856.2 | EKR=1.99 EKV=1.82 EBANK=1.25 ADEC=1.02 TLD=0.28 KDIV=0.40 KVN=0.56 IGN=1.52 TGL=0.24 KV=1.15
  [rfly_replan t=31.4 big=0] gbest=793.4 | EKR=2.07 EKV=2.03 EBANK=1.49 ADEC=1.24 TLD=0.53 KDIV=0.40 KVN=0.73 IGN=1.36 TGL=0.36 KV=1.20
  [rfly_replan t=41.4 big=0] gbest=407.4 | EKR=2.11 EKV=2.31 EBANK=1.86 ADEC=1.15 TLD=0.40 KDIV=0.60 KVN=0.65 IGN=1.38 TGL=0.35 KV=1.22
  [rfly_replan t=51.4 big=0] gbest=407.4 | EKR=2.11 EKV=2.31 EBANK=1.86 ADEC=1.15 TLD=0.40 KDIV=0.60 KVN=0.65 IGN=1.38 TGL=0.35 KV=1.22
  [rfly_replan t=61.4 big=0] gbest=407.4 | EKR=2.11 EKV=2.31 EBANK=1.86 ADEC=1.15 TLD=0.40 KDIV=0.60 KVN=0.65 IGN=1.38 TGL=0.35 KV=1.22
  [rfly_replan t=71.4 big=0] gbest=407.4 | EKR=2.11 EKV=2.31 EBANK=1.86 ADEC=1.15 TLD=0.40 KDIV=0.60 KVN=0.65 IGN=1.38 TGL=0.35 KV=1.22
  [rfly_replan t=81.4 big=0] gbest=407.4 | EKR=2.11 EKV=2.31 EBANK=1.86 ADEC=1.15 TLD=0.40 KDIV=0.60 KVN=0.65 IGN=1.38 TGL=0.35 KV=1.22
  [rfly_replan t=91.4 big=0] gbest=250.8 | EKR=2.15 EKV=2.42 EBANK=1.91 ADEC=1.25 TLD=0.42 KDIV=0.54 KVN=0.50 IGN=1.56 TGL=0.24 KV=1.24
  [rfly_replan t=101.5 big=0] gbest=199.6 | EKR=2.29 EKV=2.17 EBANK=1.74 ADEC=1.09 TLD=0.31 KDIV=0.61 KVN=0.62 IGN=1.05 TGL=0.34 KV=1.12
  [imu] reference LOST t=106.66 float=x gimbal rates o/m/i = -90/-2/7 deg/s (limit 90) MGA=-1.8
  [rfly_replan t=111.5 big=0] gbest=199.6 | EKR=2.29 EKV=2.17 EBANK=1.74 ADEC=1.09 TLD=0.31 KDIV=0.61 KVN=0.62 IGN=1.05 TGL=0.34 KV=1.12
  [rfly_replan t=0.0 big=1] gbest=975.6 | EKR=1.73 EKV=1.22 EBANK=1.13 ADEC=0.78 TLD=0.97 KDIV=1.24 KVN=0.50 IGN=0.40 TGL=0.00 KV=1.52
  [rfly_replan t=10.0 big=0] gbest=919.2 | EKR=1.59 EKV=1.38 EBANK=1.14 ADEC=0.78 TLD=0.92 KDIV=1.30 KVN=0.65 IGN=0.40 TGL=0.00 KV=1.52
  [rfly_replan t=17.7 big=0] gbest=5173.7 | EKR=2.04 EKV=1.56 EBANK=1.07 ADEC=0.86 TLD=0.75 KDIV=1.45 KVN=0.71 IGN=0.98 TGL=0.10 KV=1.68
  [rfly_replan t=27.7 big=0] gbest=1303.1 | EKR=2.35 EKV=1.95 EBANK=0.79 ADEC=0.73 TLD=0.63 KDIV=1.65 KVN=0.95 IGN=1.11 TGL=0.06 KV=1.80
  [rfly_replan t=31.6 big=0] gbest=1303.1 | EKR=2.35 EKV=1.95 EBANK=0.79 ADEC=0.73 TLD=0.63 KDIV=1.65 KVN=0.95 IGN=1.11 TGL=0.06 KV=1.80
  [rfly_replan t=41.6 big=0] gbest=1303.1 | EKR=2.35 EKV=1.95 EBANK=0.79 ADEC=0.73 TLD=0.63 KDIV=1.65 KVN=0.95 IGN=1.11 TGL=0.06 KV=1.80
  [rfly_replan t=51.6 big=0] gbest=1303.1 | EKR=2.35 EKV=1.95 EBANK=0.79 ADEC=0.73 TLD=0.63 KDIV=1.65 KVN=0.95 IGN=1.11 TGL=0.06 KV=1.80
  [rfly_replan t=61.6 big=0] gbest=1303.1 | EKR=2.35 EKV=1.95 EBANK=0.79 ADEC=0.73 TLD=0.63 KDIV=1.65 KVN=0.95 IGN=1.11 TGL=0.06 KV=1.80
  [rfly_replan t=71.6 big=0] gbest=1303.1 | EKR=2.35 EKV=1.95 EBANK=0.79 ADEC=0.73 TLD=0.63 KDIV=1.65 KVN=0.95 IGN=1.11 TGL=0.06 KV=1.80
  [rfly_replan t=81.7 big=0] gbest=1113.5 | EKR=1.93 EKV=1.62 EBANK=0.78 ADEC=0.75 TLD=0.48 KDIV=1.61 KVN=1.16 IGN=0.97 TGL=0.00 KV=1.83
  [rfly_replan t=91.7 big=0] gbest=1113.5 | EKR=1.93 EKV=1.62 EBANK=0.78 ADEC=0.75 TLD=0.48 KDIV=1.61 KVN=1.16 IGN=0.97 TGL=0.00 KV=1.83
  [rfly_replan t=101.7 big=0] gbest=1113.5 | EKR=1.93 EKV=1.62 EBANK=0.78 ADEC=0.75 TLD=0.48 KDIV=1.61 KVN=1.16 IGN=0.97 TGL=0.00 KV=1.83
  [rfly_replan t=111.7 big=0] gbest=1113.5 | EKR=1.93 EKV=1.62 EBANK=0.78 ADEC=0.75 TLD=0.48 KDIV=1.61 KVN=1.16 IGN=0.97 TGL=0.00 KV=1.83
  [rfly_replan t=121.7 big=0] gbest=1036.3 | EKR=1.70 EKV=1.57 EBANK=0.83 ADEC=0.74 TLD=0.36 KDIV=1.53 KVN=1.18 IGN=1.28 TGL=0.00 KV=1.91
  [rfly_replan t=131.7 big=0] gbest=993.9 | EKR=1.65 EKV=1.63 EBANK=0.88 ADEC=0.82 TLD=0.25 KDIV=1.54 KVN=1.24 IGN=1.29 TGL=0.00 KV=1.93
  [rfly_replan t=141.7 big=0] gbest=993.9 | EKR=1.65 EKV=1.63 EBANK=0.88 ADEC=0.82 TLD=0.25 KDIV=1.54 KVN=1.24 IGN=1.29 TGL=0.00 KV=1.93
  [rfly_replan t=0.0 big=1] gbest=632.2 | EKR=0.82 EKV=1.54 EBANK=0.63 ADEC=0.85 TLD=0.86 KDIV=0.58 KVN=1.00 IGN=0.40 TGL=0.13 KV=1.19
  [rfly_replan t=10.0 big=0] gbest=632.2 | EKR=0.82 EKV=1.54 EBANK=0.63 ADEC=0.85 TLD=0.86 KDIV=0.58 KVN=1.00 IGN=0.40 TGL=0.13 KV=1.19
  [rfly_replan t=12.4 big=0] gbest=7796.7 | EKR=1.15 EKV=1.33 EBANK=0.60 ADEC=0.96 TLD=0.64 KDIV=0.66 KVN=0.87 IGN=0.50 TGL=0.10 KV=1.31
  [rfly_replan t=22.4 big=0] gbest=1436.7 | EKR=1.31 EKV=1.03 EBANK=0.60 ADEC=1.02 TLD=0.60 KDIV=0.86 KVN=0.86 IGN=0.61 TGL=0.23 KV=1.49
  [rfly_replan t=32.4 big=0] gbest=1306.4 | EKR=1.27 EKV=0.82 EBANK=0.60 ADEC=1.06 TLD=0.42 KDIV=0.70 KVN=0.88 IGN=0.57 TGL=0.38 KV=1.37
  [rfly_replan t=33.7 big=0] gbest=1159.7 | EKR=1.43 EKV=0.86 EBANK=0.66 ADEC=1.12 TLD=0.51 KDIV=0.68 KVN=0.90 IGN=0.49 TGL=0.18 KV=1.19
  [rfly_replan t=43.7 big=0] gbest=1098.4 | EKR=1.17 EKV=0.52 EBANK=0.82 ADEC=1.14 TLD=0.47 KDIV=0.66 KVN=0.75 IGN=0.49 TGL=0.31 KV=1.51
  [rfly_replan t=53.7 big=0] gbest=1098.4 | EKR=1.17 EKV=0.52 EBANK=0.82 ADEC=1.14 TLD=0.47 KDIV=0.66 KVN=0.75 IGN=0.49 TGL=0.31 KV=1.51
  [rfly_replan t=63.7 big=0] gbest=1098.4 | EKR=1.17 EKV=0.52 EBANK=0.82 ADEC=1.14 TLD=0.47 KDIV=0.66 KVN=0.75 IGN=0.49 TGL=0.31 KV=1.51
  [rfly_replan t=73.8 big=0] gbest=1098.4 | EKR=1.17 EKV=0.52 EBANK=0.82 ADEC=1.14 TLD=0.47 KDIV=0.66 KVN=0.75 IGN=0.49 TGL=0.31 KV=1.51
  [rfly_replan t=83.8 big=0] gbest=1098.4 | EKR=1.17 EKV=0.52 EBANK=0.82 ADEC=1.14 TLD=0.47 KDIV=0.66 KVN=0.75 IGN=0.49 TGL=0.31 KV=1.51
  [rfly_replan t=93.8 big=0] gbest=1006.8 | EKR=1.18 EKV=0.72 EBANK=0.81 ADEC=1.07 TLD=0.52 KDIV=0.66 KVN=0.66 IGN=0.40 TGL=0.31 KV=1.54
  [rfly_replan t=103.8 big=0] gbest=1006.8 | EKR=1.18 EKV=0.72 EBANK=0.81 ADEC=1.07 TLD=0.52 KDIV=0.66 KVN=0.66 IGN=0.40 TGL=0.31 KV=1.54
  [rfly_replan t=113.8 big=0] gbest=1006.8 | EKR=1.18 EKV=0.72 EBANK=0.81 ADEC=1.07 TLD=0.52 KDIV=0.66 KVN=0.66 IGN=0.40 TGL=0.31 KV=1.54
  [rfly_replan t=123.9 big=0] gbest=847.5 | EKR=1.40 EKV=0.67 EBANK=1.06 ADEC=0.98 TLD=0.45 KDIV=0.58 KVN=0.65 IGN=0.90 TGL=0.38 KV=1.55
  [rfly_replan t=133.9 big=0] gbest=832.3 | EKR=1.35 EKV=0.91 EBANK=1.22 ADEC=0.72 TLD=0.54 KDIV=0.58 KVN=0.79 IGN=1.22 TGL=0.60 KV=1.77
  [rfly_replan t=143.9 big=0] gbest=832.3 | EKR=1.35 EKV=0.91 EBANK=1.22 ADEC=0.72 TLD=0.54 KDIV=0.58 KVN=0.79 IGN=1.22 TGL=0.60 KV=1.77
  [rfly_replan t=0.0 big=1] gbest=553.0 | EKR=1.57 EKV=1.75 EBANK=1.04 ADEC=0.54 TLD=0.45 KDIV=0.55 KVN=1.10 IGN=1.27 TGL=0.13 KV=0.54
  [rfly_replan t=7.0 big=0] gbest=1081.1 | EKR=1.78 EKV=1.50 EBANK=1.10 ADEC=0.46 TLD=0.45 KDIV=0.61 KVN=1.24 IGN=1.02 TGL=0.01 KV=0.58
  [rfly_replan t=17.0 big=0] gbest=813.3 | EKR=1.61 EKV=1.48 EBANK=1.12 ADEC=0.63 TLD=0.52 KDIV=0.48 KVN=1.06 IGN=0.98 TGL=0.04 KV=0.54
  [rfly_replan t=27.0 big=0] gbest=578.3 | EKR=1.80 EKV=1.33 EBANK=1.09 ADEC=0.50 TLD=0.48 KDIV=0.40 KVN=0.86 IGN=0.79 TGL=0.00 KV=0.50
  [rfly_replan t=33.3 big=0] gbest=381.4 | EKR=1.57 EKV=1.48 EBANK=1.33 ADEC=0.40 TLD=0.40 KDIV=0.40 KVN=0.60 IGN=0.66 TGL=0.13 KV=0.50
  [rfly_replan t=43.3 big=0] gbest=259.6 | EKR=1.26 EKV=1.43 EBANK=1.35 ADEC=0.48 TLD=0.38 KDIV=0.43 KVN=0.66 IGN=1.05 TGL=0.00 KV=0.50
  [rfly_replan t=53.3 big=0] gbest=259.6 | EKR=1.26 EKV=1.43 EBANK=1.35 ADEC=0.48 TLD=0.38 KDIV=0.43 KVN=0.66 IGN=1.05 TGL=0.00 KV=0.50
  [rfly_replan t=63.3 big=0] gbest=259.6 | EKR=1.26 EKV=1.43 EBANK=1.35 ADEC=0.48 TLD=0.38 KDIV=0.43 KVN=0.66 IGN=1.05 TGL=0.00 KV=0.50
  [rfly_replan t=73.4 big=0] gbest=234.5 | EKR=1.71 EKV=1.51 EBANK=1.32 ADEC=0.45 TLD=0.43 KDIV=0.43 KVN=0.61 IGN=0.85 TGL=0.00 KV=0.50
  [rfly_replan t=83.4 big=0] gbest=234.5 | EKR=1.71 EKV=1.51 EBANK=1.32 ADEC=0.45 TLD=0.43 KDIV=0.43 KVN=0.61 IGN=0.85 TGL=0.00 KV=0.50
  [rfly_replan t=93.4 big=0] gbest=146.0 | EKR=1.68 EKV=1.49 EBANK=1.32 ADEC=0.41 TLD=0.43 KDIV=0.43 KVN=0.53 IGN=1.16 TGL=0.00 KV=0.50
  [rfly_replan t=103.4 big=0] gbest=153.6 | EKR=1.68 EKV=1.49 EBANK=1.32 ADEC=0.41 TLD=0.43 KDIV=0.43 KVN=0.53 IGN=1.16 TGL=0.00 KV=0.50
  [imu] reference LOST t=111.17 float=x gimbal rates o/m/i = -90/-5/2 deg/s (limit 90) MGA=2.4
  [rfly_replan t=113.4 big=0] gbest=130.8 | EKR=1.66 EKV=1.48 EBANK=1.24 ADEC=0.54 TLD=0.61 KDIV=0.47 KVN=0.60 IGN=1.45 TGL=0.00 KV=0.95
  [rfly_replan t=0.0 big=1] gbest=350.5 | EKR=1.57 EKV=1.75 EBANK=1.04 ADEC=0.54 TLD=0.45 KDIV=0.55 KVN=1.10 IGN=1.27 TGL=0.13 KV=0.54
  [rfly_replan t=10.0 big=0] gbest=350.5 | EKR=1.57 EKV=1.75 EBANK=1.04 ADEC=0.54 TLD=0.45 KDIV=0.55 KVN=1.10 IGN=1.27 TGL=0.13 KV=0.54
  [rfly_replan t=15.7 big=0] gbest=6290.0 | EKR=1.59 EKV=1.53 EBANK=0.99 ADEC=0.59 TLD=0.43 KDIV=0.70 KVN=1.04 IGN=1.24 TGL=0.41 KV=0.60
  [rfly_replan t=25.7 big=0] gbest=840.9 | EKR=1.70 EKV=1.44 EBANK=1.33 ADEC=0.66 TLD=0.44 KDIV=0.46 KVN=1.08 IGN=1.10 TGL=0.42 KV=0.70
  [rfly_replan t=31.3 big=0] gbest=487.0 | EKR=1.58 EKV=1.17 EBANK=1.33 ADEC=0.69 TLD=0.26 KDIV=0.40 KVN=1.13 IGN=0.86 TGL=0.16 KV=0.59
  [rfly_replan t=41.3 big=0] gbest=487.0 | EKR=1.58 EKV=1.17 EBANK=1.33 ADEC=0.69 TLD=0.26 KDIV=0.40 KVN=1.13 IGN=0.86 TGL=0.16 KV=0.59
  [rfly_replan t=51.3 big=0] gbest=474.0 | EKR=1.11 EKV=1.05 EBANK=1.41 ADEC=0.80 TLD=0.33 KDIV=0.41 KVN=1.16 IGN=0.80 TGL=0.17 KV=0.56
  [rfly_replan t=61.3 big=0] gbest=474.0 | EKR=1.11 EKV=1.05 EBANK=1.41 ADEC=0.80 TLD=0.33 KDIV=0.41 KVN=1.16 IGN=0.80 TGL=0.17 KV=0.56
  [rfly_replan t=71.3 big=0] gbest=474.0 | EKR=1.11 EKV=1.05 EBANK=1.41 ADEC=0.80 TLD=0.33 KDIV=0.41 KVN=1.16 IGN=0.80 TGL=0.17 KV=0.56
  [rfly_replan t=81.3 big=0] gbest=289.9 | EKR=0.69 EKV=1.06 EBANK=1.51 ADEC=0.77 TLD=0.35 KDIV=0.42 KVN=1.16 IGN=0.91 TGL=0.22 KV=0.68
  [rfly_replan t=91.4 big=0] gbest=289.9 | EKR=0.69 EKV=1.06 EBANK=1.51 ADEC=0.77 TLD=0.35 KDIV=0.42 KVN=1.16 IGN=0.91 TGL=0.22 KV=0.68
  [rfly_replan t=101.4 big=0] gbest=289.9 | EKR=0.69 EKV=1.06 EBANK=1.51 ADEC=0.77 TLD=0.35 KDIV=0.42 KVN=1.16 IGN=0.91 TGL=0.22 KV=0.68
  [rfly_replan t=111.4 big=0] gbest=289.9 | EKR=0.69 EKV=1.06 EBANK=1.51 ADEC=0.77 TLD=0.35 KDIV=0.42 KVN=1.16 IGN=0.91 TGL=0.22 KV=0.68
  [rfly_replan t=121.4 big=0] gbest=286.4 | EKR=0.80 EKV=0.99 EBANK=1.48 ADEC=0.79 TLD=0.36 KDIV=0.50 KVN=1.10 IGN=0.90 TGL=0.18 KV=0.69
  [imu] reference LOST t=122.12 float=x gimbal rates o/m/i = -90/12/4 deg/s (limit 90) MGA=-7.0
  [rfly_replan t=131.4 big=0] gbest=286.4 | EKR=0.80 EKV=0.99 EBANK=1.48 ADEC=0.79 TLD=0.36 KDIV=0.50 KVN=1.10 IGN=0.90 TGL=0.18 KV=0.69
  [rfly_replan t=0.0 big=1] gbest=380.7 | EKR=1.56 EKV=1.78 EBANK=0.88 ADEC=1.59 TLD=0.70 KDIV=0.40 KVN=0.50 IGN=1.21 TGL=0.00 KV=1.06
  [rfly_replan t=10.0 big=0] gbest=265.7 | EKR=1.61 EKV=1.82 EBANK=0.73 ADEC=1.62 TLD=0.89 KDIV=0.41 KVN=0.50 IGN=1.21 TGL=0.01 KV=1.02
  [rfly_replan t=10.3 big=0] gbest=1043.0 | EKR=1.61 EKV=1.82 EBANK=0.73 ADEC=1.62 TLD=0.89 KDIV=0.41 KVN=0.50 IGN=1.21 TGL=0.01 KV=1.02
  [rfly_replan t=20.3 big=0] gbest=576.2 | EKR=1.43 EKV=1.67 EBANK=0.60 ADEC=1.70 TLD=0.86 KDIV=0.40 KVN=0.81 IGN=1.46 TGL=0.00 KV=1.08
  [rfly_replan t=30.1 big=0] gbest=232.8 | EKR=1.27 EKV=1.61 EBANK=0.60 ADEC=1.81 TLD=0.81 KDIV=0.41 KVN=0.73 IGN=1.13 TGL=0.23 KV=1.10
  [rfly_replan t=40.1 big=0] gbest=232.8 | EKR=1.27 EKV=1.61 EBANK=0.60 ADEC=1.81 TLD=0.81 KDIV=0.41 KVN=0.73 IGN=1.13 TGL=0.23 KV=1.10
  [rfly_replan t=50.1 big=0] gbest=232.8 | EKR=1.27 EKV=1.61 EBANK=0.60 ADEC=1.81 TLD=0.81 KDIV=0.41 KVN=0.73 IGN=1.13 TGL=0.23 KV=1.10
  [rfly_replan t=60.1 big=0] gbest=232.8 | EKR=1.27 EKV=1.61 EBANK=0.60 ADEC=1.81 TLD=0.81 KDIV=0.41 KVN=0.73 IGN=1.13 TGL=0.23 KV=1.10
  [rfly_replan t=70.1 big=0] gbest=232.8 | EKR=1.27 EKV=1.61 EBANK=0.60 ADEC=1.81 TLD=0.81 KDIV=0.41 KVN=0.73 IGN=1.13 TGL=0.23 KV=1.10
  [rfly_replan t=80.1 big=0] gbest=187.8 | EKR=1.31 EKV=1.64 EBANK=0.61 ADEC=1.72 TLD=0.74 KDIV=0.42 KVN=0.86 IGN=1.16 TGL=0.53 KV=1.22
  [rfly_replan t=90.1 big=0] gbest=187.8 | EKR=1.31 EKV=1.64 EBANK=0.61 ADEC=1.72 TLD=0.74 KDIV=0.42 KVN=0.86 IGN=1.16 TGL=0.53 KV=1.22
  [rfly_replan t=100.2 big=0] gbest=187.8 | EKR=1.31 EKV=1.64 EBANK=0.61 ADEC=1.72 TLD=0.74 KDIV=0.42 KVN=0.86 IGN=1.16 TGL=0.53 KV=1.22
  [imu] reference LOST t=109.97 float=x gimbal rates o/m/i = -90/-8/1 deg/s (limit 90) MGA=3.8
  [rfly_replan t=110.2 big=0] gbest=184.5 | EKR=1.17 EKV=1.41 EBANK=0.83 ADEC=1.87 TLD=0.63 KDIV=0.41 KVN=0.67 IGN=1.28 TGL=0.32 KV=0.89
  [rfly_replan t=0.0 big=1] gbest=446.0 | EKR=0.96 EKV=0.68 EBANK=1.44 ADEC=1.44 TLD=1.33 KDIV=0.40 KVN=0.67 IGN=1.22 TGL=0.41 KV=1.33
  [rfly_replan t=5.0 big=0] gbest=619.1 | EKR=0.88 EKV=0.68 EBANK=1.25 ADEC=1.13 TLD=1.22 KDIV=0.40 KVN=0.50 IGN=0.84 TGL=0.54 KV=1.52
  [rfly_replan t=15.0 big=0] gbest=382.4 | EKR=0.70 EKV=0.55 EBANK=0.93 ADEC=1.03 TLD=1.09 KDIV=0.40 KVN=0.50 IGN=0.74 TGL=0.66 KV=1.54
  [rfly_replan t=25.0 big=0] gbest=382.4 | EKR=0.70 EKV=0.55 EBANK=0.93 ADEC=1.03 TLD=1.09 KDIV=0.40 KVN=0.50 IGN=0.74 TGL=0.66 KV=1.54
  [rfly_replan t=33.7 big=0] gbest=382.4 | EKR=0.70 EKV=0.55 EBANK=0.93 ADEC=1.03 TLD=1.09 KDIV=0.40 KVN=0.50 IGN=0.74 TGL=0.66 KV=1.54
  [rfly_replan t=43.7 big=0] gbest=382.4 | EKR=0.70 EKV=0.55 EBANK=0.93 ADEC=1.03 TLD=1.09 KDIV=0.40 KVN=0.50 IGN=0.74 TGL=0.66 KV=1.54
  [rfly_replan t=53.7 big=0] gbest=382.4 | EKR=0.70 EKV=0.55 EBANK=0.93 ADEC=1.03 TLD=1.09 KDIV=0.40 KVN=0.50 IGN=0.74 TGL=0.66 KV=1.54
  [rfly_replan t=63.7 big=0] gbest=382.4 | EKR=0.70 EKV=0.55 EBANK=0.93 ADEC=1.03 TLD=1.09 KDIV=0.40 KVN=0.50 IGN=0.74 TGL=0.66 KV=1.54
  [rfly_replan t=73.7 big=0] gbest=382.4 | EKR=0.70 EKV=0.55 EBANK=0.93 ADEC=1.03 TLD=1.09 KDIV=0.40 KVN=0.50 IGN=0.74 TGL=0.66 KV=1.54
  [rfly_replan t=83.7 big=0] gbest=382.4 | EKR=0.70 EKV=0.55 EBANK=0.93 ADEC=1.03 TLD=1.09 KDIV=0.40 KVN=0.50 IGN=0.74 TGL=0.66 KV=1.54
  [rfly_replan t=93.8 big=0] gbest=365.9 | EKR=0.58 EKV=0.64 EBANK=0.90 ADEC=0.81 TLD=1.03 KDIV=0.40 KVN=0.50 IGN=0.72 TGL=0.71 KV=1.55
  [rfly_replan t=103.8 big=0] gbest=363.7 | EKR=1.14 EKV=0.50 EBANK=1.41 ADEC=0.68 TLD=1.23 KDIV=0.40 KVN=0.50 IGN=1.72 TGL=0.97 KV=1.27
  [rfly_replan t=113.8 big=0] gbest=363.7 | EKR=1.14 EKV=0.50 EBANK=1.41 ADEC=0.68 TLD=1.23 KDIV=0.40 KVN=0.50 IGN=1.72 TGL=0.97 KV=1.27
  [rfly_replan t=0.0 big=1] gbest=450.9 | EKR=1.39 EKV=1.07 EBANK=1.44 ADEC=0.59 TLD=1.16 KDIV=0.60 KVN=1.34 IGN=1.30 TGL=0.13 KV=1.07
  [rfly_replan t=10.0 big=0] gbest=450.9 | EKR=1.39 EKV=1.07 EBANK=1.44 ADEC=0.59 TLD=1.16 KDIV=0.60 KVN=1.34 IGN=1.30 TGL=0.13 KV=1.07
  [rfly_replan t=13.6 big=0] gbest=1422.6 | EKR=1.23 EKV=0.75 EBANK=1.29 ADEC=0.52 TLD=0.96 KDIV=0.51 KVN=1.41 IGN=1.17 TGL=0.17 KV=0.89
  [rfly_replan t=23.6 big=0] gbest=1422.6 | EKR=1.23 EKV=0.75 EBANK=1.29 ADEC=0.52 TLD=0.96 KDIV=0.51 KVN=1.41 IGN=1.17 TGL=0.17 KV=0.89
  [rfly_replan t=30.2 big=0] gbest=1193.3 | EKR=1.14 EKV=0.75 EBANK=1.33 ADEC=0.57 TLD=1.01 KDIV=0.45 KVN=1.16 IGN=1.18 TGL=0.33 KV=0.88
  [rfly_replan t=40.2 big=0] gbest=813.4 | EKR=1.20 EKV=0.99 EBANK=1.43 ADEC=0.56 TLD=0.99 KDIV=0.43 KVN=1.07 IGN=0.99 TGL=0.27 KV=0.77
  [rfly_replan t=50.2 big=0] gbest=776.8 | EKR=0.77 EKV=0.77 EBANK=1.50 ADEC=0.58 TLD=0.91 KDIV=0.40 KVN=1.15 IGN=1.16 TGL=0.41 KV=0.71
  [rfly_replan t=60.2 big=0] gbest=359.1 | EKR=0.90 EKV=0.95 EBANK=1.47 ADEC=0.50 TLD=0.98 KDIV=0.40 KVN=1.14 IGN=1.12 TGL=0.62 KV=0.58
  [rfly_replan t=70.3 big=0] gbest=359.1 | EKR=0.90 EKV=0.95 EBANK=1.47 ADEC=0.50 TLD=0.98 KDIV=0.40 KVN=1.14 IGN=1.12 TGL=0.62 KV=0.58
  [rfly_replan t=80.3 big=0] gbest=359.1 | EKR=0.90 EKV=0.95 EBANK=1.47 ADEC=0.50 TLD=0.98 KDIV=0.40 KVN=1.14 IGN=1.12 TGL=0.62 KV=0.58
  [rfly_replan t=90.3 big=0] gbest=359.1 | EKR=0.90 EKV=0.95 EBANK=1.47 ADEC=0.50 TLD=0.98 KDIV=0.40 KVN=1.14 IGN=1.12 TGL=0.62 KV=0.58
  [rfly_replan t=100.3 big=0] gbest=270.2 | EKR=0.84 EKV=0.86 EBANK=1.71 ADEC=0.54 TLD=0.66 KDIV=0.60 KVN=1.01 IGN=1.61 TGL=0.48 KV=0.98
  [rfly_replan t=110.3 big=0] gbest=270.2 | EKR=0.84 EKV=0.86 EBANK=1.71 ADEC=0.54 TLD=0.66 KDIV=0.60 KVN=1.01 IGN=1.61 TGL=0.48 KV=0.98
  [rfly_replan t=0.0 big=1] gbest=479.3 | EKR=1.34 EKV=1.49 EBANK=1.47 ADEC=1.44 TLD=1.48 KDIV=0.40 KVN=0.88 IGN=1.53 TGL=0.32 KV=0.88
  [rfly_replan t=8.3 big=0] gbest=897.3 | EKR=1.58 EKV=1.62 EBANK=1.64 ADEC=1.62 TLD=1.31 KDIV=0.40 KVN=1.06 IGN=1.32 TGL=0.43 KV=0.77
  [rfly_replan t=18.3 big=0] gbest=380.5 | EKR=1.53 EKV=1.57 EBANK=1.44 ADEC=1.80 TLD=1.35 KDIV=0.43 KVN=1.08 IGN=1.45 TGL=0.39 KV=0.96
  [rfly_replan t=28.3 big=0] gbest=380.5 | EKR=1.53 EKV=1.57 EBANK=1.44 ADEC=1.80 TLD=1.35 KDIV=0.43 KVN=1.08 IGN=1.45 TGL=0.39 KV=0.96
  [rfly_replan t=33.1 big=0] gbest=380.5 | EKR=1.53 EKV=1.57 EBANK=1.44 ADEC=1.80 TLD=1.35 KDIV=0.43 KVN=1.08 IGN=1.45 TGL=0.39 KV=0.96
  [rfly_replan t=43.1 big=0] gbest=380.5 | EKR=1.53 EKV=1.57 EBANK=1.44 ADEC=1.80 TLD=1.35 KDIV=0.43 KVN=1.08 IGN=1.45 TGL=0.39 KV=0.96
  [rfly_replan t=53.1 big=0] gbest=380.5 | EKR=1.53 EKV=1.57 EBANK=1.44 ADEC=1.80 TLD=1.35 KDIV=0.43 KVN=1.08 IGN=1.45 TGL=0.39 KV=0.96
  [rfly_replan t=63.1 big=0] gbest=380.5 | EKR=1.53 EKV=1.57 EBANK=1.44 ADEC=1.80 TLD=1.35 KDIV=0.43 KVN=1.08 IGN=1.45 TGL=0.39 KV=0.96
  [rfly_replan t=73.2 big=0] gbest=380.5 | EKR=1.53 EKV=1.57 EBANK=1.44 ADEC=1.80 TLD=1.35 KDIV=0.43 KVN=1.08 IGN=1.45 TGL=0.39 KV=0.96
  [rfly_replan t=83.2 big=0] gbest=380.5 | EKR=1.53 EKV=1.57 EBANK=1.44 ADEC=1.80 TLD=1.35 KDIV=0.43 KVN=1.08 IGN=1.45 TGL=0.39 KV=0.96
  [rfly_replan t=93.2 big=0] gbest=380.5 | EKR=1.53 EKV=1.57 EBANK=1.44 ADEC=1.80 TLD=1.35 KDIV=0.43 KVN=1.08 IGN=1.45 TGL=0.39 KV=0.96
  [rfly_replan t=103.2 big=0] gbest=380.5 | EKR=1.53 EKV=1.57 EBANK=1.44 ADEC=1.80 TLD=1.35 KDIV=0.43 KVN=1.08 IGN=1.45 TGL=0.39 KV=0.96
  [rfly_replan t=113.2 big=0] gbest=380.5 | EKR=1.53 EKV=1.57 EBANK=1.44 ADEC=1.80 TLD=1.35 KDIV=0.43 KVN=1.08 IGN=1.45 TGL=0.39 KV=0.96
  [imu] reference LOST t=119.35 float=x gimbal rates o/m/i = -90/-4/6 deg/s (limit 90) MGA=-3.2
  [rfly_replan t=123.3 big=0] gbest=380.5 | EKR=1.53 EKV=1.57 EBANK=1.44 ADEC=1.80 TLD=1.35 KDIV=0.43 KVN=1.08 IGN=1.45 TGL=0.39 KV=0.96
  [rfly_replan t=0.0 big=1] gbest=483.6 | EKR=2.16 EKV=1.26 EBANK=2.01 ADEC=1.01 TLD=0.91 KDIV=0.44 KVN=0.76 IGN=0.40 TGL=0.00 KV=1.15
  [rfly_replan t=10.0 big=0] gbest=283.6 | EKR=2.36 EKV=1.04 EBANK=1.98 ADEC=1.13 TLD=0.91 KDIV=0.51 KVN=0.61 IGN=0.49 TGL=0.17 KV=1.17
  [rfly_replan t=16.9 big=0] gbest=725.4 | EKR=2.24 EKV=1.33 EBANK=1.93 ADEC=1.13 TLD=0.82 KDIV=0.58 KVN=0.78 IGN=0.76 TGL=0.05 KV=1.12
  [rfly_replan t=27.0 big=0] gbest=575.3 | EKR=2.36 EKV=1.34 EBANK=1.77 ADEC=1.23 TLD=0.82 KDIV=0.40 KVN=0.74 IGN=1.03 TGL=0.04 KV=1.10
  [rfly_replan t=30.0 big=0] gbest=575.3 | EKR=2.36 EKV=1.34 EBANK=1.77 ADEC=1.23 TLD=0.82 KDIV=0.40 KVN=0.74 IGN=1.03 TGL=0.04 KV=1.10
  [rfly_replan t=40.0 big=0] gbest=575.3 | EKR=2.36 EKV=1.34 EBANK=1.77 ADEC=1.23 TLD=0.82 KDIV=0.40 KVN=0.74 IGN=1.03 TGL=0.04 KV=1.10
  [rfly_replan t=50.0 big=0] gbest=460.4 | EKR=2.11 EKV=0.86 EBANK=1.52 ADEC=1.39 TLD=0.61 KDIV=0.49 KVN=0.65 IGN=1.21 TGL=0.04 KV=1.01
  [rfly_replan t=60.0 big=0] gbest=460.4 | EKR=2.11 EKV=0.86 EBANK=1.52 ADEC=1.39 TLD=0.61 KDIV=0.49 KVN=0.65 IGN=1.21 TGL=0.04 KV=1.01
  [rfly_replan t=70.1 big=0] gbest=460.4 | EKR=2.11 EKV=0.86 EBANK=1.52 ADEC=1.39 TLD=0.61 KDIV=0.49 KVN=0.65 IGN=1.21 TGL=0.04 KV=1.01
  [rfly_replan t=80.1 big=0] gbest=460.4 | EKR=2.11 EKV=0.86 EBANK=1.52 ADEC=1.39 TLD=0.61 KDIV=0.49 KVN=0.65 IGN=1.21 TGL=0.04 KV=1.01
  [rfly_replan t=90.1 big=0] gbest=460.4 | EKR=2.11 EKV=0.86 EBANK=1.52 ADEC=1.39 TLD=0.61 KDIV=0.49 KVN=0.65 IGN=1.21 TGL=0.04 KV=1.01
  [rfly_replan t=100.1 big=0] gbest=376.5 | EKR=1.93 EKV=0.76 EBANK=1.18 ADEC=1.37 TLD=0.39 KDIV=0.51 KVN=0.63 IGN=1.13 TGL=0.04 KV=0.73
  [rfly_replan t=110.1 big=0] gbest=323.6 | EKR=2.24 EKV=0.84 EBANK=1.31 ADEC=1.23 TLD=0.37 KDIV=0.50 KVN=0.58 IGN=1.11 TGL=0.00 KV=0.86
  [rfly_replan t=120.2 big=0] gbest=300.5 | EKR=2.65 EKV=0.99 EBANK=1.31 ADEC=0.86 TLD=0.37 KDIV=0.40 KVN=0.50 IGN=1.25 TGL=0.01 KV=1.06
  [imu] reference LOST t=123.23 float=x gimbal rates o/m/i = 90/-4/0 deg/s (limit 90) MGA=1.3
  [rfly_replan t=0.0 big=1] gbest=505.5 | EKR=1.32 EKV=1.41 EBANK=0.73 ADEC=1.47 TLD=1.39 KDIV=0.69 KVN=0.50 IGN=1.35 TGL=0.18 KV=1.43
  [rfly_replan t=10.0 big=0] gbest=505.5 | EKR=1.32 EKV=1.41 EBANK=0.73 ADEC=1.47 TLD=1.39 KDIV=0.69 KVN=0.50 IGN=1.35 TGL=0.18 KV=1.43
  [rfly_replan t=11.6 big=0] gbest=1532.2 | EKR=1.25 EKV=1.16 EBANK=0.95 ADEC=1.53 TLD=1.31 KDIV=0.82 KVN=0.55 IGN=1.12 TGL=0.00 KV=1.31
  [rfly_replan t=21.6 big=0] gbest=1532.2 | EKR=1.25 EKV=1.16 EBANK=0.95 ADEC=1.53 TLD=1.31 KDIV=0.82 KVN=0.55 IGN=1.12 TGL=0.00 KV=1.31
  [rfly_replan t=29.6 big=0] gbest=1399.3 | EKR=1.11 EKV=1.25 EBANK=0.93 ADEC=1.54 TLD=1.13 KDIV=0.82 KVN=0.50 IGN=1.27 TGL=0.00 KV=1.22
  [rfly_replan t=39.6 big=0] gbest=1399.3 | EKR=1.11 EKV=1.25 EBANK=0.93 ADEC=1.54 TLD=1.13 KDIV=0.82 KVN=0.50 IGN=1.27 TGL=0.00 KV=1.22
  [rfly_replan t=49.6 big=0] gbest=936.1 | EKR=1.09 EKV=0.77 EBANK=0.87 ADEC=1.32 TLD=1.15 KDIV=0.79 KVN=0.50 IGN=1.23 TGL=0.01 KV=1.24
  [rfly_replan t=59.6 big=0] gbest=936.1 | EKR=1.09 EKV=0.77 EBANK=0.87 ADEC=1.32 TLD=1.15 KDIV=0.79 KVN=0.50 IGN=1.23 TGL=0.01 KV=1.24
  [rfly_replan t=69.6 big=0] gbest=934.8 | EKR=0.47 EKV=0.84 EBANK=0.89 ADEC=1.31 TLD=1.20 KDIV=0.79 KVN=0.56 IGN=1.02 TGL=0.11 KV=1.22
  [rfly_replan t=79.6 big=0] gbest=934.8 | EKR=0.47 EKV=0.84 EBANK=0.89 ADEC=1.31 TLD=1.20 KDIV=0.79 KVN=0.56 IGN=1.02 TGL=0.11 KV=1.22
  [rfly_replan t=89.6 big=0] gbest=827.2 | EKR=0.75 EKV=0.77 EBANK=0.85 ADEC=1.32 TLD=1.48 KDIV=0.76 KVN=0.57 IGN=0.98 TGL=0.00 KV=1.16
  [rfly_replan t=99.7 big=0] gbest=763.1 | EKR=1.27 EKV=0.52 EBANK=0.78 ADEC=1.61 TLD=1.24 KDIV=0.85 KVN=0.65 IGN=1.27 TGL=0.21 KV=1.23
  [rfly_replan t=109.7 big=0] gbest=763.1 | EKR=1.27 EKV=0.52 EBANK=0.78 ADEC=1.61 TLD=1.24 KDIV=0.85 KVN=0.65 IGN=1.27 TGL=0.21 KV=1.23
  [rfly_replan t=0.0 big=1] gbest=401.2 | EKR=2.21 EKV=0.98 EBANK=1.36 ADEC=0.40 TLD=0.25 KDIV=0.58 KVN=0.72 IGN=1.48 TGL=0.00 KV=1.27
  [rfly_replan t=6.2 big=0] gbest=865.2 | EKR=1.96 EKV=1.32 EBANK=0.95 ADEC=0.40 TLD=0.25 KDIV=0.56 KVN=0.73 IGN=1.12 TGL=0.25 KV=1.16
  [rfly_replan t=16.2 big=0] gbest=648.6 | EKR=1.70 EKV=1.07 EBANK=0.75 ADEC=0.66 TLD=0.57 KDIV=0.42 KVN=0.55 IGN=0.86 TGL=0.00 KV=0.93
  [rfly_replan t=26.3 big=0] gbest=330.7 | EKR=1.51 EKV=1.09 EBANK=0.98 ADEC=0.66 TLD=0.52 KDIV=0.43 KVN=0.69 IGN=0.79 TGL=0.03 KV=0.90
  [rfly_replan t=32.2 big=0] gbest=330.7 | EKR=1.51 EKV=1.09 EBANK=0.98 ADEC=0.66 TLD=0.52 KDIV=0.43 KVN=0.69 IGN=0.79 TGL=0.03 KV=0.90
  [rfly_replan t=42.2 big=0] gbest=330.7 | EKR=1.51 EKV=1.09 EBANK=0.98 ADEC=0.66 TLD=0.52 KDIV=0.43 KVN=0.69 IGN=0.79 TGL=0.03 KV=0.90
  [rfly_replan t=52.2 big=0] gbest=330.7 | EKR=1.51 EKV=1.09 EBANK=0.98 ADEC=0.66 TLD=0.52 KDIV=0.43 KVN=0.69 IGN=0.79 TGL=0.03 KV=0.90
  [rfly_replan t=62.2 big=0] gbest=309.2 | EKR=1.82 EKV=1.07 EBANK=0.95 ADEC=0.71 TLD=0.50 KDIV=0.44 KVN=0.71 IGN=0.80 TGL=0.14 KV=1.06
  [rfly_replan t=72.2 big=0] gbest=309.2 | EKR=1.82 EKV=1.07 EBANK=0.95 ADEC=0.71 TLD=0.50 KDIV=0.44 KVN=0.71 IGN=0.80 TGL=0.14 KV=1.06
  [rfly_replan t=82.2 big=0] gbest=298.6 | EKR=1.31 EKV=1.20 EBANK=0.96 ADEC=0.73 TLD=0.53 KDIV=0.40 KVN=0.50 IGN=0.83 TGL=0.21 KV=1.13
  [rfly_replan t=92.2 big=0] gbest=294.9 | EKR=1.01 EKV=1.18 EBANK=1.00 ADEC=0.73 TLD=0.38 KDIV=0.40 KVN=0.73 IGN=0.78 TGL=0.14 KV=1.10
  [rfly_replan t=102.2 big=0] gbest=260.8 | EKR=0.68 EKV=0.93 EBANK=1.12 ADEC=0.63 TLD=0.25 KDIV=0.59 KVN=0.90 IGN=0.92 TGL=0.15 KV=1.36
  [imu] reference LOST t=103.82 float=x gimbal rates o/m/i = -90/2/-5 deg/s (limit 90) MGA=9.1
  [rfly_replan t=112.3 big=0] gbest=260.8 | EKR=0.68 EKV=0.93 EBANK=1.12 ADEC=0.63 TLD=0.25 KDIV=0.59 KVN=0.90 IGN=0.92 TGL=0.15 KV=1.36
  [rfly_replan t=0.0 big=1] gbest=820.9 | EKR=1.04 EKV=1.07 EBANK=1.16 ADEC=1.47 TLD=1.29 KDIV=0.64 KVN=0.53 IGN=1.24 TGL=0.24 KV=1.40
  [rfly_replan t=10.0 big=0] gbest=820.9 | EKR=1.04 EKV=1.07 EBANK=1.16 ADEC=1.47 TLD=1.29 KDIV=0.64 KVN=0.53 IGN=1.24 TGL=0.24 KV=1.40
  [rfly_replan t=14.9 big=0] gbest=11622.9 | EKR=1.36 EKV=0.82 EBANK=1.26 ADEC=1.45 TLD=1.47 KDIV=0.70 KVN=0.54 IGN=1.44 TGL=0.25 KV=1.67
  [rfly_replan t=24.9 big=0] gbest=1774.9 | EKR=1.62 EKV=0.76 EBANK=1.27 ADEC=1.27 TLD=1.92 KDIV=0.89 KVN=0.58 IGN=1.17 TGL=0.31 KV=1.49
  [rfly_replan t=33.0 big=0] gbest=1627.5 | EKR=1.66 EKV=0.52 EBANK=1.00 ADEC=1.10 TLD=2.14 KDIV=0.70 KVN=0.75 IGN=0.98 TGL=0.39 KV=1.33
  [rfly_replan t=43.0 big=0] gbest=1122.3 | EKR=1.90 EKV=0.63 EBANK=1.37 ADEC=1.02 TLD=1.99 KDIV=0.73 KVN=0.86 IGN=0.71 TGL=0.51 KV=1.22
  [rfly_replan t=53.0 big=0] gbest=1122.3 | EKR=1.90 EKV=0.63 EBANK=1.37 ADEC=1.02 TLD=1.99 KDIV=0.73 KVN=0.86 IGN=0.71 TGL=0.51 KV=1.22
  [rfly_replan t=63.0 big=0] gbest=1122.3 | EKR=1.90 EKV=0.63 EBANK=1.37 ADEC=1.02 TLD=1.99 KDIV=0.73 KVN=0.86 IGN=0.71 TGL=0.51 KV=1.22
  [rfly_replan t=73.0 big=0] gbest=1122.3 | EKR=1.90 EKV=0.63 EBANK=1.37 ADEC=1.02 TLD=1.99 KDIV=0.73 KVN=0.86 IGN=0.71 TGL=0.51 KV=1.22
  [rfly_replan t=83.0 big=0] gbest=970.6 | EKR=1.93 EKV=0.41 EBANK=1.49 ADEC=1.17 TLD=2.03 KDIV=0.67 KVN=0.97 IGN=0.71 TGL=0.56 KV=1.26
  [rfly_replan t=93.0 big=0] gbest=970.6 | EKR=1.93 EKV=0.41 EBANK=1.49 ADEC=1.17 TLD=2.03 KDIV=0.67 KVN=0.97 IGN=0.71 TGL=0.56 KV=1.26
  [rfly_replan t=103.1 big=0] gbest=970.6 | EKR=1.93 EKV=0.41 EBANK=1.49 ADEC=1.17 TLD=2.03 KDIV=0.67 KVN=0.97 IGN=0.71 TGL=0.56 KV=1.26
  [rfly_replan t=113.1 big=0] gbest=788.6 | EKR=2.16 EKV=0.30 EBANK=1.77 ADEC=1.03 TLD=1.99 KDIV=0.77 KVN=1.07 IGN=0.43 TGL=0.52 KV=1.15
  [rfly_replan t=123.1 big=0] gbest=788.6 | EKR=2.16 EKV=0.30 EBANK=1.77 ADEC=1.03 TLD=1.99 KDIV=0.77 KVN=1.07 IGN=0.43 TGL=0.52 KV=1.15
  [rfly_replan t=133.1 big=0] gbest=788.6 | EKR=2.16 EKV=0.30 EBANK=1.77 ADEC=1.03 TLD=1.99 KDIV=0.77 KVN=1.07 IGN=0.43 TGL=0.52 KV=1.15
  [rfly_replan t=143.1 big=0] gbest=788.6 | EKR=2.16 EKV=0.30 EBANK=1.77 ADEC=1.03 TLD=1.99 KDIV=0.77 KVN=1.07 IGN=0.43 TGL=0.52 KV=1.15
  [rfly_replan t=0.0 big=1] gbest=571.6 | EKR=1.72 EKV=1.37 EBANK=1.53 ADEC=0.40 TLD=0.38 KDIV=1.01 KVN=1.28 IGN=1.53 TGL=0.20 KV=0.97
  [rfly_replan t=9.5 big=0] gbest=7348.4 | EKR=1.61 EKV=1.56 EBANK=1.54 ADEC=0.66 TLD=0.58 KDIV=0.81 KVN=1.11 IGN=1.27 TGL=0.03 KV=1.10
  [rfly_replan t=19.5 big=0] gbest=1048.4 | EKR=1.52 EKV=1.88 EBANK=1.78 ADEC=0.78 TLD=0.59 KDIV=0.77 KVN=1.13 IGN=1.31 TGL=0.00 KV=1.10
  [rfly_replan t=29.6 big=0] gbest=854.4 | EKR=1.38 EKV=1.82 EBANK=1.72 ADEC=0.81 TLD=0.50 KDIV=0.74 KVN=1.22 IGN=1.48 TGL=0.05 KV=0.94
  [rfly_replan t=34.0 big=0] gbest=479.6 | EKR=1.17 EKV=1.86 EBANK=1.67 ADEC=0.92 TLD=0.75 KDIV=0.65 KVN=1.26 IGN=1.42 TGL=0.07 KV=0.90
  [rfly_replan t=44.0 big=0] gbest=385.5 | EKR=1.28 EKV=1.58 EBANK=1.53 ADEC=1.05 TLD=0.75 KDIV=0.56 KVN=1.26 IGN=1.70 TGL=0.01 KV=0.76
  [rfly_replan t=54.0 big=0] gbest=196.7 | EKR=1.30 EKV=1.49 EBANK=1.39 ADEC=1.03 TLD=0.75 KDIV=0.56 KVN=1.30 IGN=1.68 TGL=0.00 KV=0.81
  [rfly_replan t=64.0 big=0] gbest=196.7 | EKR=1.30 EKV=1.49 EBANK=1.39 ADEC=1.03 TLD=0.75 KDIV=0.56 KVN=1.30 IGN=1.68 TGL=0.00 KV=0.81
  [rfly_replan t=74.0 big=0] gbest=196.7 | EKR=1.30 EKV=1.49 EBANK=1.39 ADEC=1.03 TLD=0.75 KDIV=0.56 KVN=1.30 IGN=1.68 TGL=0.00 KV=0.81
  [rfly_replan t=84.0 big=0] gbest=196.7 | EKR=1.30 EKV=1.49 EBANK=1.39 ADEC=1.03 TLD=0.75 KDIV=0.56 KVN=1.30 IGN=1.68 TGL=0.00 KV=0.81
  [rfly_replan t=94.0 big=0] gbest=196.7 | EKR=1.30 EKV=1.49 EBANK=1.39 ADEC=1.03 TLD=0.75 KDIV=0.56 KVN=1.30 IGN=1.68 TGL=0.00 KV=0.81
  [rfly_replan t=104.1 big=0] gbest=196.7 | EKR=1.30 EKV=1.49 EBANK=1.39 ADEC=1.03 TLD=0.75 KDIV=0.56 KVN=1.30 IGN=1.68 TGL=0.00 KV=0.81
  [rfly_replan t=114.1 big=0] gbest=196.7 | EKR=1.30 EKV=1.49 EBANK=1.39 ADEC=1.03 TLD=0.75 KDIV=0.56 KVN=1.30 IGN=1.68 TGL=0.00 KV=0.81
  [imu] reference LOST t=118.74 float=x gimbal rates o/m/i = -90/-6/-8 deg/s (limit 90) MGA=3.2
  [rfly_replan t=124.1 big=0] gbest=196.7 | EKR=1.30 EKV=1.49 EBANK=1.39 ADEC=1.03 TLD=0.75 KDIV=0.56 KVN=1.30 IGN=1.68 TGL=0.00 KV=0.81
  [rfly_replan t=0.0 big=1] gbest=198.4 | EKR=0.90 EKV=0.48 EBANK=0.62 ADEC=0.93 TLD=0.37 KDIV=0.40 KVN=0.87 IGN=0.40 TGL=0.05 KV=1.27
  [rfly_replan t=4.2 big=0] gbest=728.4 | EKR=0.65 EKV=0.59 EBANK=0.60 ADEC=1.20 TLD=0.26 KDIV=0.50 KVN=0.91 IGN=0.40 TGL=0.24 KV=1.11
  [rfly_replan t=14.2 big=0] gbest=454.2 | EKR=0.35 EKV=0.49 EBANK=0.61 ADEC=1.08 TLD=0.35 KDIV=0.68 KVN=0.89 IGN=0.60 TGL=0.16 KV=1.10
  [rfly_replan t=24.2 big=0] gbest=454.2 | EKR=0.35 EKV=0.49 EBANK=0.61 ADEC=1.08 TLD=0.35 KDIV=0.68 KVN=0.89 IGN=0.60 TGL=0.16 KV=1.10
  [rfly_replan t=31.1 big=0] gbest=454.2 | EKR=0.35 EKV=0.49 EBANK=0.61 ADEC=1.08 TLD=0.35 KDIV=0.68 KVN=0.89 IGN=0.60 TGL=0.16 KV=1.10
  [rfly_replan t=41.1 big=0] gbest=454.2 | EKR=0.35 EKV=0.49 EBANK=0.61 ADEC=1.08 TLD=0.35 KDIV=0.68 KVN=0.89 IGN=0.60 TGL=0.16 KV=1.10
  [rfly_replan t=51.1 big=0] gbest=454.2 | EKR=0.35 EKV=0.49 EBANK=0.61 ADEC=1.08 TLD=0.35 KDIV=0.68 KVN=0.89 IGN=0.60 TGL=0.16 KV=1.10
  [rfly_replan t=61.1 big=0] gbest=441.1 | EKR=0.30 EKV=0.76 EBANK=0.60 ADEC=1.08 TLD=0.33 KDIV=0.66 KVN=0.86 IGN=0.59 TGL=0.21 KV=1.13
  [rfly_replan t=71.1 big=0] gbest=441.1 | EKR=0.30 EKV=0.76 EBANK=0.60 ADEC=1.08 TLD=0.33 KDIV=0.66 KVN=0.86 IGN=0.59 TGL=0.21 KV=1.13
  [rfly_replan t=81.1 big=0] gbest=434.7 | EKR=0.30 EKV=0.80 EBANK=0.90 ADEC=1.07 TLD=0.36 KDIV=0.84 KVN=0.75 IGN=0.89 TGL=0.41 KV=1.14
  [rfly_replan t=91.2 big=0] gbest=335.8 | EKR=0.38 EKV=1.03 EBANK=0.68 ADEC=0.90 TLD=0.31 KDIV=0.72 KVN=0.57 IGN=0.65 TGL=0.23 KV=1.15
  [rfly_replan t=101.2 big=0] gbest=335.8 | EKR=0.38 EKV=1.03 EBANK=0.68 ADEC=0.90 TLD=0.31 KDIV=0.72 KVN=0.57 IGN=0.65 TGL=0.23 KV=1.15
  [rfly_replan t=0.0 big=1] gbest=410.5 | EKR=1.63 EKV=1.54 EBANK=1.13 ADEC=1.19 TLD=0.83 KDIV=0.40 KVN=0.98 IGN=1.28 TGL=0.14 KV=2.20
  [rfly_replan t=10.0 big=0] gbest=410.5 | EKR=1.63 EKV=1.54 EBANK=1.13 ADEC=1.19 TLD=0.83 KDIV=0.40 KVN=0.98 IGN=1.28 TGL=0.14 KV=2.20
  [rfly_replan t=12.8 big=0] gbest=5829.3 | EKR=1.71 EKV=1.72 EBANK=0.98 ADEC=1.01 TLD=1.09 KDIV=0.59 KVN=0.95 IGN=1.49 TGL=0.19 KV=2.36
  [rfly_replan t=22.9 big=0] gbest=4891.1 | EKR=1.95 EKV=1.88 EBANK=0.95 ADEC=0.80 TLD=1.25 KDIV=0.45 KVN=0.88 IGN=1.15 TGL=0.02 KV=2.19
  [rfly_replan t=29.8 big=0] gbest=1917.0 | EKR=1.92 EKV=1.94 EBANK=0.91 ADEC=0.78 TLD=1.44 KDIV=0.45 KVN=0.50 IGN=1.08 TGL=0.00 KV=2.09
  [rfly_replan t=39.8 big=0] gbest=1653.4 | EKR=2.34 EKV=1.96 EBANK=0.85 ADEC=0.56 TLD=1.39 KDIV=0.58 KVN=0.50 IGN=0.96 TGL=0.00 KV=2.10
  [rfly_replan t=49.8 big=0] gbest=1579.8 | EKR=2.39 EKV=2.02 EBANK=0.90 ADEC=0.60 TLD=1.37 KDIV=0.54 KVN=0.64 IGN=0.70 TGL=0.05 KV=2.10
  [rfly_replan t=59.8 big=0] gbest=1116.1 | EKR=2.05 EKV=1.68 EBANK=0.78 ADEC=0.40 TLD=1.11 KDIV=0.57 KVN=0.61 IGN=0.86 TGL=0.26 KV=2.08
  [rfly_replan t=69.9 big=0] gbest=1014.3 | EKR=2.19 EKV=1.96 EBANK=0.60 ADEC=0.44 TLD=0.89 KDIV=0.68 KVN=0.50 IGN=0.88 TGL=0.42 KV=2.17
  [rfly_replan t=79.9 big=0] gbest=795.8 | EKR=2.05 EKV=2.19 EBANK=0.60 ADEC=0.54 TLD=1.10 KDIV=0.63 KVN=0.50 IGN=1.23 TGL=0.49 KV=2.34
  [rfly_replan t=89.9 big=0] gbest=703.8 | EKR=2.29 EKV=2.18 EBANK=0.80 ADEC=0.53 TLD=1.15 KDIV=0.63 KVN=0.58 IGN=1.58 TGL=0.69 KV=2.34
  [rfly_replan t=99.9 big=0] gbest=415.8 | EKR=2.15 EKV=2.28 EBANK=0.96 ADEC=0.40 TLD=0.93 KDIV=0.74 KVN=0.71 IGN=1.84 TGL=0.66 KV=2.43
  [imu] reference LOST t=102.75 float=x gimbal rates o/m/i = -90/4/-7 deg/s (limit 90) MGA=10.9
  [rfly_replan t=109.9 big=0] gbest=415.8 | EKR=2.15 EKV=2.28 EBANK=0.96 ADEC=0.40 TLD=0.93 KDIV=0.74 KVN=0.71 IGN=1.84 TGL=0.66 KV=2.43
  [rfly_replan t=0.0 big=1] gbest=740.2 | EKR=1.47 EKV=1.30 EBANK=1.18 ADEC=0.93 TLD=0.94 KDIV=1.00 KVN=0.59 IGN=0.40 TGL=0.00 KV=1.42
  [rfly_replan t=7.5 big=0] gbest=868.4 | EKR=1.24 EKV=1.37 EBANK=1.06 ADEC=0.88 TLD=0.84 KDIV=1.02 KVN=0.64 IGN=0.40 TGL=0.00 KV=1.31
  [rfly_replan t=17.5 big=0] gbest=643.1 | EKR=1.06 EKV=1.66 EBANK=1.05 ADEC=0.73 TLD=0.66 KDIV=0.91 KVN=0.85 IGN=0.40 TGL=0.00 KV=1.18
  [rfly_replan t=27.5 big=0] gbest=643.1 | EKR=1.06 EKV=1.66 EBANK=1.05 ADEC=0.73 TLD=0.66 KDIV=0.91 KVN=0.85 IGN=0.40 TGL=0.00 KV=1.18
  [rfly_replan t=32.7 big=0] gbest=643.1 | EKR=1.06 EKV=1.66 EBANK=1.05 ADEC=0.73 TLD=0.66 KDIV=0.91 KVN=0.85 IGN=0.40 TGL=0.00 KV=1.18
  [rfly_replan t=42.7 big=0] gbest=643.1 | EKR=1.06 EKV=1.66 EBANK=1.05 ADEC=0.73 TLD=0.66 KDIV=0.91 KVN=0.85 IGN=0.40 TGL=0.00 KV=1.18
  [rfly_replan t=52.7 big=0] gbest=643.1 | EKR=1.06 EKV=1.66 EBANK=1.05 ADEC=0.73 TLD=0.66 KDIV=0.91 KVN=0.85 IGN=0.40 TGL=0.00 KV=1.18
  [rfly_replan t=62.7 big=0] gbest=643.1 | EKR=1.06 EKV=1.66 EBANK=1.05 ADEC=0.73 TLD=0.66 KDIV=0.91 KVN=0.85 IGN=0.40 TGL=0.00 KV=1.18
  [rfly_replan t=72.8 big=0] gbest=643.1 | EKR=1.06 EKV=1.66 EBANK=1.05 ADEC=0.73 TLD=0.66 KDIV=0.91 KVN=0.85 IGN=0.40 TGL=0.00 KV=1.18
  [rfly_replan t=82.8 big=0] gbest=643.1 | EKR=1.06 EKV=1.66 EBANK=1.05 ADEC=0.73 TLD=0.66 KDIV=0.91 KVN=0.85 IGN=0.40 TGL=0.00 KV=1.18
  [rfly_replan t=92.8 big=0] gbest=610.4 | EKR=1.32 EKV=1.40 EBANK=1.28 ADEC=0.66 TLD=0.57 KDIV=0.93 KVN=0.94 IGN=0.70 TGL=0.00 KV=0.86
  [rfly_replan t=102.8 big=0] gbest=572.5 | EKR=1.12 EKV=1.45 EBANK=1.45 ADEC=1.07 TLD=0.46 KDIV=0.91 KVN=0.73 IGN=0.40 TGL=0.01 KV=1.02
  [rfly_replan t=112.8 big=0] gbest=572.5 | EKR=1.12 EKV=1.45 EBANK=1.45 ADEC=1.07 TLD=0.46 KDIV=0.91 KVN=0.73 IGN=0.40 TGL=0.01 KV=1.02
  [rfly_replan t=0.0 big=1] gbest=675.3 | EKR=0.40 EKV=0.50 EBANK=1.21 ADEC=1.52 TLD=1.48 KDIV=0.55 KVN=0.68 IGN=1.42 TGL=0.94 KV=1.23
  [rfly_replan t=10.0 big=0] gbest=552.6 | EKR=0.41 EKV=0.30 EBANK=1.10 ADEC=1.54 TLD=1.72 KDIV=0.62 KVN=0.61 IGN=1.39 TGL=0.95 KV=1.27
  [rfly_replan t=16.2 big=0] gbest=7243.7 | EKR=0.75 EKV=0.31 EBANK=1.03 ADEC=1.53 TLD=1.57 KDIV=0.57 KVN=0.71 IGN=1.35 TGL=0.85 KV=1.38
  [rfly_replan t=26.2 big=0] gbest=1190.1 | EKR=0.91 EKV=0.30 EBANK=1.14 ADEC=1.34 TLD=1.59 KDIV=0.64 KVN=0.72 IGN=1.39 TGL=0.70 KV=1.42
  [rfly_replan t=32.3 big=0] gbest=1190.1 | EKR=0.91 EKV=0.30 EBANK=1.14 ADEC=1.34 TLD=1.59 KDIV=0.64 KVN=0.72 IGN=1.39 TGL=0.70 KV=1.42
  [rfly_replan t=42.3 big=0] gbest=984.5 | EKR=0.95 EKV=0.54 EBANK=1.28 ADEC=1.31 TLD=1.48 KDIV=0.66 KVN=0.64 IGN=1.40 TGL=0.73 KV=1.46
  [rfly_replan t=52.3 big=0] gbest=870.9 | EKR=1.30 EKV=0.53 EBANK=1.34 ADEC=1.28 TLD=1.59 KDIV=0.65 KVN=0.83 IGN=1.39 TGL=0.47 KV=1.49
  [rfly_replan t=62.3 big=0] gbest=870.9 | EKR=1.30 EKV=0.53 EBANK=1.34 ADEC=1.28 TLD=1.59 KDIV=0.65 KVN=0.83 IGN=1.39 TGL=0.47 KV=1.49
  [rfly_replan t=72.3 big=0] gbest=870.9 | EKR=1.30 EKV=0.53 EBANK=1.34 ADEC=1.28 TLD=1.59 KDIV=0.65 KVN=0.83 IGN=1.39 TGL=0.47 KV=1.49
  [rfly_replan t=82.4 big=0] gbest=775.1 | EKR=1.11 EKV=0.74 EBANK=1.21 ADEC=1.40 TLD=1.70 KDIV=0.49 KVN=0.80 IGN=1.02 TGL=0.46 KV=1.40
  [rfly_replan t=92.4 big=0] gbest=775.1 | EKR=1.11 EKV=0.74 EBANK=1.21 ADEC=1.40 TLD=1.70 KDIV=0.49 KVN=0.80 IGN=1.02 TGL=0.46 KV=1.40
  [rfly_replan t=102.4 big=0] gbest=775.1 | EKR=1.11 EKV=0.74 EBANK=1.21 ADEC=1.40 TLD=1.70 KDIV=0.49 KVN=0.80 IGN=1.02 TGL=0.46 KV=1.40
  [rfly_replan t=112.4 big=0] gbest=775.1 | EKR=1.11 EKV=0.74 EBANK=1.21 ADEC=1.40 TLD=1.70 KDIV=0.49 KVN=0.80 IGN=1.02 TGL=0.46 KV=1.40
  [rfly_replan t=122.4 big=0] gbest=652.1 | EKR=1.31 EKV=0.68 EBANK=1.23 ADEC=1.43 TLD=1.74 KDIV=0.46 KVN=0.89 IGN=1.34 TGL=0.49 KV=1.37
  [rfly_replan t=132.4 big=0] gbest=603.7 | EKR=1.30 EKV=0.71 EBANK=1.02 ADEC=1.11 TLD=1.72 KDIV=0.49 KVN=0.82 IGN=1.41 TGL=0.49 KV=1.22
  [imu] reference LOST t=136.21 float=x gimbal rates o/m/i = -90/2/9 deg/s (limit 90) MGA=-14.6
  [rfly_replan t=142.4 big=0] gbest=603.7 | EKR=1.30 EKV=0.71 EBANK=1.02 ADEC=1.11 TLD=1.72 KDIV=0.49 KVN=0.82 IGN=1.41 TGL=0.49 KV=1.22
  [rfly_replan t=0.0 big=1] gbest=602.3 | EKR=2.28 EKV=2.13 EBANK=1.18 ADEC=1.42 TLD=1.49 KDIV=0.41 KVN=0.90 IGN=1.13 TGL=0.00 KV=0.85
  [rfly_replan t=10.0 big=0] gbest=551.4 | EKR=2.09 EKV=1.88 EBANK=1.31 ADEC=1.17 TLD=1.29 KDIV=0.40 KVN=0.90 IGN=1.14 TGL=0.00 KV=0.88
  [rfly_replan t=10.8 big=0] gbest=4453.3 | EKR=2.30 EKV=1.98 EBANK=1.40 ADEC=1.26 TLD=1.38 KDIV=0.40 KVN=1.15 IGN=1.12 TGL=0.00 KV=0.88
  [rfly_replan t=20.8 big=0] gbest=872.9 | EKR=1.96 EKV=1.95 EBANK=1.51 ADEC=1.08 TLD=1.11 KDIV=0.40 KVN=1.28 IGN=1.34 TGL=0.18 KV=1.05
  [rfly_replan t=30.8 big=0] gbest=872.9 | EKR=1.96 EKV=1.95 EBANK=1.51 ADEC=1.08 TLD=1.11 KDIV=0.40 KVN=1.28 IGN=1.34 TGL=0.18 KV=1.05
  [rfly_replan t=32.6 big=0] gbest=872.9 | EKR=1.96 EKV=1.95 EBANK=1.51 ADEC=1.08 TLD=1.11 KDIV=0.40 KVN=1.28 IGN=1.34 TGL=0.18 KV=1.05
  [rfly_replan t=42.6 big=0] gbest=720.5 | EKR=2.15 EKV=2.09 EBANK=1.66 ADEC=1.15 TLD=0.90 KDIV=0.40 KVN=1.36 IGN=1.69 TGL=0.16 KV=0.86
  [rfly_replan t=52.6 big=0] gbest=343.1 | EKR=2.42 EKV=2.08 EBANK=1.76 ADEC=1.16 TLD=0.65 KDIV=0.42 KVN=1.19 IGN=2.03 TGL=0.10 KV=0.71
  [rfly_replan t=62.6 big=0] gbest=111.5 | EKR=2.47 EKV=1.85 EBANK=1.72 ADEC=0.97 TLD=0.52 KDIV=0.40 KVN=1.14 IGN=1.80 TGL=0.08 KV=0.75
  [rfly_replan t=72.6 big=0] gbest=111.5 | EKR=2.47 EKV=1.85 EBANK=1.72 ADEC=0.97 TLD=0.52 KDIV=0.40 KVN=1.14 IGN=1.80 TGL=0.08 KV=0.75
  [rfly_replan t=82.6 big=0] gbest=104.4 | EKR=2.51 EKV=1.71 EBANK=1.65 ADEC=1.04 TLD=0.56 KDIV=0.40 KVN=1.23 IGN=1.87 TGL=0.05 KV=0.77
  [rfly_replan t=92.6 big=0] gbest=104.4 | EKR=2.51 EKV=1.71 EBANK=1.65 ADEC=1.04 TLD=0.56 KDIV=0.40 KVN=1.23 IGN=1.87 TGL=0.05 KV=0.77
  [rfly_replan t=102.7 big=0] gbest=104.4 | EKR=2.51 EKV=1.71 EBANK=1.65 ADEC=1.04 TLD=0.56 KDIV=0.40 KVN=1.23 IGN=1.87 TGL=0.05 KV=0.77
  [rfly_replan t=112.7 big=0] gbest=104.4 | EKR=2.51 EKV=1.71 EBANK=1.65 ADEC=1.04 TLD=0.56 KDIV=0.40 KVN=1.23 IGN=1.87 TGL=0.05 KV=0.77
  [rfly_replan t=122.7 big=0] gbest=103.9 | EKR=2.31 EKV=2.01 EBANK=1.59 ADEC=1.13 TLD=0.51 KDIV=0.41 KVN=1.10 IGN=2.14 TGL=0.00 KV=0.95
  [imu] reference LOST t=123.53 float=x gimbal rates o/m/i = -90/-4/5 deg/s (limit 90) MGA=-0.4
  [rfly_replan t=0.0 big=1] gbest=491.9 | EKR=1.48 EKV=1.50 EBANK=1.01 ADEC=1.85 TLD=1.09 KDIV=0.40 KVN=0.50 IGN=1.32 TGL=0.00 KV=1.20
  [rfly_replan t=5.5 big=0] gbest=381.0 | EKR=1.64 EKV=1.73 EBANK=1.12 ADEC=1.70 TLD=0.81 KDIV=0.40 KVN=0.50 IGN=1.74 TGL=0.13 KV=1.22
  [rfly_replan t=15.5 big=0] gbest=355.7 | EKR=1.75 EKV=1.83 EBANK=1.05 ADEC=1.48 TLD=0.84 KDIV=0.40 KVN=0.50 IGN=1.97 TGL=0.12 KV=1.19
  [rfly_replan t=25.5 big=0] gbest=355.7 | EKR=1.75 EKV=1.83 EBANK=1.05 ADEC=1.48 TLD=0.84 KDIV=0.40 KVN=0.50 IGN=1.97 TGL=0.12 KV=1.19
  [rfly_replan t=35.1 big=0] gbest=355.7 | EKR=1.75 EKV=1.83 EBANK=1.05 ADEC=1.48 TLD=0.84 KDIV=0.40 KVN=0.50 IGN=1.97 TGL=0.12 KV=1.19
  [rfly_replan t=45.1 big=0] gbest=355.7 | EKR=1.75 EKV=1.83 EBANK=1.05 ADEC=1.48 TLD=0.84 KDIV=0.40 KVN=0.50 IGN=1.97 TGL=0.12 KV=1.19
  [rfly_replan t=55.1 big=0] gbest=355.7 | EKR=1.75 EKV=1.83 EBANK=1.05 ADEC=1.48 TLD=0.84 KDIV=0.40 KVN=0.50 IGN=1.97 TGL=0.12 KV=1.19
  [rfly_replan t=65.1 big=0] gbest=355.7 | EKR=1.75 EKV=1.83 EBANK=1.05 ADEC=1.48 TLD=0.84 KDIV=0.40 KVN=0.50 IGN=1.97 TGL=0.12 KV=1.19
  [rfly_replan t=75.1 big=0] gbest=355.7 | EKR=1.75 EKV=1.83 EBANK=1.05 ADEC=1.48 TLD=0.84 KDIV=0.40 KVN=0.50 IGN=1.97 TGL=0.12 KV=1.19
  [rfly_replan t=85.1 big=0] gbest=355.7 | EKR=1.75 EKV=1.83 EBANK=1.05 ADEC=1.48 TLD=0.84 KDIV=0.40 KVN=0.50 IGN=1.97 TGL=0.12 KV=1.19
  [rfly_replan t=95.1 big=0] gbest=355.7 | EKR=1.75 EKV=1.83 EBANK=1.05 ADEC=1.48 TLD=0.84 KDIV=0.40 KVN=0.50 IGN=1.97 TGL=0.12 KV=1.19
  [rfly_replan t=105.2 big=0] gbest=310.0 | EKR=1.52 EKV=1.98 EBANK=1.02 ADEC=1.44 TLD=0.83 KDIV=0.41 KVN=0.51 IGN=1.96 TGL=0.08 KV=1.07
  [rfly_replan t=115.2 big=0] gbest=308.2 | EKR=1.47 EKV=1.87 EBANK=1.05 ADEC=1.52 TLD=0.82 KDIV=0.40 KVN=0.57 IGN=2.08 TGL=0.00 KV=1.08
  [rfly_replan t=125.2 big=0] gbest=308.2 | EKR=1.47 EKV=1.87 EBANK=1.05 ADEC=1.52 TLD=0.82 KDIV=0.40 KVN=0.57 IGN=2.08 TGL=0.00 KV=1.08
  [rfly_replan t=0.0 big=1] gbest=475.2 | EKR=1.32 EKV=1.41 EBANK=0.73 ADEC=1.47 TLD=1.39 KDIV=0.69 KVN=0.50 IGN=1.35 TGL=0.18 KV=1.43
  [rfly_replan t=10.0 big=0] gbest=470.4 | EKR=1.33 EKV=1.12 EBANK=0.62 ADEC=1.49 TLD=1.64 KDIV=0.76 KVN=0.50 IGN=1.33 TGL=0.20 KV=1.47
  [rfly_replan t=14.1 big=0] gbest=833.8 | EKR=1.31 EKV=0.96 EBANK=0.60 ADEC=1.26 TLD=1.62 KDIV=0.77 KVN=0.50 IGN=1.21 TGL=0.38 KV=1.40
  [rfly_replan t=24.1 big=0] gbest=833.8 | EKR=1.31 EKV=0.96 EBANK=0.60 ADEC=1.26 TLD=1.62 KDIV=0.77 KVN=0.50 IGN=1.21 TGL=0.38 KV=1.40
  [rfly_replan t=29.3 big=0] gbest=833.8 | EKR=1.31 EKV=0.96 EBANK=0.60 ADEC=1.26 TLD=1.62 KDIV=0.77 KVN=0.50 IGN=1.21 TGL=0.38 KV=1.40
  [rfly_replan t=39.3 big=0] gbest=833.8 | EKR=1.31 EKV=0.96 EBANK=0.60 ADEC=1.26 TLD=1.62 KDIV=0.77 KVN=0.50 IGN=1.21 TGL=0.38 KV=1.40
  [rfly_replan t=49.3 big=0] gbest=833.8 | EKR=1.31 EKV=0.96 EBANK=0.60 ADEC=1.26 TLD=1.62 KDIV=0.77 KVN=0.50 IGN=1.21 TGL=0.38 KV=1.40
  [rfly_replan t=59.3 big=0] gbest=763.9 | EKR=1.26 EKV=0.86 EBANK=0.60 ADEC=1.30 TLD=1.61 KDIV=0.73 KVN=0.51 IGN=1.18 TGL=0.08 KV=1.51
  [rfly_replan t=69.4 big=0] gbest=672.8 | EKR=1.16 EKV=0.84 EBANK=0.77 ADEC=1.47 TLD=1.38 KDIV=0.66 KVN=0.54 IGN=0.88 TGL=0.00 KV=1.54
  [rfly_replan t=79.4 big=0] gbest=672.8 | EKR=1.16 EKV=0.84 EBANK=0.77 ADEC=1.47 TLD=1.38 KDIV=0.66 KVN=0.54 IGN=0.88 TGL=0.00 KV=1.54
  [rfly_replan t=89.4 big=0] gbest=669.9 | EKR=1.16 EKV=0.84 EBANK=0.77 ADEC=1.47 TLD=1.38 KDIV=0.66 KVN=0.54 IGN=0.88 TGL=0.00 KV=1.54
  [rfly_replan t=99.4 big=0] gbest=637.1 | EKR=1.08 EKV=1.03 EBANK=0.82 ADEC=1.61 TLD=1.26 KDIV=0.63 KVN=0.50 IGN=0.99 TGL=0.01 KV=1.52
  [rfly_replan t=109.4 big=0] gbest=633.4 | EKR=0.78 EKV=1.06 EBANK=0.83 ADEC=1.45 TLD=1.07 KDIV=0.41 KVN=0.51 IGN=0.83 TGL=0.14 KV=1.33
  [imu] reference LOST t=110.16 float=x gimbal rates o/m/i = -90/0/6 deg/s (limit 90) MGA=7.4
  [rfly_replan t=119.5 big=0] gbest=633.4 | EKR=0.78 EKV=1.06 EBANK=0.83 ADEC=1.45 TLD=1.07 KDIV=0.41 KVN=0.51 IGN=0.83 TGL=0.14 KV=1.33
  [rfly_replan t=0.0 big=1] gbest=515.2 | EKR=2.31 EKV=1.83 EBANK=1.42 ADEC=1.42 TLD=1.50 KDIV=0.40 KVN=1.06 IGN=1.21 TGL=0.00 KV=1.29
  [rfly_replan t=8.8 big=0] gbest=760.5 | EKR=2.07 EKV=2.07 EBANK=1.33 ADEC=1.20 TLD=1.24 KDIV=0.40 KVN=1.04 IGN=1.41 TGL=0.16 KV=1.41
  [rfly_replan t=18.8 big=0] gbest=760.5 | EKR=2.07 EKV=2.07 EBANK=1.33 ADEC=1.20 TLD=1.24 KDIV=0.40 KVN=1.04 IGN=1.41 TGL=0.16 KV=1.41
  [rfly_replan t=28.8 big=0] gbest=760.5 | EKR=2.07 EKV=2.07 EBANK=1.33 ADEC=1.20 TLD=1.24 KDIV=0.40 KVN=1.04 IGN=1.41 TGL=0.16 KV=1.41
  [rfly_replan t=31.9 big=0] gbest=760.5 | EKR=2.07 EKV=2.07 EBANK=1.33 ADEC=1.20 TLD=1.24 KDIV=0.40 KVN=1.04 IGN=1.41 TGL=0.16 KV=1.41
  [rfly_replan t=41.9 big=0] gbest=760.5 | EKR=2.07 EKV=2.07 EBANK=1.33 ADEC=1.20 TLD=1.24 KDIV=0.40 KVN=1.04 IGN=1.41 TGL=0.16 KV=1.41
  [rfly_replan t=51.9 big=0] gbest=632.7 | EKR=2.09 EKV=2.40 EBANK=1.32 ADEC=1.17 TLD=1.03 KDIV=0.44 KVN=0.99 IGN=1.41 TGL=0.23 KV=1.25
  [rfly_replan t=61.9 big=0] gbest=632.7 | EKR=2.09 EKV=2.40 EBANK=1.32 ADEC=1.17 TLD=1.03 KDIV=0.44 KVN=0.99 IGN=1.41 TGL=0.23 KV=1.25
  [rfly_replan t=72.0 big=0] gbest=632.7 | EKR=2.09 EKV=2.40 EBANK=1.32 ADEC=1.17 TLD=1.03 KDIV=0.44 KVN=0.99 IGN=1.41 TGL=0.23 KV=1.25
  [rfly_replan t=82.0 big=0] gbest=632.7 | EKR=2.09 EKV=2.40 EBANK=1.32 ADEC=1.17 TLD=1.03 KDIV=0.44 KVN=0.99 IGN=1.41 TGL=0.23 KV=1.25
  [rfly_replan t=92.0 big=0] gbest=632.7 | EKR=2.09 EKV=2.40 EBANK=1.32 ADEC=1.17 TLD=1.03 KDIV=0.44 KVN=0.99 IGN=1.41 TGL=0.23 KV=1.25
  [rfly_replan t=102.0 big=0] gbest=511.1 | EKR=1.98 EKV=2.46 EBANK=1.17 ADEC=1.12 TLD=1.10 KDIV=0.43 KVN=1.18 IGN=1.07 TGL=0.35 KV=1.46
  [imu] reference LOST t=107.82 float=x gimbal rates o/m/i = -90/-11/-1 deg/s (limit 90) MGA=9.6
  [rfly_replan t=112.0 big=0] gbest=511.1 | EKR=1.98 EKV=2.46 EBANK=1.17 ADEC=1.12 TLD=1.10 KDIV=0.43 KVN=1.18 IGN=1.07 TGL=0.35 KV=1.46
  [rfly_replan t=0.0 big=1] gbest=388.2 | EKR=0.90 EKV=0.48 EBANK=0.62 ADEC=0.93 TLD=0.37 KDIV=0.40 KVN=0.87 IGN=0.40 TGL=0.05 KV=1.27
  [rfly_replan t=10.0 big=0] gbest=388.2 | EKR=0.90 EKV=0.48 EBANK=0.62 ADEC=0.93 TLD=0.37 KDIV=0.40 KVN=0.87 IGN=0.40 TGL=0.05 KV=1.27
  [rfly_replan t=17.4 big=0] gbest=511.6 | EKR=0.90 EKV=0.48 EBANK=0.62 ADEC=0.93 TLD=0.37 KDIV=0.40 KVN=0.87 IGN=0.40 TGL=0.05 KV=1.27
  [rfly_replan t=27.4 big=0] gbest=296.4 | EKR=1.09 EKV=0.54 EBANK=0.62 ADEC=1.10 TLD=0.63 KDIV=0.41 KVN=0.88 IGN=0.42 TGL=0.09 KV=1.26
  [rfly_replan t=28.4 big=0] gbest=296.4 | EKR=1.09 EKV=0.54 EBANK=0.62 ADEC=1.10 TLD=0.63 KDIV=0.41 KVN=0.88 IGN=0.42 TGL=0.09 KV=1.26
  [rfly_replan t=38.4 big=0] gbest=296.4 | EKR=1.09 EKV=0.54 EBANK=0.62 ADEC=1.10 TLD=0.63 KDIV=0.41 KVN=0.88 IGN=0.42 TGL=0.09 KV=1.26
  [rfly_replan t=48.4 big=0] gbest=296.4 | EKR=1.09 EKV=0.54 EBANK=0.62 ADEC=1.10 TLD=0.63 KDIV=0.41 KVN=0.88 IGN=0.42 TGL=0.09 KV=1.26
  [rfly_replan t=58.4 big=0] gbest=296.4 | EKR=1.09 EKV=0.54 EBANK=0.62 ADEC=1.10 TLD=0.63 KDIV=0.41 KVN=0.88 IGN=0.42 TGL=0.09 KV=1.26
  [rfly_replan t=68.5 big=0] gbest=296.4 | EKR=1.09 EKV=0.54 EBANK=0.62 ADEC=1.10 TLD=0.63 KDIV=0.41 KVN=0.88 IGN=0.42 TGL=0.09 KV=1.26
  [rfly_replan t=78.5 big=0] gbest=296.4 | EKR=1.09 EKV=0.54 EBANK=0.62 ADEC=1.10 TLD=0.63 KDIV=0.41 KVN=0.88 IGN=0.42 TGL=0.09 KV=1.26
  [rfly_replan t=88.5 big=0] gbest=296.4 | EKR=1.09 EKV=0.54 EBANK=0.62 ADEC=1.10 TLD=0.63 KDIV=0.41 KVN=0.88 IGN=0.42 TGL=0.09 KV=1.26
  [rfly_replan t=98.5 big=0] gbest=296.4 | EKR=1.09 EKV=0.54 EBANK=0.62 ADEC=1.10 TLD=0.63 KDIV=0.41 KVN=0.88 IGN=0.42 TGL=0.09 KV=1.26
  [rfly_replan t=108.5 big=0] gbest=264.2 | EKR=0.97 EKV=0.30 EBANK=0.84 ADEC=1.24 TLD=0.67 KDIV=0.40 KVN=1.09 IGN=0.63 TGL=0.00 KV=1.22
  [imu] reference LOST t=112.91 float=x gimbal rates o/m/i = -90/3/1 deg/s (limit 90) MGA=-9.1
  [rfly_replan t=118.6 big=0] gbest=264.2 | EKR=0.97 EKV=0.30 EBANK=0.84 ADEC=1.24 TLD=0.67 KDIV=0.40 KVN=1.09 IGN=0.63 TGL=0.00 KV=1.22
  [rfly_replan t=0.0 big=1] gbest=551.1 | EKR=1.53 EKV=1.85 EBANK=0.97 ADEC=1.07 TLD=0.65 KDIV=0.45 KVN=0.56 IGN=1.08 TGL=0.00 KV=0.93
  [rfly_replan t=10.0 big=0] gbest=305.7 | EKR=1.46 EKV=1.90 EBANK=0.98 ADEC=1.06 TLD=0.62 KDIV=0.49 KVN=0.51 IGN=1.05 TGL=0.00 KV=0.89
  [rfly_replan t=12.1 big=0] gbest=550.3 | EKR=1.49 EKV=1.79 EBANK=1.01 ADEC=1.30 TLD=0.68 KDIV=0.64 KVN=0.51 IGN=1.03 TGL=0.01 KV=1.01
  [rfly_replan t=22.1 big=0] gbest=550.3 | EKR=1.49 EKV=1.79 EBANK=1.01 ADEC=1.30 TLD=0.68 KDIV=0.64 KVN=0.51 IGN=1.03 TGL=0.01 KV=1.01
  [rfly_replan t=31.5 big=0] gbest=550.3 | EKR=1.49 EKV=1.79 EBANK=1.01 ADEC=1.30 TLD=0.68 KDIV=0.64 KVN=0.51 IGN=1.03 TGL=0.01 KV=1.01
  [rfly_replan t=41.5 big=0] gbest=550.3 | EKR=1.49 EKV=1.79 EBANK=1.01 ADEC=1.30 TLD=0.68 KDIV=0.64 KVN=0.51 IGN=1.03 TGL=0.01 KV=1.01
  [rfly_replan t=51.5 big=0] gbest=550.3 | EKR=1.49 EKV=1.79 EBANK=1.01 ADEC=1.30 TLD=0.68 KDIV=0.64 KVN=0.51 IGN=1.03 TGL=0.01 KV=1.01
  [rfly_replan t=61.5 big=0] gbest=550.3 | EKR=1.49 EKV=1.79 EBANK=1.01 ADEC=1.30 TLD=0.68 KDIV=0.64 KVN=0.51 IGN=1.03 TGL=0.01 KV=1.01
  [rfly_replan t=71.5 big=0] gbest=550.3 | EKR=1.49 EKV=1.79 EBANK=1.01 ADEC=1.30 TLD=0.68 KDIV=0.64 KVN=0.51 IGN=1.03 TGL=0.01 KV=1.01
  [rfly_replan t=81.5 big=0] gbest=550.3 | EKR=1.49 EKV=1.79 EBANK=1.01 ADEC=1.30 TLD=0.68 KDIV=0.64 KVN=0.51 IGN=1.03 TGL=0.01 KV=1.01
  [rfly_replan t=91.5 big=0] gbest=352.5 | EKR=1.61 EKV=1.92 EBANK=0.99 ADEC=1.12 TLD=0.81 KDIV=0.51 KVN=0.63 IGN=1.00 TGL=0.01 KV=1.07
  [rfly_replan t=101.5 big=0] gbest=274.1 | EKR=1.67 EKV=2.27 EBANK=1.09 ADEC=1.24 TLD=0.87 KDIV=0.50 KVN=0.50 IGN=0.49 TGL=0.00 KV=1.21
  [rfly_replan t=111.6 big=0] gbest=239.9 | EKR=1.53 EKV=2.26 EBANK=1.07 ADEC=1.39 TLD=0.78 KDIV=0.51 KVN=0.50 IGN=0.43 TGL=0.08 KV=1.19
  [imu] reference LOST t=114.19 float=x gimbal rates o/m/i = -90/4/-2 deg/s (limit 90) MGA=-2.0
  [rfly_replan t=121.6 big=0] gbest=239.9 | EKR=1.53 EKV=2.26 EBANK=1.07 ADEC=1.39 TLD=0.78 KDIV=0.51 KVN=0.50 IGN=0.43 TGL=0.08 KV=1.19
  [rfly_replan t=0.0 big=1] gbest=503.5 | EKR=2.51 EKV=1.68 EBANK=1.33 ADEC=1.46 TLD=1.03 KDIV=0.60 KVN=0.50 IGN=1.32 TGL=0.16 KV=1.02
  [rfly_replan t=6.7 big=0] gbest=1371.9 | EKR=2.80 EKV=1.94 EBANK=1.08 ADEC=1.67 TLD=0.92 KDIV=0.76 KVN=0.50 IGN=1.01 TGL=0.11 KV=0.76
  [rfly_replan t=16.7 big=0] gbest=533.0 | EKR=2.79 EKV=2.13 EBANK=0.92 ADEC=1.67 TLD=1.27 KDIV=0.62 KVN=0.59 IGN=0.88 TGL=0.10 KV=0.78
  [rfly_replan t=26.7 big=0] gbest=533.0 | EKR=2.79 EKV=2.13 EBANK=0.92 ADEC=1.67 TLD=1.27 KDIV=0.62 KVN=0.59 IGN=0.88 TGL=0.10 KV=0.78
  [rfly_replan t=35.4 big=0] gbest=533.0 | EKR=2.79 EKV=2.13 EBANK=0.92 ADEC=1.67 TLD=1.27 KDIV=0.62 KVN=0.59 IGN=0.88 TGL=0.10 KV=0.78
  [rfly_replan t=45.4 big=0] gbest=530.2 | EKR=2.50 EKV=2.43 EBANK=1.13 ADEC=1.59 TLD=1.15 KDIV=0.64 KVN=0.60 IGN=0.81 TGL=0.16 KV=0.87
  [rfly_replan t=55.4 big=0] gbest=398.6 | EKR=2.44 EKV=2.04 EBANK=0.96 ADEC=1.53 TLD=1.14 KDIV=0.62 KVN=0.55 IGN=0.76 TGL=0.15 KV=0.62
  [rfly_replan t=65.4 big=0] gbest=398.6 | EKR=2.44 EKV=2.04 EBANK=0.96 ADEC=1.53 TLD=1.14 KDIV=0.62 KVN=0.55 IGN=0.76 TGL=0.15 KV=0.62
  [rfly_replan t=75.5 big=0] gbest=398.6 | EKR=2.44 EKV=2.04 EBANK=0.96 ADEC=1.53 TLD=1.14 KDIV=0.62 KVN=0.55 IGN=0.76 TGL=0.15 KV=0.62
  [rfly_replan t=85.5 big=0] gbest=398.6 | EKR=2.44 EKV=2.04 EBANK=0.96 ADEC=1.53 TLD=1.14 KDIV=0.62 KVN=0.55 IGN=0.76 TGL=0.15 KV=0.62
  [rfly_replan t=95.5 big=0] gbest=398.6 | EKR=2.44 EKV=2.04 EBANK=0.96 ADEC=1.53 TLD=1.14 KDIV=0.62 KVN=0.55 IGN=0.76 TGL=0.15 KV=0.62
  [rfly_replan t=105.5 big=0] gbest=398.6 | EKR=2.44 EKV=2.04 EBANK=0.96 ADEC=1.53 TLD=1.14 KDIV=0.62 KVN=0.55 IGN=0.76 TGL=0.15 KV=0.62
  [rfly_replan t=115.5 big=0] gbest=394.1 | EKR=2.59 EKV=2.05 EBANK=0.94 ADEC=1.51 TLD=1.15 KDIV=0.62 KVN=0.59 IGN=1.35 TGL=0.10 KV=0.72
  [rfly_replan t=125.6 big=0] gbest=372.9 | EKR=2.75 EKV=2.05 EBANK=1.10 ADEC=1.28 TLD=0.99 KDIV=0.78 KVN=0.56 IGN=1.40 TGL=0.31 KV=0.86
  [imu] reference LOST t=126.68 float=x gimbal rates o/m/i = -90/-0/0 deg/s (limit 90) MGA=4.6
  [rfly_replan t=135.6 big=0] gbest=372.9 | EKR=2.75 EKV=2.05 EBANK=1.10 ADEC=1.28 TLD=0.99 KDIV=0.78 KVN=0.56 IGN=1.40 TGL=0.31 KV=0.86
  [rfly_replan t=0.0 big=1] gbest=523.2 | EKR=1.78 EKV=1.44 EBANK=0.85 ADEC=1.56 TLD=1.05 KDIV=0.62 KVN=1.04 IGN=1.41 TGL=0.38 KV=1.89
  [rfly_replan t=10.0 big=0] gbest=424.5 | EKR=1.56 EKV=1.65 EBANK=0.74 ADEC=1.38 TLD=0.71 KDIV=0.50 KVN=0.98 IGN=1.56 TGL=0.24 KV=1.71
  [rfly_replan t=15.4 big=0] gbest=1050.8 | EKR=1.51 EKV=1.68 EBANK=0.77 ADEC=1.42 TLD=0.72 KDIV=0.48 KVN=0.95 IGN=1.27 TGL=0.28 KV=1.68
  [rfly_replan t=25.4 big=0] gbest=944.9 | EKR=1.48 EKV=1.54 EBANK=0.75 ADEC=1.41 TLD=0.71 KDIV=0.50 KVN=0.91 IGN=1.16 TGL=0.36 KV=1.71
  [rfly_replan t=29.2 big=0] gbest=873.3 | EKR=1.65 EKV=1.43 EBANK=0.96 ADEC=1.34 TLD=0.51 KDIV=0.55 KVN=1.00 IGN=1.17 TGL=0.24 KV=1.54
  [rfly_replan t=39.2 big=0] gbest=584.9 | EKR=1.67 EKV=1.13 EBANK=1.24 ADEC=1.48 TLD=0.49 KDIV=0.49 KVN=0.86 IGN=1.00 TGL=0.18 KV=1.75
  [rfly_replan t=49.2 big=0] gbest=525.0 | EKR=0.46 EKV=1.17 EBANK=1.45 ADEC=1.43 TLD=0.25 KDIV=0.57 KVN=0.84 IGN=1.14 TGL=0.04 KV=1.58
  [rfly_replan t=59.2 big=0] gbest=524.8 | EKR=0.91 EKV=1.47 EBANK=1.45 ADEC=1.55 TLD=0.25 KDIV=0.56 KVN=0.89 IGN=1.14 TGL=0.01 KV=1.72
  [rfly_replan t=69.2 big=0] gbest=430.9 | EKR=1.28 EKV=1.50 EBANK=1.46 ADEC=1.50 TLD=0.50 KDIV=0.50 KVN=0.88 IGN=0.94 TGL=0.21 KV=1.60
  [rfly_replan t=79.2 big=0] gbest=430.9 | EKR=1.28 EKV=1.50 EBANK=1.46 ADEC=1.50 TLD=0.50 KDIV=0.50 KVN=0.88 IGN=0.94 TGL=0.21 KV=1.60
  [rfly_replan t=89.3 big=0] gbest=430.9 | EKR=1.28 EKV=1.50 EBANK=1.46 ADEC=1.50 TLD=0.50 KDIV=0.50 KVN=0.88 IGN=0.94 TGL=0.21 KV=1.60
  [rfly_replan t=99.3 big=0] gbest=430.9 | EKR=1.28 EKV=1.50 EBANK=1.46 ADEC=1.50 TLD=0.50 KDIV=0.50 KVN=0.88 IGN=0.94 TGL=0.21 KV=1.60
  [rfly_replan t=109.3 big=0] gbest=378.2 | EKR=1.24 EKV=1.81 EBANK=1.45 ADEC=1.57 TLD=0.55 KDIV=0.46 KVN=0.75 IGN=0.96 TGL=0.16 KV=1.51
  [imu] reference LOST t=112.21 float=x gimbal rates o/m/i = -90/2/-1 deg/s (limit 90) MGA=-9.6
  [rfly_replan t=119.3 big=0] gbest=378.2 | EKR=1.24 EKV=1.81 EBANK=1.45 ADEC=1.57 TLD=0.55 KDIV=0.46 KVN=0.75 IGN=0.96 TGL=0.16 KV=1.51
  [rfly_replan t=0.0 big=1] gbest=756.4 | EKR=1.35 EKV=1.32 EBANK=1.42 ADEC=1.47 TLD=1.34 KDIV=0.40 KVN=0.54 IGN=1.30 TGL=0.42 KV=1.39
  [rfly_replan t=10.0 big=0] gbest=684.3 | EKR=0.99 EKV=0.97 EBANK=1.49 ADEC=1.26 TLD=1.22 KDIV=0.40 KVN=0.55 IGN=1.29 TGL=0.22 KV=1.43
  [rfly_replan t=10.0 big=0] gbest=8510.4 | EKR=0.85 EKV=1.16 EBANK=1.60 ADEC=1.13 TLD=1.23 KDIV=0.42 KVN=0.57 IGN=1.19 TGL=0.16 KV=1.35
  [rfly_replan t=20.0 big=0] gbest=1974.6 | EKR=0.87 EKV=1.42 EBANK=1.50 ADEC=1.11 TLD=1.26 KDIV=0.40 KVN=0.56 IGN=1.16 TGL=0.13 KV=1.25
  [rfly_replan t=30.1 big=0] gbest=1734.3 | EKR=0.68 EKV=1.41 EBANK=1.44 ADEC=1.31 TLD=1.07 KDIV=0.40 KVN=0.68 IGN=0.91 TGL=0.29 KV=1.32
  [rfly_replan t=34.1 big=0] gbest=1494.2 | EKR=0.84 EKV=1.89 EBANK=1.53 ADEC=1.38 TLD=1.00 KDIV=0.48 KVN=0.50 IGN=0.40 TGL=0.00 KV=1.12
  [rfly_replan t=44.1 big=0] gbest=1172.2 | EKR=0.61 EKV=2.15 EBANK=1.58 ADEC=1.31 TLD=0.82 KDIV=0.40 KVN=0.50 IGN=0.40 TGL=0.00 KV=1.28
  [rfly_replan t=54.1 big=0] gbest=1172.2 | EKR=0.61 EKV=2.15 EBANK=1.58 ADEC=1.31 TLD=0.82 KDIV=0.40 KVN=0.50 IGN=0.40 TGL=0.00 KV=1.28
  [rfly_replan t=64.1 big=0] gbest=1172.2 | EKR=0.61 EKV=2.15 EBANK=1.58 ADEC=1.31 TLD=0.82 KDIV=0.40 KVN=0.50 IGN=0.40 TGL=0.00 KV=1.28
  [rfly_replan t=74.2 big=0] gbest=668.0 | EKR=0.68 EKV=2.15 EBANK=1.39 ADEC=1.43 TLD=0.38 KDIV=0.41 KVN=0.50 IGN=0.74 TGL=0.21 KV=1.37
  [rfly_replan t=84.2 big=0] gbest=550.1 | EKR=0.38 EKV=2.19 EBANK=1.47 ADEC=1.55 TLD=0.39 KDIV=0.40 KVN=0.50 IGN=0.54 TGL=0.21 KV=1.38
  [rfly_replan t=94.2 big=0] gbest=550.1 | EKR=0.38 EKV=2.19 EBANK=1.47 ADEC=1.55 TLD=0.39 KDIV=0.40 KVN=0.50 IGN=0.54 TGL=0.21 KV=1.38
  [rfly_replan t=104.2 big=0] gbest=527.1 | EKR=0.57 EKV=1.75 EBANK=1.51 ADEC=1.40 TLD=0.31 KDIV=0.41 KVN=0.50 IGN=0.65 TGL=0.18 KV=1.27
  [rfly_replan t=114.2 big=0] gbest=527.1 | EKR=0.57 EKV=1.75 EBANK=1.51 ADEC=1.40 TLD=0.31 KDIV=0.41 KVN=0.50 IGN=0.65 TGL=0.18 KV=1.27
  [rfly_replan t=124.3 big=0] gbest=526.9 | EKR=0.30 EKV=1.80 EBANK=1.38 ADEC=1.23 TLD=0.35 KDIV=0.40 KVN=0.50 IGN=0.64 TGL=0.32 KV=1.25
  [rfly_replan t=0.0 big=1] gbest=286.1 | EKR=2.71 EKV=1.37 EBANK=1.16 ADEC=0.97 TLD=1.27 KDIV=0.45 KVN=0.87 IGN=0.40 TGL=0.00 KV=1.48
  [rfly_replan t=4.7 big=0] gbest=767.5 | EKR=2.44 EKV=1.66 EBANK=1.06 ADEC=1.18 TLD=1.32 KDIV=0.40 KVN=0.63 IGN=0.40 TGL=0.11 KV=1.41
  [rfly_replan t=14.7 big=0] gbest=678.2 | EKR=2.53 EKV=1.95 EBANK=1.04 ADEC=1.21 TLD=1.33 KDIV=0.40 KVN=0.71 IGN=0.40 TGL=0.04 KV=1.53
  [rfly_replan t=24.7 big=0] gbest=341.5 | EKR=2.75 EKV=1.69 EBANK=1.00 ADEC=1.20 TLD=1.21 KDIV=0.40 KVN=0.67 IGN=0.71 TGL=0.00 KV=1.39
  [rfly_replan t=33.1 big=0] gbest=341.5 | EKR=2.75 EKV=1.69 EBANK=1.00 ADEC=1.20 TLD=1.21 KDIV=0.40 KVN=0.67 IGN=0.71 TGL=0.00 KV=1.39
  [rfly_replan t=43.1 big=0] gbest=341.5 | EKR=2.75 EKV=1.69 EBANK=1.00 ADEC=1.20 TLD=1.21 KDIV=0.40 KVN=0.67 IGN=0.71 TGL=0.00 KV=1.39
  [rfly_replan t=53.1 big=0] gbest=341.5 | EKR=2.75 EKV=1.69 EBANK=1.00 ADEC=1.20 TLD=1.21 KDIV=0.40 KVN=0.67 IGN=0.71 TGL=0.00 KV=1.39
  [rfly_replan t=63.1 big=0] gbest=292.7 | EKR=2.77 EKV=1.78 EBANK=0.93 ADEC=1.23 TLD=1.21 KDIV=0.40 KVN=0.55 IGN=0.69 TGL=0.00 KV=1.35
  [rfly_replan t=73.2 big=0] gbest=292.7 | EKR=2.77 EKV=1.78 EBANK=0.93 ADEC=1.23 TLD=1.21 KDIV=0.40 KVN=0.55 IGN=0.69 TGL=0.00 KV=1.35
  [rfly_replan t=83.2 big=0] gbest=292.7 | EKR=2.77 EKV=1.78 EBANK=0.93 ADEC=1.23 TLD=1.21 KDIV=0.40 KVN=0.55 IGN=0.69 TGL=0.00 KV=1.35
  [rfly_replan t=93.2 big=0] gbest=265.2 | EKR=2.72 EKV=1.88 EBANK=0.88 ADEC=1.26 TLD=1.22 KDIV=0.40 KVN=0.58 IGN=0.59 TGL=0.06 KV=1.40
  [rfly_replan t=103.2 big=0] gbest=260.4 | EKR=3.11 EKV=1.64 EBANK=0.82 ADEC=1.47 TLD=1.72 KDIV=0.45 KVN=0.50 IGN=1.08 TGL=0.00 KV=1.02
  [rfly_replan t=0.0 big=1] gbest=437.7 | EKR=1.40 EKV=1.35 EBANK=0.60 ADEC=1.15 TLD=1.58 KDIV=0.52 KVN=0.62 IGN=1.36 TGL=0.00 KV=1.47
  [rfly_replan t=10.0 big=0] gbest=437.7 | EKR=1.40 EKV=1.35 EBANK=0.60 ADEC=1.15 TLD=1.58 KDIV=0.52 KVN=0.62 IGN=1.36 TGL=0.00 KV=1.47
  [rfly_replan t=13.3 big=0] gbest=4708.7 | EKR=1.42 EKV=1.27 EBANK=0.65 ADEC=1.34 TLD=1.74 KDIV=0.40 KVN=0.50 IGN=1.66 TGL=0.00 KV=1.49
  [rfly_replan t=23.3 big=0] gbest=1828.5 | EKR=1.21 EKV=1.64 EBANK=0.82 ADEC=1.43 TLD=1.65 KDIV=0.40 KVN=0.50 IGN=1.36 TGL=0.20 KV=1.40
  [rfly_replan t=29.3 big=0] gbest=1644.5 | EKR=1.25 EKV=2.00 EBANK=0.82 ADEC=1.56 TLD=1.55 KDIV=0.40 KVN=0.51 IGN=1.35 TGL=0.08 KV=1.37
  [rfly_replan t=39.3 big=0] gbest=1496.3 | EKR=1.47 EKV=1.84 EBANK=0.60 ADEC=1.48 TLD=1.64 KDIV=0.40 KVN=0.50 IGN=1.22 TGL=0.11 KV=1.55
  [rfly_replan t=49.3 big=0] gbest=1496.3 | EKR=1.47 EKV=1.84 EBANK=0.60 ADEC=1.48 TLD=1.64 KDIV=0.40 KVN=0.50 IGN=1.22 TGL=0.11 KV=1.55
  [rfly_replan t=59.3 big=0] gbest=411.2 | EKR=1.87 EKV=2.18 EBANK=0.60 ADEC=1.55 TLD=1.83 KDIV=0.58 KVN=0.50 IGN=1.40 TGL=0.00 KV=1.60
  [rfly_replan t=69.4 big=0] gbest=411.2 | EKR=1.87 EKV=2.18 EBANK=0.60 ADEC=1.55 TLD=1.83 KDIV=0.58 KVN=0.50 IGN=1.40 TGL=0.00 KV=1.60
  [rfly_replan t=79.4 big=0] gbest=411.2 | EKR=1.87 EKV=2.18 EBANK=0.60 ADEC=1.55 TLD=1.83 KDIV=0.58 KVN=0.50 IGN=1.40 TGL=0.00 KV=1.60
  [rfly_replan t=89.4 big=0] gbest=411.2 | EKR=1.87 EKV=2.18 EBANK=0.60 ADEC=1.55 TLD=1.83 KDIV=0.58 KVN=0.50 IGN=1.40 TGL=0.00 KV=1.60
  [rfly_replan t=99.4 big=0] gbest=411.2 | EKR=1.87 EKV=2.18 EBANK=0.60 ADEC=1.55 TLD=1.83 KDIV=0.58 KVN=0.50 IGN=1.40 TGL=0.00 KV=1.60
  [imu] reference LOST t=106.46 float=x gimbal rates o/m/i = -90/-6/6 deg/s (limit 90) MGA=-4.9
  [rfly_replan t=109.4 big=0] gbest=407.7 | EKR=1.66 EKV=1.73 EBANK=0.60 ADEC=1.41 TLD=1.66 KDIV=0.71 KVN=0.50 IGN=1.17 TGL=0.14 KV=1.41
  [rfly_replan t=0.0 big=1] gbest=569.6 | EKR=1.80 EKV=1.94 EBANK=1.15 ADEC=1.46 TLD=0.91 KDIV=0.51 KVN=0.50 IGN=0.98 TGL=0.07 KV=0.81
  [rfly_replan t=8.0 big=0] gbest=514.2 | EKR=1.49 EKV=1.85 EBANK=1.10 ADEC=1.37 TLD=1.01 KDIV=0.40 KVN=0.51 IGN=0.76 TGL=0.01 KV=1.14
  [rfly_replan t=18.0 big=0] gbest=506.3 | EKR=1.27 EKV=2.09 EBANK=0.91 ADEC=1.41 TLD=0.98 KDIV=0.41 KVN=0.57 IGN=0.68 TGL=0.00 KV=1.15
  [rfly_replan t=28.0 big=0] gbest=372.2 | EKR=1.21 EKV=1.57 EBANK=0.88 ADEC=1.51 TLD=0.95 KDIV=0.42 KVN=0.59 IGN=0.60 TGL=0.05 KV=1.26
  [rfly_replan t=33.9 big=0] gbest=251.6 | EKR=1.30 EKV=1.46 EBANK=0.79 ADEC=1.69 TLD=1.15 KDIV=0.40 KVN=0.68 IGN=0.82 TGL=0.21 KV=1.38
  [rfly_replan t=43.9 big=0] gbest=251.6 | EKR=1.30 EKV=1.46 EBANK=0.79 ADEC=1.69 TLD=1.15 KDIV=0.40 KVN=0.68 IGN=0.82 TGL=0.21 KV=1.38
  [rfly_replan t=53.9 big=0] gbest=183.2 | EKR=1.07 EKV=1.46 EBANK=0.62 ADEC=1.66 TLD=1.19 KDIV=0.40 KVN=0.50 IGN=0.73 TGL=0.15 KV=1.54
  [rfly_replan t=63.9 big=0] gbest=128.8 | EKR=1.13 EKV=1.78 EBANK=0.60 ADEC=1.69 TLD=1.17 KDIV=0.40 KVN=0.50 IGN=0.72 TGL=0.22 KV=1.65
  [rfly_replan t=73.9 big=0] gbest=128.8 | EKR=1.13 EKV=1.78 EBANK=0.60 ADEC=1.69 TLD=1.17 KDIV=0.40 KVN=0.50 IGN=0.72 TGL=0.22 KV=1.65
  [rfly_replan t=83.9 big=0] gbest=128.8 | EKR=1.13 EKV=1.78 EBANK=0.60 ADEC=1.69 TLD=1.17 KDIV=0.40 KVN=0.50 IGN=0.72 TGL=0.22 KV=1.65
  [rfly_replan t=93.9 big=0] gbest=128.8 | EKR=1.13 EKV=1.78 EBANK=0.60 ADEC=1.69 TLD=1.17 KDIV=0.40 KVN=0.50 IGN=0.72 TGL=0.22 KV=1.65
  [rfly_replan t=104.0 big=0] gbest=128.8 | EKR=1.13 EKV=1.78 EBANK=0.60 ADEC=1.69 TLD=1.17 KDIV=0.40 KVN=0.50 IGN=0.72 TGL=0.22 KV=1.65
  [rfly_replan t=114.0 big=0] gbest=128.8 | EKR=1.13 EKV=1.78 EBANK=0.60 ADEC=1.69 TLD=1.17 KDIV=0.40 KVN=0.50 IGN=0.72 TGL=0.22 KV=1.65
  [imu] reference LOST t=117.20 float=x gimbal rates o/m/i = -90/-5/2 deg/s (limit 90) MGA=2.9
  [rfly_replan t=124.0 big=0] gbest=128.8 | EKR=1.13 EKV=1.78 EBANK=0.60 ADEC=1.69 TLD=1.17 KDIV=0.40 KVN=0.50 IGN=0.72 TGL=0.22 KV=1.65
  [rfly_replan t=0.0 big=1] gbest=410.5 | EKR=1.86 EKV=0.98 EBANK=1.87 ADEC=0.82 TLD=1.50 KDIV=1.33 KVN=1.33 IGN=1.62 TGL=0.00 KV=1.50
  [rfly_replan t=10.0 big=0] gbest=410.5 | EKR=1.86 EKV=0.98 EBANK=1.87 ADEC=0.82 TLD=1.50 KDIV=1.33 KVN=1.33 IGN=1.62 TGL=0.00 KV=1.50
  [rfly_replan t=16.6 big=0] gbest=1021.1 | EKR=1.54 EKV=0.65 EBANK=1.62 ADEC=0.88 TLD=1.74 KDIV=1.48 KVN=1.41 IGN=1.24 TGL=0.00 KV=1.52
  [rfly_replan t=26.7 big=0] gbest=1021.1 | EKR=1.54 EKV=0.65 EBANK=1.62 ADEC=0.88 TLD=1.74 KDIV=1.48 KVN=1.41 IGN=1.24 TGL=0.00 KV=1.52
  [rfly_replan t=28.5 big=0] gbest=457.0 | EKR=1.65 EKV=0.64 EBANK=1.71 ADEC=0.88 TLD=1.93 KDIV=1.56 KVN=1.25 IGN=1.17 TGL=0.13 KV=1.79
  [rfly_replan t=38.5 big=0] gbest=457.0 | EKR=1.65 EKV=0.64 EBANK=1.71 ADEC=0.88 TLD=1.93 KDIV=1.56 KVN=1.25 IGN=1.17 TGL=0.13 KV=1.79
  [rfly_replan t=48.5 big=0] gbest=457.0 | EKR=1.65 EKV=0.64 EBANK=1.71 ADEC=0.88 TLD=1.93 KDIV=1.56 KVN=1.25 IGN=1.17 TGL=0.13 KV=1.79
  [rfly_replan t=58.5 big=0] gbest=457.0 | EKR=1.65 EKV=0.64 EBANK=1.71 ADEC=0.88 TLD=1.93 KDIV=1.56 KVN=1.25 IGN=1.17 TGL=0.13 KV=1.79
  [rfly_replan t=68.5 big=0] gbest=457.0 | EKR=1.65 EKV=0.64 EBANK=1.71 ADEC=0.88 TLD=1.93 KDIV=1.56 KVN=1.25 IGN=1.17 TGL=0.13 KV=1.79
  [rfly_replan t=78.5 big=0] gbest=433.2 | EKR=1.54 EKV=0.51 EBANK=1.69 ADEC=0.65 TLD=1.86 KDIV=1.42 KVN=1.19 IGN=0.85 TGL=0.09 KV=1.69
  [rfly_replan t=88.5 big=0] gbest=433.2 | EKR=1.54 EKV=0.51 EBANK=1.69 ADEC=0.65 TLD=1.86 KDIV=1.42 KVN=1.19 IGN=0.85 TGL=0.09 KV=1.69
  [rfly_replan t=98.5 big=0] gbest=252.9 | EKR=1.46 EKV=0.71 EBANK=1.61 ADEC=0.69 TLD=2.05 KDIV=1.48 KVN=1.14 IGN=1.17 TGL=0.00 KV=1.69
  [rfly_replan t=108.6 big=0] gbest=434.4 | EKR=1.62 EKV=0.73 EBANK=1.70 ADEC=0.68 TLD=2.51 KDIV=1.49 KVN=1.13 IGN=1.03 TGL=0.00 KV=1.56
  [imu] reference LOST t=114.20 float=x gimbal rates o/m/i = 90/0/10 deg/s (limit 90) MGA=9.2
  [rfly_replan t=118.6 big=0] gbest=434.4 | EKR=1.62 EKV=0.73 EBANK=1.70 ADEC=0.68 TLD=2.51 KDIV=1.49 KVN=1.13 IGN=1.03 TGL=0.00 KV=1.56
  [rfly_replan t=0.0 big=1] gbest=431.2 | EKR=1.57 EKV=1.61 EBANK=0.98 ADEC=1.25 TLD=0.80 KDIV=0.42 KVN=0.59 IGN=1.25 TGL=0.13 KV=2.13
  [rfly_replan t=10.0 big=0] gbest=407.5 | EKR=1.21 EKV=1.26 EBANK=1.06 ADEC=1.04 TLD=0.68 KDIV=0.41 KVN=0.60 IGN=1.24 TGL=0.00 KV=2.16
  [rfly_replan t=11.3 big=0] gbest=1033.8 | EKR=0.98 EKV=1.43 EBANK=0.93 ADEC=0.98 TLD=0.62 KDIV=0.40 KVN=0.56 IGN=1.15 TGL=0.11 KV=2.25
  [rfly_replan t=21.3 big=0] gbest=776.3 | EKR=0.72 EKV=1.30 EBANK=1.19 ADEC=1.02 TLD=0.61 KDIV=0.60 KVN=0.54 IGN=1.18 TGL=0.12 KV=2.25
  [rfly_replan t=29.7 big=0] gbest=776.3 | EKR=0.72 EKV=1.30 EBANK=1.19 ADEC=1.02 TLD=0.61 KDIV=0.60 KVN=0.54 IGN=1.18 TGL=0.12 KV=2.25
  [rfly_replan t=39.7 big=0] gbest=776.3 | EKR=0.72 EKV=1.30 EBANK=1.19 ADEC=1.02 TLD=0.61 KDIV=0.60 KVN=0.54 IGN=1.18 TGL=0.12 KV=2.25
  [rfly_replan t=49.7 big=0] gbest=776.3 | EKR=0.72 EKV=1.30 EBANK=1.19 ADEC=1.02 TLD=0.61 KDIV=0.60 KVN=0.54 IGN=1.18 TGL=0.12 KV=2.25
  [rfly_replan t=59.7 big=0] gbest=690.2 | EKR=0.69 EKV=1.03 EBANK=1.12 ADEC=0.97 TLD=0.63 KDIV=0.59 KVN=0.52 IGN=1.20 TGL=0.06 KV=2.02
  [rfly_replan t=69.7 big=0] gbest=690.2 | EKR=0.69 EKV=1.03 EBANK=1.12 ADEC=0.97 TLD=0.63 KDIV=0.59 KVN=0.52 IGN=1.20 TGL=0.06 KV=2.02
  [rfly_replan t=79.7 big=0] gbest=635.8 | EKR=0.76 EKV=1.05 EBANK=1.26 ADEC=0.83 TLD=0.47 KDIV=0.68 KVN=0.61 IGN=1.22 TGL=0.18 KV=2.12
  [rfly_replan t=89.7 big=0] gbest=592.8 | EKR=0.55 EKV=1.10 EBANK=1.24 ADEC=0.86 TLD=0.38 KDIV=0.62 KVN=0.63 IGN=1.30 TGL=0.23 KV=2.14
  [rfly_replan t=99.7 big=0] gbest=559.8 | EKR=0.40 EKV=0.82 EBANK=1.10 ADEC=1.02 TLD=0.51 KDIV=0.86 KVN=0.76 IGN=1.43 TGL=0.16 KV=2.19
  [rfly_replan t=109.8 big=0] gbest=559.8 | EKR=0.40 EKV=0.82 EBANK=1.10 ADEC=1.02 TLD=0.51 KDIV=0.86 KVN=0.76 IGN=1.43 TGL=0.16 KV=2.19
  [rfly_replan t=0.0 big=1] gbest=498.0 | EKR=0.90 EKV=0.48 EBANK=0.62 ADEC=0.93 TLD=0.37 KDIV=0.40 KVN=0.87 IGN=0.40 TGL=0.05 KV=1.27
  [rfly_replan t=5.9 big=0] gbest=849.8 | EKR=1.15 EKV=0.82 EBANK=0.64 ADEC=0.93 TLD=0.54 KDIV=0.40 KVN=0.73 IGN=0.40 TGL=0.00 KV=1.30
  [rfly_replan t=15.9 big=0] gbest=849.8 | EKR=1.15 EKV=0.82 EBANK=0.64 ADEC=0.93 TLD=0.54 KDIV=0.40 KVN=0.73 IGN=0.40 TGL=0.00 KV=1.30
  [rfly_replan t=26.0 big=0] gbest=780.5 | EKR=1.44 EKV=0.80 EBANK=0.60 ADEC=0.86 TLD=0.55 KDIV=0.40 KVN=0.57 IGN=0.44 TGL=0.00 KV=1.37
  [rfly_replan t=34.5 big=0] gbest=648.3 | EKR=1.17 EKV=1.04 EBANK=0.69 ADEC=0.74 TLD=0.36 KDIV=0.40 KVN=0.57 IGN=0.40 TGL=0.00 KV=1.78
  [rfly_replan t=44.5 big=0] gbest=579.7 | EKR=1.40 EKV=1.22 EBANK=0.96 ADEC=0.73 TLD=0.38 KDIV=0.40 KVN=0.58 IGN=0.41 TGL=0.07 KV=1.71
  [rfly_replan t=54.5 big=0] gbest=533.4 | EKR=1.44 EKV=1.29 EBANK=0.70 ADEC=0.70 TLD=0.33 KDIV=0.41 KVN=0.54 IGN=0.61 TGL=0.11 KV=1.88
  [rfly_replan t=64.5 big=0] gbest=533.4 | EKR=1.44 EKV=1.29 EBANK=0.70 ADEC=0.70 TLD=0.33 KDIV=0.41 KVN=0.54 IGN=0.61 TGL=0.11 KV=1.88
  [rfly_replan t=74.5 big=0] gbest=525.5 | EKR=1.53 EKV=1.20 EBANK=0.94 ADEC=0.70 TLD=0.25 KDIV=0.41 KVN=0.55 IGN=0.66 TGL=0.05 KV=1.90
  [rfly_replan t=84.5 big=0] gbest=525.5 | EKR=1.53 EKV=1.20 EBANK=0.94 ADEC=0.70 TLD=0.25 KDIV=0.41 KVN=0.55 IGN=0.66 TGL=0.05 KV=1.90
  [rfly_replan t=94.6 big=0] gbest=293.7 | EKR=1.67 EKV=1.34 EBANK=0.92 ADEC=0.75 TLD=0.40 KDIV=0.40 KVN=0.54 IGN=1.25 TGL=0.07 KV=1.60
  [rfly_replan t=104.6 big=0] gbest=258.8 | EKR=1.67 EKV=1.50 EBANK=0.86 ADEC=0.73 TLD=0.34 KDIV=0.40 KVN=0.76 IGN=1.35 TGL=0.02 KV=1.45
  [rfly_replan t=114.6 big=0] gbest=248.9 | EKR=1.87 EKV=1.72 EBANK=0.93 ADEC=0.83 TLD=0.25 KDIV=0.61 KVN=0.69 IGN=1.32 TGL=0.00 KV=1.43
  [imu] reference LOST t=116.85 float=x gimbal rates o/m/i = -90/-2/-3 deg/s (limit 90) MGA=8.7
  [rfly_replan t=124.6 big=0] gbest=248.9 | EKR=1.87 EKV=1.72 EBANK=0.93 ADEC=0.83 TLD=0.25 KDIV=0.61 KVN=0.69 IGN=1.32 TGL=0.00 KV=1.43
  [rfly_replan t=0.0 big=1] gbest=682.2 | EKR=1.63 EKV=1.57 EBANK=1.60 ADEC=1.17 TLD=0.85 KDIV=0.40 KVN=1.06 IGN=1.38 TGL=0.21 KV=1.88
  [rfly_replan t=10.0 big=0] gbest=480.9 | EKR=1.44 EKV=1.32 EBANK=1.73 ADEC=0.93 TLD=0.65 KDIV=0.40 KVN=1.07 IGN=1.38 TGL=0.07 KV=1.91
  [rfly_replan t=14.6 big=0] gbest=652.1 | EKR=1.40 EKV=0.97 EBANK=1.90 ADEC=0.93 TLD=0.44 KDIV=0.41 KVN=0.50 IGN=1.36 TGL=0.00 KV=1.97
  [rfly_replan t=24.6 big=0] gbest=383.1 | EKR=1.46 EKV=0.93 EBANK=1.82 ADEC=0.97 TLD=0.44 KDIV=0.40 KVN=0.50 IGN=1.41 TGL=0.01 KV=1.93
  [rfly_replan t=31.3 big=0] gbest=352.4 | EKR=1.85 EKV=0.85 EBANK=1.84 ADEC=1.12 TLD=0.30 KDIV=0.40 KVN=0.58 IGN=1.14 TGL=0.00 KV=2.01
  [rfly_replan t=41.3 big=0] gbest=307.5 | EKR=1.88 EKV=0.71 EBANK=2.06 ADEC=1.17 TLD=0.36 KDIV=0.40 KVN=0.59 IGN=0.95 TGL=0.15 KV=1.95
  [rfly_replan t=51.3 big=0] gbest=307.5 | EKR=1.88 EKV=0.71 EBANK=2.06 ADEC=1.17 TLD=0.36 KDIV=0.40 KVN=0.59 IGN=0.95 TGL=0.15 KV=1.95
  [rfly_replan t=61.3 big=0] gbest=307.5 | EKR=1.88 EKV=0.71 EBANK=2.06 ADEC=1.17 TLD=0.36 KDIV=0.40 KVN=0.59 IGN=0.95 TGL=0.15 KV=1.95
  [rfly_replan t=71.3 big=0] gbest=307.5 | EKR=1.88 EKV=0.71 EBANK=2.06 ADEC=1.17 TLD=0.36 KDIV=0.40 KVN=0.59 IGN=0.95 TGL=0.15 KV=1.95
  [rfly_replan t=81.3 big=0] gbest=263.3 | EKR=1.89 EKV=0.61 EBANK=1.94 ADEC=1.11 TLD=0.25 KDIV=0.40 KVN=0.54 IGN=0.99 TGL=0.13 KV=1.64
  [rfly_replan t=91.4 big=0] gbest=228.4 | EKR=1.74 EKV=0.57 EBANK=1.84 ADEC=1.12 TLD=0.25 KDIV=0.40 KVN=0.50 IGN=0.85 TGL=0.06 KV=1.69
  [rfly_replan t=101.4 big=0] gbest=228.4 | EKR=1.74 EKV=0.57 EBANK=1.84 ADEC=1.12 TLD=0.25 KDIV=0.40 KVN=0.50 IGN=0.85 TGL=0.06 KV=1.69
  [rfly_replan t=111.4 big=0] gbest=220.7 | EKR=2.05 EKV=0.54 EBANK=2.06 ADEC=1.11 TLD=0.25 KDIV=0.40 KVN=0.50 IGN=0.87 TGL=0.08 KV=1.68
  [rfly_replan t=121.4 big=0] gbest=215.0 | EKR=1.98 EKV=0.30 EBANK=2.10 ADEC=1.21 TLD=0.27 KDIV=0.40 KVN=0.50 IGN=0.74 TGL=0.03 KV=1.68
  [imu] reference LOST t=128.81 float=x gimbal rates o/m/i = -90/5/-2 deg/s (limit 90) MGA=-0.9
  [rfly_replan t=131.4 big=0] gbest=215.0 | EKR=1.78 EKV=0.31 EBANK=2.03 ADEC=1.22 TLD=0.25 KDIV=0.40 KVN=0.51 IGN=0.78 TGL=0.05 KV=1.58
  [rfly_replan t=0.0 big=1] gbest=534.8 | EKR=2.10 EKV=1.64 EBANK=1.49 ADEC=0.41 TLD=0.25 KDIV=0.54 KVN=0.82 IGN=1.51 TGL=0.00 KV=1.16
  [rfly_replan t=9.2 big=0] gbest=1075.8 | EKR=1.90 EKV=1.87 EBANK=1.31 ADEC=0.53 TLD=0.49 KDIV=0.40 KVN=0.90 IGN=1.24 TGL=0.16 KV=1.32
  [rfly_replan t=19.2 big=0] gbest=521.9 | EKR=2.13 EKV=1.86 EBANK=1.13 ADEC=0.78 TLD=0.36 KDIV=0.40 KVN=0.70 IGN=1.19 TGL=0.05 KV=1.07
  [rfly_replan t=29.3 big=0] gbest=521.9 | EKR=2.13 EKV=1.86 EBANK=1.13 ADEC=0.78 TLD=0.36 KDIV=0.40 KVN=0.70 IGN=1.19 TGL=0.05 KV=1.07
  [rfly_replan t=33.8 big=0] gbest=521.9 | EKR=2.13 EKV=1.86 EBANK=1.13 ADEC=0.78 TLD=0.36 KDIV=0.40 KVN=0.70 IGN=1.19 TGL=0.05 KV=1.07
  [rfly_replan t=43.8 big=0] gbest=505.7 | EKR=2.10 EKV=1.82 EBANK=1.30 ADEC=0.78 TLD=0.25 KDIV=0.41 KVN=0.80 IGN=1.15 TGL=0.06 KV=1.05
  [rfly_replan t=53.8 big=0] gbest=490.2 | EKR=2.10 EKV=1.76 EBANK=1.02 ADEC=0.81 TLD=0.25 KDIV=0.40 KVN=0.88 IGN=1.16 TGL=0.08 KV=1.05
  [rfly_replan t=63.8 big=0] gbest=490.2 | EKR=2.10 EKV=1.76 EBANK=1.02 ADEC=0.81 TLD=0.25 KDIV=0.40 KVN=0.88 IGN=1.16 TGL=0.08 KV=1.05
  [rfly_replan t=73.8 big=0] gbest=486.9 | EKR=2.23 EKV=1.92 EBANK=1.12 ADEC=0.69 TLD=0.25 KDIV=0.44 KVN=0.92 IGN=0.53 TGL=0.02 KV=0.96
  [rfly_replan t=83.8 big=0] gbest=468.8 | EKR=2.26 EKV=1.99 EBANK=0.90 ADEC=0.65 TLD=0.26 KDIV=0.44 KVN=0.97 IGN=0.86 TGL=0.00 KV=0.86
  [rfly_replan t=93.9 big=0] gbest=468.8 | EKR=2.26 EKV=1.99 EBANK=0.90 ADEC=0.65 TLD=0.26 KDIV=0.44 KVN=0.97 IGN=0.86 TGL=0.00 KV=0.86
  [rfly_replan t=103.9 big=0] gbest=468.8 | EKR=2.26 EKV=1.99 EBANK=0.90 ADEC=0.65 TLD=0.26 KDIV=0.44 KVN=0.97 IGN=0.86 TGL=0.00 KV=0.86
  [rfly_replan t=113.9 big=0] gbest=417.6 | EKR=1.90 EKV=1.52 EBANK=0.90 ADEC=0.75 TLD=0.27 KDIV=0.47 KVN=0.95 IGN=1.15 TGL=0.01 KV=0.79
  [imu] reference LOST t=117.07 float=x gimbal rates o/m/i = -90/3/-1 deg/s (limit 90) MGA=3.3
  [rfly_replan t=123.9 big=0] gbest=417.6 | EKR=1.90 EKV=1.52 EBANK=0.90 ADEC=0.75 TLD=0.27 KDIV=0.47 KVN=0.95 IGN=1.15 TGL=0.01 KV=0.79
  [rfly_replan t=0.0 big=1] gbest=337.4 | EKR=1.85 EKV=1.66 EBANK=1.48 ADEC=1.72 TLD=1.06 KDIV=0.59 KVN=0.77 IGN=2.27 TGL=0.25 KV=1.45
  [rfly_replan t=10.0 big=0] gbest=337.4 | EKR=1.85 EKV=1.66 EBANK=1.48 ADEC=1.72 TLD=1.06 KDIV=0.59 KVN=0.77 IGN=2.27 TGL=0.25 KV=1.45
  [rfly_replan t=17.9 big=0] gbest=1997.9 | EKR=2.07 EKV=1.61 EBANK=1.55 ADEC=1.78 TLD=1.37 KDIV=0.50 KVN=0.53 IGN=1.95 TGL=0.04 KV=1.17
  [rfly_replan t=27.9 big=0] gbest=832.7 | EKR=2.10 EKV=1.63 EBANK=1.26 ADEC=1.63 TLD=1.38 KDIV=0.44 KVN=0.75 IGN=1.87 TGL=0.00 KV=1.28
  [rfly_replan t=29.5 big=0] gbest=467.6 | EKR=2.47 EKV=1.86 EBANK=1.31 ADEC=1.50 TLD=1.38 KDIV=0.41 KVN=0.56 IGN=1.63 TGL=0.01 KV=1.36
  [rfly_replan t=39.5 big=0] gbest=363.7 | EKR=2.69 EKV=1.62 EBANK=1.06 ADEC=1.52 TLD=1.38 KDIV=0.40 KVN=0.50 IGN=1.45 TGL=0.21 KV=1.31
  [rfly_replan t=49.5 big=0] gbest=363.7 | EKR=2.69 EKV=1.62 EBANK=1.06 ADEC=1.52 TLD=1.38 KDIV=0.40 KVN=0.50 IGN=1.45 TGL=0.21 KV=1.31
  [rfly_replan t=59.5 big=0] gbest=363.7 | EKR=2.69 EKV=1.62 EBANK=1.06 ADEC=1.52 TLD=1.38 KDIV=0.40 KVN=0.50 IGN=1.45 TGL=0.21 KV=1.31
  [rfly_replan t=69.6 big=0] gbest=363.7 | EKR=2.69 EKV=1.62 EBANK=1.06 ADEC=1.52 TLD=1.38 KDIV=0.40 KVN=0.50 IGN=1.45 TGL=0.21 KV=1.31
  [rfly_replan t=79.6 big=0] gbest=363.7 | EKR=2.69 EKV=1.62 EBANK=1.06 ADEC=1.52 TLD=1.38 KDIV=0.40 KVN=0.50 IGN=1.45 TGL=0.21 KV=1.31
  [rfly_replan t=89.6 big=0] gbest=363.7 | EKR=2.69 EKV=1.62 EBANK=1.06 ADEC=1.52 TLD=1.38 KDIV=0.40 KVN=0.50 IGN=1.45 TGL=0.21 KV=1.31
  [rfly_replan t=99.6 big=0] gbest=363.7 | EKR=2.69 EKV=1.62 EBANK=1.06 ADEC=1.52 TLD=1.38 KDIV=0.40 KVN=0.50 IGN=1.45 TGL=0.21 KV=1.31
  [rfly_replan t=109.6 big=0] gbest=363.7 | EKR=2.69 EKV=1.62 EBANK=1.06 ADEC=1.52 TLD=1.38 KDIV=0.40 KVN=0.50 IGN=1.45 TGL=0.21 KV=1.31
  [rfly_replan t=119.7 big=0] gbest=363.7 | EKR=2.69 EKV=1.62 EBANK=1.06 ADEC=1.52 TLD=1.38 KDIV=0.40 KVN=0.50 IGN=1.45 TGL=0.21 KV=1.31
  [imu] reference LOST t=121.18 float=x gimbal rates o/m/i = -90/-1/-3 deg/s (limit 90) MGA=-6.9
  [rfly_replan t=129.7 big=0] gbest=363.7 | EKR=2.69 EKV=1.62 EBANK=1.06 ADEC=1.52 TLD=1.38 KDIV=0.40 KVN=0.50 IGN=1.45 TGL=0.21 KV=1.31
  [rfly_replan t=0.0 big=1] gbest=479.6 | EKR=1.57 EKV=1.75 EBANK=1.04 ADEC=0.54 TLD=0.45 KDIV=0.55 KVN=1.10 IGN=1.27 TGL=0.13 KV=0.54
  [rfly_replan t=10.0 big=0] gbest=479.6 | EKR=1.57 EKV=1.75 EBANK=1.04 ADEC=0.54 TLD=0.45 KDIV=0.55 KVN=1.10 IGN=1.27 TGL=0.13 KV=0.54
  [rfly_replan t=12.5 big=0] gbest=1831.9 | EKR=1.65 EKV=1.65 EBANK=0.90 ADEC=0.40 TLD=0.25 KDIV=0.62 KVN=1.01 IGN=1.63 TGL=0.21 KV=0.68
  [rfly_replan t=22.6 big=0] gbest=1462.3 | EKR=1.73 EKV=1.38 EBANK=0.90 ADEC=0.40 TLD=0.26 KDIV=0.49 KVN=1.02 IGN=1.45 TGL=0.18 KV=0.86
  [rfly_replan t=32.3 big=0] gbest=1011.4 | EKR=1.93 EKV=1.41 EBANK=0.86 ADEC=0.40 TLD=0.25 KDIV=0.77 KVN=0.90 IGN=1.50 TGL=0.34 KV=1.04
  [rfly_replan t=42.3 big=0] gbest=440.1 | EKR=1.98 EKV=1.68 EBANK=1.20 ADEC=0.40 TLD=0.37 KDIV=0.84 KVN=1.06 IGN=1.73 TGL=0.22 KV=1.14
  [rfly_replan t=52.3 big=0] gbest=440.1 | EKR=1.98 EKV=1.68 EBANK=1.20 ADEC=0.40 TLD=0.37 KDIV=0.84 KVN=1.06 IGN=1.73 TGL=0.22 KV=1.14
  [rfly_replan t=62.3 big=0] gbest=440.1 | EKR=1.98 EKV=1.68 EBANK=1.20 ADEC=0.40 TLD=0.37 KDIV=0.84 KVN=1.06 IGN=1.73 TGL=0.22 KV=1.14
  [rfly_replan t=72.3 big=0] gbest=392.0 | EKR=1.69 EKV=1.72 EBANK=1.18 ADEC=0.40 TLD=0.77 KDIV=0.78 KVN=1.04 IGN=1.83 TGL=0.21 KV=1.08
  [rfly_replan t=82.3 big=0] gbest=320.8 | EKR=2.06 EKV=2.28 EBANK=1.16 ADEC=0.41 TLD=0.74 KDIV=0.82 KVN=1.06 IGN=2.04 TGL=0.20 KV=1.47
  [rfly_replan t=92.3 big=0] gbest=267.6 | EKR=1.99 EKV=1.82 EBANK=1.09 ADEC=0.40 TLD=0.74 KDIV=0.93 KVN=1.23 IGN=1.94 TGL=0.23 KV=1.49
  [rfly_replan t=102.4 big=0] gbest=247.5 | EKR=1.84 EKV=1.92 EBANK=1.07 ADEC=0.41 TLD=0.60 KDIV=0.97 KVN=1.04 IGN=1.94 TGL=0.44 KV=1.42
  [rfly_replan t=112.4 big=0] gbest=247.5 | EKR=1.84 EKV=1.92 EBANK=1.07 ADEC=0.41 TLD=0.60 KDIV=0.97 KVN=1.04 IGN=1.94 TGL=0.44 KV=1.42
  [imu] reference LOST t=118.09 float=x gimbal rates o/m/i = -90/0/1 deg/s (limit 90) MGA=-2.4
  [rfly_replan t=122.4 big=0] gbest=247.5 | EKR=1.84 EKV=1.92 EBANK=1.07 ADEC=0.41 TLD=0.60 KDIV=0.97 KVN=1.04 IGN=1.94 TGL=0.44 KV=1.42
  [rfly_replan t=0.0 big=1] gbest=388.5 | EKR=1.17 EKV=0.84 EBANK=1.52 ADEC=0.71 TLD=0.28 KDIV=1.01 KVN=1.16 IGN=1.36 TGL=0.34 KV=1.01
  [rfly_replan t=7.2 big=0] gbest=488.5 | EKR=1.26 EKV=1.09 EBANK=1.69 ADEC=0.44 TLD=0.25 KDIV=1.02 KVN=1.19 IGN=1.12 TGL=0.34 KV=1.00
  [rfly_replan t=17.2 big=0] gbest=488.5 | EKR=1.26 EKV=1.09 EBANK=1.69 ADEC=0.44 TLD=0.25 KDIV=1.02 KVN=1.19 IGN=1.12 TGL=0.34 KV=1.00
  [rfly_replan t=27.2 big=0] gbest=488.5 | EKR=1.26 EKV=1.09 EBANK=1.69 ADEC=0.44 TLD=0.25 KDIV=1.02 KVN=1.19 IGN=1.12 TGL=0.34 KV=1.00
  [rfly_replan t=32.9 big=0] gbest=488.5 | EKR=1.26 EKV=1.09 EBANK=1.69 ADEC=0.44 TLD=0.25 KDIV=1.02 KVN=1.19 IGN=1.12 TGL=0.34 KV=1.00
  [rfly_replan t=42.9 big=0] gbest=488.5 | EKR=1.26 EKV=1.09 EBANK=1.69 ADEC=0.44 TLD=0.25 KDIV=1.02 KVN=1.19 IGN=1.12 TGL=0.34 KV=1.00
  [rfly_replan t=52.9 big=0] gbest=488.5 | EKR=1.26 EKV=1.09 EBANK=1.69 ADEC=0.44 TLD=0.25 KDIV=1.02 KVN=1.19 IGN=1.12 TGL=0.34 KV=1.00
  [rfly_replan t=62.9 big=0] gbest=488.5 | EKR=1.26 EKV=1.09 EBANK=1.69 ADEC=0.44 TLD=0.25 KDIV=1.02 KVN=1.19 IGN=1.12 TGL=0.34 KV=1.00
  [rfly_replan t=72.9 big=0] gbest=488.5 | EKR=1.26 EKV=1.09 EBANK=1.69 ADEC=0.44 TLD=0.25 KDIV=1.02 KVN=1.19 IGN=1.12 TGL=0.34 KV=1.00
  [rfly_replan t=83.0 big=0] gbest=488.5 | EKR=1.26 EKV=1.09 EBANK=1.69 ADEC=0.44 TLD=0.25 KDIV=1.02 KVN=1.19 IGN=1.12 TGL=0.34 KV=1.00
  [rfly_replan t=93.0 big=0] gbest=316.5 | EKR=1.58 EKV=0.84 EBANK=1.48 ADEC=0.40 TLD=0.29 KDIV=0.93 KVN=1.33 IGN=1.39 TGL=0.05 KV=0.93
  [rfly_replan t=103.0 big=0] gbest=314.1 | EKR=1.81 EKV=1.15 EBANK=1.57 ADEC=0.40 TLD=0.43 KDIV=1.00 KVN=1.20 IGN=1.55 TGL=0.00 KV=0.75
  [imu] reference LOST t=106.81 float=x gimbal rates o/m/i = -90/6/4 deg/s (limit 90) MGA=5.9
  [rfly_replan t=113.0 big=0] gbest=314.1 | EKR=1.81 EKV=1.15 EBANK=1.57 ADEC=0.40 TLD=0.43 KDIV=1.00 KVN=1.20 IGN=1.55 TGL=0.00 KV=0.75
  [rfly_replan t=0.0 big=1] gbest=304.6 | EKR=1.43 EKV=1.89 EBANK=1.16 ADEC=1.62 TLD=0.77 KDIV=0.40 KVN=0.87 IGN=1.33 TGL=0.00 KV=0.78
  [rfly_replan t=10.0 big=0] gbest=304.6 | EKR=1.43 EKV=1.89 EBANK=1.16 ADEC=1.62 TLD=0.77 KDIV=0.40 KVN=0.87 IGN=1.33 TGL=0.00 KV=0.78
  [rfly_replan t=15.9 big=0] gbest=6905.1 | EKR=1.94 EKV=1.77 EBANK=1.50 ADEC=1.82 TLD=1.31 KDIV=0.55 KVN=0.99 IGN=1.34 TGL=0.00 KV=1.04
  [rfly_replan t=25.9 big=0] gbest=1116.1 | EKR=2.02 EKV=1.92 EBANK=1.77 ADEC=1.80 TLD=1.59 KDIV=0.51 KVN=0.88 IGN=0.97 TGL=0.02 KV=1.05
  [rfly_replan t=30.5 big=0] gbest=826.2 | EKR=2.00 EKV=1.85 EBANK=1.95 ADEC=1.79 TLD=1.92 KDIV=0.58 KVN=0.85 IGN=1.02 TGL=0.04 KV=1.24
  [rfly_replan t=40.5 big=0] gbest=396.3 | EKR=2.19 EKV=1.98 EBANK=1.91 ADEC=1.84 TLD=1.98 KDIV=0.60 KVN=0.91 IGN=1.10 TGL=0.02 KV=1.46
  [rfly_replan t=50.5 big=0] gbest=396.3 | EKR=2.19 EKV=1.98 EBANK=1.91 ADEC=1.84 TLD=1.98 KDIV=0.60 KVN=0.91 IGN=1.10 TGL=0.02 KV=1.46
  [rfly_replan t=60.5 big=0] gbest=396.3 | EKR=2.19 EKV=1.98 EBANK=1.91 ADEC=1.84 TLD=1.98 KDIV=0.60 KVN=0.91 IGN=1.10 TGL=0.02 KV=1.46
  [rfly_replan t=70.6 big=0] gbest=396.3 | EKR=2.19 EKV=1.98 EBANK=1.91 ADEC=1.84 TLD=1.98 KDIV=0.60 KVN=0.91 IGN=1.10 TGL=0.02 KV=1.46
  [rfly_replan t=80.6 big=0] gbest=396.3 | EKR=2.19 EKV=1.98 EBANK=1.91 ADEC=1.84 TLD=1.98 KDIV=0.60 KVN=0.91 IGN=1.10 TGL=0.02 KV=1.46
  [rfly_replan t=90.6 big=0] gbest=396.3 | EKR=2.19 EKV=1.98 EBANK=1.91 ADEC=1.84 TLD=1.98 KDIV=0.60 KVN=0.91 IGN=1.10 TGL=0.02 KV=1.46
  [rfly_replan t=100.6 big=0] gbest=396.3 | EKR=2.19 EKV=1.98 EBANK=1.91 ADEC=1.84 TLD=1.98 KDIV=0.60 KVN=0.91 IGN=1.10 TGL=0.02 KV=1.46
  [rfly_replan t=110.6 big=0] gbest=396.3 | EKR=2.19 EKV=1.98 EBANK=1.91 ADEC=1.84 TLD=1.98 KDIV=0.60 KVN=0.91 IGN=1.10 TGL=0.02 KV=1.46
  [rfly_replan t=120.7 big=0] gbest=297.8 | EKR=2.13 EKV=1.99 EBANK=2.02 ADEC=1.94 TLD=1.79 KDIV=0.45 KVN=0.80 IGN=1.36 TGL=0.08 KV=1.33
  [imu] reference LOST t=122.64 float=x gimbal rates o/m/i = -90/-9/-6 deg/s (limit 90) MGA=5.0
  [rfly_replan t=130.7 big=0] gbest=297.8 | EKR=2.13 EKV=1.99 EBANK=2.02 ADEC=1.94 TLD=1.79 KDIV=0.45 KVN=0.80 IGN=1.36 TGL=0.08 KV=1.33
  [rfly_replan t=0.0 big=1] gbest=526.5 | EKR=1.58 EKV=1.40 EBANK=0.89 ADEC=0.62 TLD=0.84 KDIV=1.22 KVN=0.52 IGN=0.81 TGL=0.00 KV=1.41
  [rfly_replan t=10.0 big=0] gbest=526.5 | EKR=1.58 EKV=1.40 EBANK=0.89 ADEC=0.62 TLD=0.84 KDIV=1.22 KVN=0.52 IGN=0.81 TGL=0.00 KV=1.41
  [rfly_replan t=10.5 big=0] gbest=839.5 | EKR=1.38 EKV=1.64 EBANK=0.82 ADEC=0.61 TLD=1.06 KDIV=1.28 KVN=0.51 IGN=1.10 TGL=0.01 KV=1.40
  [rfly_replan t=20.5 big=0] gbest=839.5 | EKR=1.38 EKV=1.64 EBANK=0.82 ADEC=0.61 TLD=1.06 KDIV=1.28 KVN=0.51 IGN=1.10 TGL=0.01 KV=1.40
  [rfly_replan t=30.5 big=0] gbest=839.5 | EKR=1.38 EKV=1.64 EBANK=0.82 ADEC=0.61 TLD=1.06 KDIV=1.28 KVN=0.51 IGN=1.10 TGL=0.01 KV=1.40
  [rfly_replan t=31.7 big=0] gbest=839.5 | EKR=1.38 EKV=1.64 EBANK=0.82 ADEC=0.61 TLD=1.06 KDIV=1.28 KVN=0.51 IGN=1.10 TGL=0.01 KV=1.40
  [rfly_replan t=41.7 big=0] gbest=823.7 | EKR=1.75 EKV=1.42 EBANK=0.60 ADEC=0.72 TLD=1.12 KDIV=1.16 KVN=0.50 IGN=0.70 TGL=0.00 KV=1.34
  [rfly_replan t=51.7 big=0] gbest=823.7 | EKR=1.75 EKV=1.42 EBANK=0.60 ADEC=0.72 TLD=1.12 KDIV=1.16 KVN=0.50 IGN=0.70 TGL=0.00 KV=1.34
  [rfly_replan t=61.7 big=0] gbest=665.4 | EKR=2.16 EKV=1.46 EBANK=0.73 ADEC=0.77 TLD=1.26 KDIV=1.15 KVN=0.51 IGN=0.74 TGL=0.15 KV=1.40
  [rfly_replan t=71.7 big=0] gbest=545.4 | EKR=2.02 EKV=1.44 EBANK=0.60 ADEC=0.73 TLD=1.13 KDIV=1.09 KVN=0.50 IGN=0.96 TGL=0.08 KV=1.50
  [rfly_replan t=81.7 big=0] gbest=545.4 | EKR=2.02 EKV=1.44 EBANK=0.60 ADEC=0.73 TLD=1.13 KDIV=1.09 KVN=0.50 IGN=0.96 TGL=0.08 KV=1.50
  [rfly_replan t=91.7 big=0] gbest=443.8 | EKR=1.72 EKV=1.68 EBANK=0.60 ADEC=0.57 TLD=0.87 KDIV=0.93 KVN=0.58 IGN=0.74 TGL=0.27 KV=1.39
  [rfly_replan t=101.7 big=0] gbest=347.2 | EKR=0.91 EKV=2.04 EBANK=0.71 ADEC=0.43 TLD=0.25 KDIV=0.94 KVN=0.68 IGN=0.62 TGL=0.22 KV=1.57
  [imu] reference LOST t=106.75 float=x gimbal rates o/m/i = 90/1/-3 deg/s (limit 90) MGA=-2.8
  [rfly_replan t=111.8 big=0] gbest=347.2 | EKR=0.91 EKV=2.04 EBANK=0.71 ADEC=0.43 TLD=0.25 KDIV=0.94 KVN=0.68 IGN=0.62 TGL=0.22 KV=1.57
  [rfly_replan t=0.0 big=1] gbest=586.9 | EKR=0.52 EKV=0.57 EBANK=1.34 ADEC=1.61 TLD=1.35 KDIV=0.40 KVN=0.65 IGN=1.31 TGL=0.42 KV=1.38
  [rfly_replan t=5.2 big=0] gbest=539.3 | EKR=0.51 EKV=0.81 EBANK=1.38 ADEC=1.60 TLD=1.36 KDIV=0.40 KVN=0.59 IGN=1.33 TGL=0.52 KV=1.45
  [rfly_replan t=15.2 big=0] gbest=502.4 | EKR=0.43 EKV=0.69 EBANK=1.69 ADEC=1.54 TLD=1.35 KDIV=0.41 KVN=0.60 IGN=1.28 TGL=0.55 KV=1.53
  [rfly_replan t=25.2 big=0] gbest=490.0 | EKR=0.39 EKV=0.66 EBANK=1.42 ADEC=1.42 TLD=1.22 KDIV=0.40 KVN=0.58 IGN=1.40 TGL=0.64 KV=1.57
  [rfly_replan t=34.5 big=0] gbest=397.9 | EKR=0.30 EKV=0.41 EBANK=1.28 ADEC=1.47 TLD=0.93 KDIV=0.40 KVN=0.50 IGN=1.08 TGL=0.59 KV=1.63
  [rfly_replan t=44.5 big=0] gbest=369.8 | EKR=0.30 EKV=0.49 EBANK=1.32 ADEC=1.49 TLD=0.92 KDIV=0.40 KVN=0.51 IGN=1.14 TGL=0.65 KV=1.60
  [rfly_replan t=54.5 big=0] gbest=295.7 | EKR=0.31 EKV=0.30 EBANK=1.18 ADEC=1.55 TLD=1.14 KDIV=0.40 KVN=0.50 IGN=0.80 TGL=0.62 KV=1.65
  [rfly_replan t=64.5 big=0] gbest=249.4 | EKR=0.32 EKV=0.30 EBANK=1.23 ADEC=1.55 TLD=1.12 KDIV=0.41 KVN=0.50 IGN=0.97 TGL=0.63 KV=1.71
  [rfly_replan t=74.6 big=0] gbest=249.4 | EKR=0.32 EKV=0.30 EBANK=1.23 ADEC=1.55 TLD=1.12 KDIV=0.41 KVN=0.50 IGN=0.97 TGL=0.63 KV=1.71
  [rfly_replan t=84.6 big=0] gbest=249.4 | EKR=0.32 EKV=0.30 EBANK=1.23 ADEC=1.55 TLD=1.12 KDIV=0.41 KVN=0.50 IGN=0.97 TGL=0.63 KV=1.71
  [rfly_replan t=94.6 big=0] gbest=243.7 | EKR=0.39 EKV=0.80 EBANK=1.23 ADEC=1.61 TLD=1.03 KDIV=0.41 KVN=0.50 IGN=0.97 TGL=0.77 KV=1.35
  [rfly_replan t=104.6 big=0] gbest=243.7 | EKR=0.39 EKV=0.80 EBANK=1.23 ADEC=1.61 TLD=1.03 KDIV=0.41 KVN=0.50 IGN=0.97 TGL=0.77 KV=1.35
  [rfly_replan t=114.6 big=0] gbest=158.0 | EKR=0.40 EKV=0.96 EBANK=1.29 ADEC=2.01 TLD=1.07 KDIV=0.40 KVN=0.50 IGN=1.31 TGL=0.54 KV=1.34
  [imu] reference LOST t=117.16 float=x gimbal rates o/m/i = -90/-2/-1 deg/s (limit 90) MGA=-0.5
  [rfly_replan t=124.7 big=0] gbest=158.0 | EKR=0.40 EKV=0.96 EBANK=1.29 ADEC=2.01 TLD=1.07 KDIV=0.40 KVN=0.50 IGN=1.31 TGL=0.54 KV=1.34
